image,expected,variant,model,preprocess,predicted,confidence,correct,detections,inference_ms
other_rics/IMG20220601164856.jpg,other,other_rics,yolov8,baseline,none,0.0,True,[],59.11
other_rics/IMG20220601164856.jpg,other,other_rics,ric1-v5,baseline,none,0.0,True,[],43.2
other_rics/IMG20220601164856.jpg,other,other_rics,ric5-v1,baseline,none,0.0,True,[],43.37
other_rics/IMG20220601164856.jpg,other,other_rics,ric1-ric5-v6,baseline,none,0.0,True,[],39.68
other_rics/IMG20220601164856.jpg,other,other_rics,yolov8,clahe,cat,0.2581,True,"[{""label"": ""cat"", ""confidence"": 0.2581336498260498, ""bbox"": [40, 37, 351, 276]}]",43.16
other_rics/IMG20220601164856.jpg,other,other_rics,ric1-v5,clahe,none,0.0,True,[],41.52
other_rics/IMG20220601164856.jpg,other,other_rics,ric5-v1,clahe,none,0.0,True,[],40.39
other_rics/IMG20220601164856.jpg,other,other_rics,ric1-ric5-v6,clahe,none,0.0,True,[],40.54
other_rics/IMG20220601164856.jpg,other,other_rics,yolov8,canny,none,0.0,True,[],44.16
other_rics/IMG20220601164856.jpg,other,other_rics,ric1-v5,canny,none,0.0,True,[],41.52
other_rics/IMG20220601164856.jpg,other,other_rics,ric5-v1,canny,none,0.0,True,[],40.81
other_rics/IMG20220601164856.jpg,other,other_rics,ric1-ric5-v6,canny,none,0.0,True,[],41.05
other_rics/IMG20220601164856.jpg,other,other_rics,yolov8,clahe_canny,none,0.0,True,[],43.08
other_rics/IMG20220601164856.jpg,other,other_rics,ric1-v5,clahe_canny,none,0.0,True,[],40.48
other_rics/IMG20220601164856.jpg,other,other_rics,ric5-v1,clahe_canny,pp5,0.5183,False,"[{""label"": ""pp5"", ""confidence"": 0.5183393359184265, ""bbox"": [251, 0, 340, 55]}]",40.64
other_rics/IMG20220601164856.jpg,other,other_rics,ric1-ric5-v6,clahe_canny,none,0.0,True,[],41.06
other_rics/IMG20220602103227.jpg,other,other_rics,yolov8,baseline,person,0.6182,True,"[{""label"": ""person"", ""confidence"": 0.6181836128234863, ""bbox"": [44, 182, 205, 386]}, {""label"": ""person"", ""confidence"": 0.2858401834964752, ""bbox"": [205, 151, 386, 348]}]",42.3
other_rics/IMG20220602103227.jpg,other,other_rics,ric1-v5,baseline,none,0.0,True,[],40.51
other_rics/IMG20220602103227.jpg,other,other_rics,ric5-v1,baseline,none,0.0,True,[],41.67
other_rics/IMG20220602103227.jpg,other,other_rics,ric1-ric5-v6,baseline,none,0.0,True,[],40.5
other_rics/IMG20220602103227.jpg,other,other_rics,yolov8,clahe,none,0.0,True,[],43.7
other_rics/IMG20220602103227.jpg,other,other_rics,ric1-v5,clahe,pet1,0.3821,False,"[{""label"": ""pet1"", ""confidence"": 0.38211286067962646, ""bbox"": [265, 8, 291, 38]}]",42.57
other_rics/IMG20220602103227.jpg,other,other_rics,ric5-v1,clahe,none,0.0,True,[],48.31
other_rics/IMG20220602103227.jpg,other,other_rics,ric1-ric5-v6,clahe,none,0.0,True,[],43.1
other_rics/IMG20220602103227.jpg,other,other_rics,yolov8,canny,none,0.0,True,[],47.48
other_rics/IMG20220602103227.jpg,other,other_rics,ric1-v5,canny,none,0.0,True,[],47.01
other_rics/IMG20220602103227.jpg,other,other_rics,ric5-v1,canny,none,0.0,True,[],42.04
other_rics/IMG20220602103227.jpg,other,other_rics,ric1-ric5-v6,canny,none,0.0,True,[],41.44
other_rics/IMG20220602103227.jpg,other,other_rics,yolov8,clahe_canny,none,0.0,True,[],42.66
other_rics/IMG20220602103227.jpg,other,other_rics,ric1-v5,clahe_canny,pet1,0.4906,False,"[{""label"": ""pet1"", ""confidence"": 0.49059170484542847, ""bbox"": [216, 183, 298, 273]}]",41.11
other_rics/IMG20220602103227.jpg,other,other_rics,ric5-v1,clahe_canny,pp5,0.4472,False,"[{""label"": ""pp5"", ""confidence"": 0.4471805989742279, ""bbox"": [177, 4, 257, 77]}, {""label"": ""pp5"", ""confidence"": 0.3002433478832245, ""bbox"": [168, 190, 240, 266]}]",41.09
other_rics/IMG20220602103227.jpg,other,other_rics,ric1-ric5-v6,clahe_canny,none,0.0,True,[],41.04
other_rics/IMG20220602110632.jpg,other,other_rics,yolov8,baseline,none,0.0,True,[],44.45
other_rics/IMG20220602110632.jpg,other,other_rics,ric1-v5,baseline,none,0.0,True,[],41.11
other_rics/IMG20220602110632.jpg,other,other_rics,ric5-v1,baseline,none,0.0,True,[],41.3
other_rics/IMG20220602110632.jpg,other,other_rics,ric1-ric5-v6,baseline,none,0.0,True,[],41.56
other_rics/IMG20220602110632.jpg,other,other_rics,yolov8,clahe,none,0.0,True,[],42.11
other_rics/IMG20220602110632.jpg,other,other_rics,ric1-v5,clahe,pet1,0.3563,False,"[{""label"": ""pet1"", ""confidence"": 0.356342077255249, ""bbox"": [159, 54, 205, 118]}]",39.59
other_rics/IMG20220602110632.jpg,other,other_rics,ric5-v1,clahe,none,0.0,True,[],42.62
other_rics/IMG20220602110632.jpg,other,other_rics,ric1-ric5-v6,clahe,none,0.0,True,[],42.04
other_rics/IMG20220602110632.jpg,other,other_rics,yolov8,canny,none,0.0,True,[],41.93
other_rics/IMG20220602110632.jpg,other,other_rics,ric1-v5,canny,none,0.0,True,[],41.9
other_rics/IMG20220602110632.jpg,other,other_rics,ric5-v1,canny,none,0.0,True,[],40.99
other_rics/IMG20220602110632.jpg,other,other_rics,ric1-ric5-v6,canny,none,0.0,True,[],41.17
other_rics/IMG20220602110632.jpg,other,other_rics,yolov8,clahe_canny,none,0.0,True,[],46.76
other_rics/IMG20220602110632.jpg,other,other_rics,ric1-v5,clahe_canny,none,0.0,True,[],43.87
other_rics/IMG20220602110632.jpg,other,other_rics,ric5-v1,clahe_canny,none,0.0,True,[],45.67
other_rics/IMG20220602110632.jpg,other,other_rics,ric1-ric5-v6,clahe_canny,none,0.0,True,[],44.88
other_rics/IMG_6271.jpg,other,other_rics,yolov8,baseline,none,0.0,True,[],46.37
other_rics/IMG_6271.jpg,other,other_rics,ric1-v5,baseline,none,0.0,True,[],42.52
other_rics/IMG_6271.jpg,other,other_rics,ric5-v1,baseline,none,0.0,True,[],41.1
other_rics/IMG_6271.jpg,other,other_rics,ric1-ric5-v6,baseline,none,0.0,True,[],41.76
other_rics/IMG_6271.jpg,other,other_rics,yolov8,clahe,person,0.3322,True,"[{""label"": ""person"", ""confidence"": 0.332217276096344, ""bbox"": [121, 70, 327, 415]}, {""label"": ""person"", ""confidence"": 0.27193671464920044, ""bbox"": [0, 379, 27, 415]}]",43.15
other_rics/IMG_6271.jpg,other,other_rics,ric1-v5,clahe,none,0.0,True,[],41.89
other_rics/IMG_6271.jpg,other,other_rics,ric5-v1,clahe,none,0.0,True,[],41.97
other_rics/IMG_6271.jpg,other,other_rics,ric1-ric5-v6,clahe,none,0.0,True,[],41.15
other_rics/IMG_6271.jpg,other,other_rics,yolov8,canny,none,0.0,True,[],43.18
other_rics/IMG_6271.jpg,other,other_rics,ric1-v5,canny,none,0.0,True,[],41.64
other_rics/IMG_6271.jpg,other,other_rics,ric5-v1,canny,none,0.0,True,[],41.73
other_rics/IMG_6271.jpg,other,other_rics,ric1-ric5-v6,canny,none,0.0,True,[],42.88
other_rics/IMG_6271.jpg,other,other_rics,yolov8,clahe_canny,none,0.0,True,[],46.43
other_rics/IMG_6271.jpg,other,other_rics,ric1-v5,clahe_canny,none,0.0,True,[],45.48
other_rics/IMG_6271.jpg,other,other_rics,ric5-v1,clahe_canny,pp5,0.4057,False,"[{""label"": ""pp5"", ""confidence"": 0.40572187304496765, ""bbox"": [210, 64, 311, 169]}]",43.54
other_rics/IMG_6271.jpg,other,other_rics,ric1-ric5-v6,clahe_canny,none,0.0,True,[],42.1
other_rics/IMG_6332.jpg,other,other_rics,yolov8,baseline,none,0.0,True,[],45.18
other_rics/IMG_6332.jpg,other,other_rics,ric1-v5,baseline,none,0.0,True,[],42.27
other_rics/IMG_6332.jpg,other,other_rics,ric5-v1,baseline,none,0.0,True,[],46.72
other_rics/IMG_6332.jpg,other,other_rics,ric1-ric5-v6,baseline,none,0.0,True,[],43.7
other_rics/IMG_6332.jpg,other,other_rics,yolov8,clahe,none,0.0,True,[],47.56
other_rics/IMG_6332.jpg,other,other_rics,ric1-v5,clahe,none,0.0,True,[],45.0
other_rics/IMG_6332.jpg,other,other_rics,ric5-v1,clahe,none,0.0,True,[],45.41
other_rics/IMG_6332.jpg,other,other_rics,ric1-ric5-v6,clahe,none,0.0,True,[],41.13
other_rics/IMG_6332.jpg,other,other_rics,yolov8,canny,none,0.0,True,[],45.59
other_rics/IMG_6332.jpg,other,other_rics,ric1-v5,canny,none,0.0,True,[],41.48
other_rics/IMG_6332.jpg,other,other_rics,ric5-v1,canny,none,0.0,True,[],42.53
other_rics/IMG_6332.jpg,other,other_rics,ric1-ric5-v6,canny,none,0.0,True,[],45.23
other_rics/IMG_6332.jpg,other,other_rics,yolov8,clahe_canny,none,0.0,True,[],44.77
other_rics/IMG_6332.jpg,other,other_rics,ric1-v5,clahe_canny,none,0.0,True,[],42.9
other_rics/IMG_6332.jpg,other,other_rics,ric5-v1,clahe_canny,none,0.0,True,[],40.25
other_rics/IMG_6332.jpg,other,other_rics,ric1-ric5-v6,clahe_canny,none,0.0,True,[],43.33
other_rics/IMG_6337.jpg,other,other_rics,yolov8,baseline,none,0.0,True,[],44.23
other_rics/IMG_6337.jpg,other,other_rics,ric1-v5,baseline,none,0.0,True,[],42.93
other_rics/IMG_6337.jpg,other,other_rics,ric5-v1,baseline,none,0.0,True,[],43.08
other_rics/IMG_6337.jpg,other,other_rics,ric1-ric5-v6,baseline,none,0.0,True,[],43.15
other_rics/IMG_6337.jpg,other,other_rics,yolov8,clahe,none,0.0,True,[],44.28
other_rics/IMG_6337.jpg,other,other_rics,ric1-v5,clahe,pet1,0.8146,False,"[{""label"": ""pet1"", ""confidence"": 0.8146310448646545, ""bbox"": [297, 266, 335, 316]}, {""label"": ""pet1"", ""confidence"": 0.43288499116897583, ""bbox"": [376, 0, 415, 53]}]",42.56
other_rics/IMG_6337.jpg,other,other_rics,ric5-v1,clahe,none,0.0,True,[],40.91
other_rics/IMG_6337.jpg,other,other_rics,ric1-ric5-v6,clahe,none,0.0,True,[],41.29
other_rics/IMG_6337.jpg,other,other_rics,yolov8,canny,none,0.0,True,[],47.7
other_rics/IMG_6337.jpg,other,other_rics,ric1-v5,canny,none,0.0,True,[],42.94
other_rics/IMG_6337.jpg,other,other_rics,ric5-v1,canny,pp5,0.4592,False,"[{""label"": ""pp5"", ""confidence"": 0.4592353105545044, ""bbox"": [127, 225, 187, 285]}]",44.71
other_rics/IMG_6337.jpg,other,other_rics,ric1-ric5-v6,canny,none,0.0,True,[],48.33
other_rics/IMG_6337.jpg,other,other_rics,yolov8,clahe_canny,none,0.0,True,[],44.76
other_rics/IMG_6337.jpg,other,other_rics,ric1-v5,clahe_canny,pet1,0.5022,False,"[{""label"": ""pet1"", ""confidence"": 0.5022155046463013, ""bbox"": [263, 254, 289, 286]}]",43.86
other_rics/IMG_6337.jpg,other,other_rics,ric5-v1,clahe_canny,none,0.0,True,[],43.86
other_rics/IMG_6337.jpg,other,other_rics,ric1-ric5-v6,clahe_canny,none,0.0,True,[],43.77
other_rics/e02deaf6-310d-4e75-bb66-08a19c8b6f42.jpg,other,other_rics,yolov8,baseline,none,0.0,True,[],43.61
other_rics/e02deaf6-310d-4e75-bb66-08a19c8b6f42.jpg,other,other_rics,ric1-v5,baseline,none,0.0,True,[],41.83
other_rics/e02deaf6-310d-4e75-bb66-08a19c8b6f42.jpg,other,other_rics,ric5-v1,baseline,none,0.0,True,[],42.3
other_rics/e02deaf6-310d-4e75-bb66-08a19c8b6f42.jpg,other,other_rics,ric1-ric5-v6,baseline,none,0.0,True,[],42.25
other_rics/e02deaf6-310d-4e75-bb66-08a19c8b6f42.jpg,other,other_rics,yolov8,clahe,none,0.0,True,[],45.6
other_rics/e02deaf6-310d-4e75-bb66-08a19c8b6f42.jpg,other,other_rics,ric1-v5,clahe,none,0.0,True,[],43.55
other_rics/e02deaf6-310d-4e75-bb66-08a19c8b6f42.jpg,other,other_rics,ric5-v1,clahe,none,0.0,True,[],44.15
other_rics/e02deaf6-310d-4e75-bb66-08a19c8b6f42.jpg,other,other_rics,ric1-ric5-v6,clahe,none,0.0,True,[],41.74
other_rics/e02deaf6-310d-4e75-bb66-08a19c8b6f42.jpg,other,other_rics,yolov8,canny,airplane,0.4256,True,"[{""label"": ""airplane"", ""confidence"": 0.42558616399765015, ""bbox"": [226, 207, 273, 223]}, {""label"": ""airplane"", ""confidence"": 0.3814464807510376, ""bbox"": [117, 172, 148, 183]}, {""label"": ""airplane"", ""confidence"": 0.31005367636680603, ""bbox"": [69, 229, 96, 250]}]",49.61
other_rics/e02deaf6-310d-4e75-bb66-08a19c8b6f42.jpg,other,other_rics,ric1-v5,canny,none,0.0,True,[],44.16
other_rics/e02deaf6-310d-4e75-bb66-08a19c8b6f42.jpg,other,other_rics,ric5-v1,canny,none,0.0,True,[],42.82
other_rics/e02deaf6-310d-4e75-bb66-08a19c8b6f42.jpg,other,other_rics,ric1-ric5-v6,canny,none,0.0,True,[],42.4
other_rics/e02deaf6-310d-4e75-bb66-08a19c8b6f42.jpg,other,other_rics,yolov8,clahe_canny,none,0.0,True,[],44.74
other_rics/e02deaf6-310d-4e75-bb66-08a19c8b6f42.jpg,other,other_rics,ric1-v5,clahe_canny,pet1,0.4149,False,"[{""label"": ""pet1"", ""confidence"": 0.414875328540802, ""bbox"": [224, 310, 275, 356]}]",44.11
other_rics/e02deaf6-310d-4e75-bb66-08a19c8b6f42.jpg,other,other_rics,ric5-v1,clahe_canny,pp5,0.3554,False,"[{""label"": ""pp5"", ""confidence"": 0.35544708371162415, ""bbox"": [0, 166, 117, 291]}]",44.96
other_rics/e02deaf6-310d-4e75-bb66-08a19c8b6f42.jpg,other,other_rics,ric1-ric5-v6,clahe_canny,none,0.0,True,[],44.38
pet1/pet1_not_transparnet_embossed/IMG_6328 (1).jpg,pet1,pet1_not_transparnet_embossed,yolov8,baseline,none,0.0,False,[],46.26
pet1/pet1_not_transparnet_embossed/IMG_6328 (1).jpg,pet1,pet1_not_transparnet_embossed,ric1-v5,baseline,none,0.0,False,[],63.09
pet1/pet1_not_transparnet_embossed/IMG_6328 (1).jpg,pet1,pet1_not_transparnet_embossed,ric5-v1,baseline,none,0.0,False,[],41.65
pet1/pet1_not_transparnet_embossed/IMG_6328 (1).jpg,pet1,pet1_not_transparnet_embossed,ric1-ric5-v6,baseline,none,0.0,False,[],42.75
pet1/pet1_not_transparnet_embossed/IMG_6328 (1).jpg,pet1,pet1_not_transparnet_embossed,yolov8,clahe,none,0.0,False,[],44.07
pet1/pet1_not_transparnet_embossed/IMG_6328 (1).jpg,pet1,pet1_not_transparnet_embossed,ric1-v5,clahe,none,0.0,False,[],40.6
pet1/pet1_not_transparnet_embossed/IMG_6328 (1).jpg,pet1,pet1_not_transparnet_embossed,ric5-v1,clahe,none,0.0,False,[],42.41
pet1/pet1_not_transparnet_embossed/IMG_6328 (1).jpg,pet1,pet1_not_transparnet_embossed,ric1-ric5-v6,clahe,none,0.0,False,[],42.86
pet1/pet1_not_transparnet_embossed/IMG_6328 (1).jpg,pet1,pet1_not_transparnet_embossed,yolov8,canny,none,0.0,False,[],42.68
pet1/pet1_not_transparnet_embossed/IMG_6328 (1).jpg,pet1,pet1_not_transparnet_embossed,ric1-v5,canny,none,0.0,False,[],40.75
pet1/pet1_not_transparnet_embossed/IMG_6328 (1).jpg,pet1,pet1_not_transparnet_embossed,ric5-v1,canny,none,0.0,False,[],42.35
pet1/pet1_not_transparnet_embossed/IMG_6328 (1).jpg,pet1,pet1_not_transparnet_embossed,ric1-ric5-v6,canny,none,0.0,False,[],42.34
pet1/pet1_not_transparnet_embossed/IMG_6328 (1).jpg,pet1,pet1_not_transparnet_embossed,yolov8,clahe_canny,airplane,0.3596,False,"[{""label"": ""airplane"", ""confidence"": 0.3595907688140869, ""bbox"": [52, 117, 174, 138]}, {""label"": ""airplane"", ""confidence"": 0.3198612928390503, ""bbox"": [134, 177, 149, 187]}, {""label"": ""traffic light"", ""confidence"": 0.2590632438659668, ""bbox"": [97, 163, 105, 174]}]",43.71
pet1/pet1_not_transparnet_embossed/IMG_6328 (1).jpg,pet1,pet1_not_transparnet_embossed,ric1-v5,clahe_canny,none,0.0,False,[],44.67
pet1/pet1_not_transparnet_embossed/IMG_6328 (1).jpg,pet1,pet1_not_transparnet_embossed,ric5-v1,clahe_canny,none,0.0,False,[],42.61
pet1/pet1_not_transparnet_embossed/IMG_6328 (1).jpg,pet1,pet1_not_transparnet_embossed,ric1-ric5-v6,clahe_canny,none,0.0,False,[],43.0
pet1/pet1_not_transparnet_embossed/IMG_6728 (1).jpg,pet1,pet1_not_transparnet_embossed,yolov8,baseline,none,0.0,False,[],43.55
pet1/pet1_not_transparnet_embossed/IMG_6728 (1).jpg,pet1,pet1_not_transparnet_embossed,ric1-v5,baseline,none,0.0,False,[],41.88
pet1/pet1_not_transparnet_embossed/IMG_6728 (1).jpg,pet1,pet1_not_transparnet_embossed,ric5-v1,baseline,none,0.0,False,[],42.09
pet1/pet1_not_transparnet_embossed/IMG_6728 (1).jpg,pet1,pet1_not_transparnet_embossed,ric1-ric5-v6,baseline,none,0.0,False,[],45.52
pet1/pet1_not_transparnet_embossed/IMG_6728 (1).jpg,pet1,pet1_not_transparnet_embossed,yolov8,clahe,airplane,0.2582,False,"[{""label"": ""airplane"", ""confidence"": 0.2581670880317688, ""bbox"": [37, 16, 176, 132]}]",45.51
pet1/pet1_not_transparnet_embossed/IMG_6728 (1).jpg,pet1,pet1_not_transparnet_embossed,ric1-v5,clahe,none,0.0,False,[],44.5
pet1/pet1_not_transparnet_embossed/IMG_6728 (1).jpg,pet1,pet1_not_transparnet_embossed,ric5-v1,clahe,none,0.0,False,[],45.31
pet1/pet1_not_transparnet_embossed/IMG_6728 (1).jpg,pet1,pet1_not_transparnet_embossed,ric1-ric5-v6,clahe,none,0.0,False,[],42.39
pet1/pet1_not_transparnet_embossed/IMG_6728 (1).jpg,pet1,pet1_not_transparnet_embossed,yolov8,canny,none,0.0,False,[],44.59
pet1/pet1_not_transparnet_embossed/IMG_6728 (1).jpg,pet1,pet1_not_transparnet_embossed,ric1-v5,canny,none,0.0,False,[],42.08
pet1/pet1_not_transparnet_embossed/IMG_6728 (1).jpg,pet1,pet1_not_transparnet_embossed,ric5-v1,canny,none,0.0,False,[],41.54
pet1/pet1_not_transparnet_embossed/IMG_6728 (1).jpg,pet1,pet1_not_transparnet_embossed,ric1-ric5-v6,canny,none,0.0,False,[],42.22
pet1/pet1_not_transparnet_embossed/IMG_6728 (1).jpg,pet1,pet1_not_transparnet_embossed,yolov8,clahe_canny,none,0.0,False,[],47.53
pet1/pet1_not_transparnet_embossed/IMG_6728 (1).jpg,pet1,pet1_not_transparnet_embossed,ric1-v5,clahe_canny,none,0.0,False,[],58.62
pet1/pet1_not_transparnet_embossed/IMG_6728 (1).jpg,pet1,pet1_not_transparnet_embossed,ric5-v1,clahe_canny,pp5,0.5286,False,"[{""label"": ""pp5"", ""confidence"": 0.5285648703575134, ""bbox"": [21, 137, 84, 191]}, {""label"": ""pp5"", ""confidence"": 0.2695075273513794, ""bbox"": [36, 59, 79, 110]}]",44.95
pet1/pet1_not_transparnet_embossed/IMG_6728 (1).jpg,pet1,pet1_not_transparnet_embossed,ric1-ric5-v6,clahe_canny,none,0.0,False,[],41.49
pet1/pet1_not_transparnet_embossed/IMG_6728.jpg,pet1,pet1_not_transparnet_embossed,yolov8,baseline,none,0.0,False,[],44.42
pet1/pet1_not_transparnet_embossed/IMG_6728.jpg,pet1,pet1_not_transparnet_embossed,ric1-v5,baseline,none,0.0,False,[],42.22
pet1/pet1_not_transparnet_embossed/IMG_6728.jpg,pet1,pet1_not_transparnet_embossed,ric5-v1,baseline,none,0.0,False,[],45.35
pet1/pet1_not_transparnet_embossed/IMG_6728.jpg,pet1,pet1_not_transparnet_embossed,ric1-ric5-v6,baseline,none,0.0,False,[],42.3
pet1/pet1_not_transparnet_embossed/IMG_6728.jpg,pet1,pet1_not_transparnet_embossed,yolov8,clahe,airplane,0.2582,False,"[{""label"": ""airplane"", ""confidence"": 0.2581670880317688, ""bbox"": [37, 16, 176, 132]}]",43.57
pet1/pet1_not_transparnet_embossed/IMG_6728.jpg,pet1,pet1_not_transparnet_embossed,ric1-v5,clahe,none,0.0,False,[],42.91
pet1/pet1_not_transparnet_embossed/IMG_6728.jpg,pet1,pet1_not_transparnet_embossed,ric5-v1,clahe,none,0.0,False,[],43.26
pet1/pet1_not_transparnet_embossed/IMG_6728.jpg,pet1,pet1_not_transparnet_embossed,ric1-ric5-v6,clahe,none,0.0,False,[],44.57
pet1/pet1_not_transparnet_embossed/IMG_6728.jpg,pet1,pet1_not_transparnet_embossed,yolov8,canny,none,0.0,False,[],47.87
pet1/pet1_not_transparnet_embossed/IMG_6728.jpg,pet1,pet1_not_transparnet_embossed,ric1-v5,canny,none,0.0,False,[],48.96
pet1/pet1_not_transparnet_embossed/IMG_6728.jpg,pet1,pet1_not_transparnet_embossed,ric5-v1,canny,none,0.0,False,[],45.92
pet1/pet1_not_transparnet_embossed/IMG_6728.jpg,pet1,pet1_not_transparnet_embossed,ric1-ric5-v6,canny,none,0.0,False,[],52.66
pet1/pet1_not_transparnet_embossed/IMG_6728.jpg,pet1,pet1_not_transparnet_embossed,yolov8,clahe_canny,none,0.0,False,[],53.33
pet1/pet1_not_transparnet_embossed/IMG_6728.jpg,pet1,pet1_not_transparnet_embossed,ric1-v5,clahe_canny,none,0.0,False,[],47.67
pet1/pet1_not_transparnet_embossed/IMG_6728.jpg,pet1,pet1_not_transparnet_embossed,ric5-v1,clahe_canny,pp5,0.5286,False,"[{""label"": ""pp5"", ""confidence"": 0.5285648703575134, ""bbox"": [21, 137, 84, 191]}, {""label"": ""pp5"", ""confidence"": 0.2695075273513794, ""bbox"": [36, 59, 79, 110]}]",42.52
pet1/pet1_not_transparnet_embossed/IMG_6728.jpg,pet1,pet1_not_transparnet_embossed,ric1-ric5-v6,clahe_canny,none,0.0,False,[],43.94
pet1/pet1_not_transparnet_embossed/IMG_6756.jpg,pet1,pet1_not_transparnet_embossed,yolov8,baseline,none,0.0,False,[],46.81
pet1/pet1_not_transparnet_embossed/IMG_6756.jpg,pet1,pet1_not_transparnet_embossed,ric1-v5,baseline,none,0.0,False,[],44.84
pet1/pet1_not_transparnet_embossed/IMG_6756.jpg,pet1,pet1_not_transparnet_embossed,ric5-v1,baseline,none,0.0,False,[],45.24
pet1/pet1_not_transparnet_embossed/IMG_6756.jpg,pet1,pet1_not_transparnet_embossed,ric1-ric5-v6,baseline,none,0.0,False,[],45.2
pet1/pet1_not_transparnet_embossed/IMG_6756.jpg,pet1,pet1_not_transparnet_embossed,yolov8,clahe,none,0.0,False,[],45.84
pet1/pet1_not_transparnet_embossed/IMG_6756.jpg,pet1,pet1_not_transparnet_embossed,ric1-v5,clahe,none,0.0,False,[],45.1
pet1/pet1_not_transparnet_embossed/IMG_6756.jpg,pet1,pet1_not_transparnet_embossed,ric5-v1,clahe,pp5,0.2926,False,"[{""label"": ""pp5"", ""confidence"": 0.2925970256328583, ""bbox"": [131, 142, 163, 175]}]",45.04
pet1/pet1_not_transparnet_embossed/IMG_6756.jpg,pet1,pet1_not_transparnet_embossed,ric1-ric5-v6,clahe,none,0.0,False,[],43.26
pet1/pet1_not_transparnet_embossed/IMG_6756.jpg,pet1,pet1_not_transparnet_embossed,yolov8,canny,kite,0.2693,False,"[{""label"": ""kite"", ""confidence"": 0.26930704712867737, ""bbox"": [86, 14, 110, 27]}]",44.69
pet1/pet1_not_transparnet_embossed/IMG_6756.jpg,pet1,pet1_not_transparnet_embossed,ric1-v5,canny,none,0.0,False,[],43.64
pet1/pet1_not_transparnet_embossed/IMG_6756.jpg,pet1,pet1_not_transparnet_embossed,ric5-v1,canny,none,0.0,False,[],44.03
pet1/pet1_not_transparnet_embossed/IMG_6756.jpg,pet1,pet1_not_transparnet_embossed,ric1-ric5-v6,canny,none,0.0,False,[],44.55
pet1/pet1_not_transparnet_embossed/IMG_6756.jpg,pet1,pet1_not_transparnet_embossed,yolov8,clahe_canny,none,0.0,False,[],45.3
pet1/pet1_not_transparnet_embossed/IMG_6756.jpg,pet1,pet1_not_transparnet_embossed,ric1-v5,clahe_canny,none,0.0,False,[],43.65
pet1/pet1_not_transparnet_embossed/IMG_6756.jpg,pet1,pet1_not_transparnet_embossed,ric5-v1,clahe_canny,none,0.0,False,[],54.38
pet1/pet1_not_transparnet_embossed/IMG_6756.jpg,pet1,pet1_not_transparnet_embossed,ric1-ric5-v6,clahe_canny,none,0.0,False,[],45.45
pet1/pet1_not_transparnet_embossed/IMG_6847.jpg,pet1,pet1_not_transparnet_embossed,yolov8,baseline,none,0.0,False,[],47.31
pet1/pet1_not_transparnet_embossed/IMG_6847.jpg,pet1,pet1_not_transparnet_embossed,ric1-v5,baseline,none,0.0,False,[],49.51
pet1/pet1_not_transparnet_embossed/IMG_6847.jpg,pet1,pet1_not_transparnet_embossed,ric5-v1,baseline,none,0.0,False,[],42.65
pet1/pet1_not_transparnet_embossed/IMG_6847.jpg,pet1,pet1_not_transparnet_embossed,ric1-ric5-v6,baseline,none,0.0,False,[],44.02
pet1/pet1_not_transparnet_embossed/IMG_6847.jpg,pet1,pet1_not_transparnet_embossed,yolov8,clahe,none,0.0,False,[],44.53
pet1/pet1_not_transparnet_embossed/IMG_6847.jpg,pet1,pet1_not_transparnet_embossed,ric1-v5,clahe,none,0.0,False,[],45.71
pet1/pet1_not_transparnet_embossed/IMG_6847.jpg,pet1,pet1_not_transparnet_embossed,ric5-v1,clahe,none,0.0,False,[],43.68
pet1/pet1_not_transparnet_embossed/IMG_6847.jpg,pet1,pet1_not_transparnet_embossed,ric1-ric5-v6,clahe,none,0.0,False,[],43.19
pet1/pet1_not_transparnet_embossed/IMG_6847.jpg,pet1,pet1_not_transparnet_embossed,yolov8,canny,none,0.0,False,[],44.85
pet1/pet1_not_transparnet_embossed/IMG_6847.jpg,pet1,pet1_not_transparnet_embossed,ric1-v5,canny,none,0.0,False,[],41.56
pet1/pet1_not_transparnet_embossed/IMG_6847.jpg,pet1,pet1_not_transparnet_embossed,ric5-v1,canny,none,0.0,False,[],40.27
pet1/pet1_not_transparnet_embossed/IMG_6847.jpg,pet1,pet1_not_transparnet_embossed,ric1-ric5-v6,canny,none,0.0,False,[],41.97
pet1/pet1_not_transparnet_embossed/IMG_6847.jpg,pet1,pet1_not_transparnet_embossed,yolov8,clahe_canny,none,0.0,False,[],43.88
pet1/pet1_not_transparnet_embossed/IMG_6847.jpg,pet1,pet1_not_transparnet_embossed,ric1-v5,clahe_canny,pet1,0.2734,True,"[{""label"": ""pet1"", ""confidence"": 0.2734422981739044, ""bbox"": [92, 178, 118, 206]}]",40.39
pet1/pet1_not_transparnet_embossed/IMG_6847.jpg,pet1,pet1_not_transparnet_embossed,ric5-v1,clahe_canny,none,0.0,False,[],41.89
pet1/pet1_not_transparnet_embossed/IMG_6847.jpg,pet1,pet1_not_transparnet_embossed,ric1-ric5-v6,clahe_canny,pp5,0.5904,False,"[{""label"": ""pp5"", ""confidence"": 0.5903981924057007, ""bbox"": [86, 203, 116, 219]}]",41.78
pet1/pet1_print/IMG20220601190704 (1).jpg,pet1,pet1_print,yolov8,baseline,person,0.3541,False,"[{""label"": ""person"", ""confidence"": 0.35408422350883484, ""bbox"": [56, 11, 318, 339]}]",45.82
pet1/pet1_print/IMG20220601190704 (1).jpg,pet1,pet1_print,ric1-v5,baseline,none,0.0,False,[],42.52
pet1/pet1_print/IMG20220601190704 (1).jpg,pet1,pet1_print,ric5-v1,baseline,none,0.0,False,[],40.7
pet1/pet1_print/IMG20220601190704 (1).jpg,pet1,pet1_print,ric1-ric5-v6,baseline,none,0.0,False,[],45.22
pet1/pet1_print/IMG20220601190704 (1).jpg,pet1,pet1_print,yolov8,clahe,cat,0.5701,False,"[{""label"": ""cat"", ""confidence"": 0.5700973272323608, ""bbox"": [56, 177, 133, 316]}, {""label"": ""person"", ""confidence"": 0.33796921372413635, ""bbox"": [57, 178, 134, 316]}, {""label"": ""person"", ""confidence"": 0.2765115797519684, ""bbox"": [125, 13, 294, 158]}]",44.97
pet1/pet1_print/IMG20220601190704 (1).jpg,pet1,pet1_print,ric1-v5,clahe,none,0.0,False,[],44.24
pet1/pet1_print/IMG20220601190704 (1).jpg,pet1,pet1_print,ric5-v1,clahe,none,0.0,False,[],44.31
pet1/pet1_print/IMG20220601190704 (1).jpg,pet1,pet1_print,ric1-ric5-v6,clahe,none,0.0,False,[],44.63
pet1/pet1_print/IMG20220601190704 (1).jpg,pet1,pet1_print,yolov8,canny,none,0.0,False,[],45.89
pet1/pet1_print/IMG20220601190704 (1).jpg,pet1,pet1_print,ric1-v5,canny,none,0.0,False,[],41.94
pet1/pet1_print/IMG20220601190704 (1).jpg,pet1,pet1_print,ric5-v1,canny,none,0.0,False,[],43.1
pet1/pet1_print/IMG20220601190704 (1).jpg,pet1,pet1_print,ric1-ric5-v6,canny,none,0.0,False,[],41.41
pet1/pet1_print/IMG20220601190704 (1).jpg,pet1,pet1_print,yolov8,clahe_canny,none,0.0,False,[],54.11
pet1/pet1_print/IMG20220601190704 (1).jpg,pet1,pet1_print,ric1-v5,clahe_canny,none,0.0,False,[],107.42
pet1/pet1_print/IMG20220601190704 (1).jpg,pet1,pet1_print,ric5-v1,clahe_canny,pp5,0.4613,False,"[{""label"": ""pp5"", ""confidence"": 0.46125248074531555, ""bbox"": [110, 117, 180, 171]}]",73.88
pet1/pet1_print/IMG20220601190704 (1).jpg,pet1,pet1_print,ric1-ric5-v6,clahe_canny,pp5,0.5717,False,"[{""label"": ""pp5"", ""confidence"": 0.57170569896698, ""bbox"": [110, 122, 180, 171]}, {""label"": ""pp5"", ""confidence"": 0.2760724425315857, ""bbox"": [203, 123, 274, 192]}]",50.0
pet1/pet1_print/IMG20220601190704.jpg,pet1,pet1_print,yolov8,baseline,person,0.3541,False,"[{""label"": ""person"", ""confidence"": 0.35408422350883484, ""bbox"": [56, 11, 318, 339]}]",54.08
pet1/pet1_print/IMG20220601190704.jpg,pet1,pet1_print,ric1-v5,baseline,none,0.0,False,[],47.81
pet1/pet1_print/IMG20220601190704.jpg,pet1,pet1_print,ric5-v1,baseline,none,0.0,False,[],69.73
pet1/pet1_print/IMG20220601190704.jpg,pet1,pet1_print,ric1-ric5-v6,baseline,none,0.0,False,[],44.13
pet1/pet1_print/IMG20220601190704.jpg,pet1,pet1_print,yolov8,clahe,cat,0.5701,False,"[{""label"": ""cat"", ""confidence"": 0.5700973272323608, ""bbox"": [56, 177, 133, 316]}, {""label"": ""person"", ""confidence"": 0.33796921372413635, ""bbox"": [57, 178, 134, 316]}, {""label"": ""person"", ""confidence"": 0.2765115797519684, ""bbox"": [125, 13, 294, 158]}]",43.79
pet1/pet1_print/IMG20220601190704.jpg,pet1,pet1_print,ric1-v5,clahe,none,0.0,False,[],42.83
pet1/pet1_print/IMG20220601190704.jpg,pet1,pet1_print,ric5-v1,clahe,none,0.0,False,[],49.35
pet1/pet1_print/IMG20220601190704.jpg,pet1,pet1_print,ric1-ric5-v6,clahe,none,0.0,False,[],43.62
pet1/pet1_print/IMG20220601190704.jpg,pet1,pet1_print,yolov8,canny,none,0.0,False,[],48.88
pet1/pet1_print/IMG20220601190704.jpg,pet1,pet1_print,ric1-v5,canny,none,0.0,False,[],48.42
pet1/pet1_print/IMG20220601190704.jpg,pet1,pet1_print,ric5-v1,canny,none,0.0,False,[],49.43
pet1/pet1_print/IMG20220601190704.jpg,pet1,pet1_print,ric1-ric5-v6,canny,none,0.0,False,[],42.75
pet1/pet1_print/IMG20220601190704.jpg,pet1,pet1_print,yolov8,clahe_canny,none,0.0,False,[],43.16
pet1/pet1_print/IMG20220601190704.jpg,pet1,pet1_print,ric1-v5,clahe_canny,none,0.0,False,[],42.29
pet1/pet1_print/IMG20220601190704.jpg,pet1,pet1_print,ric5-v1,clahe_canny,pp5,0.4613,False,"[{""label"": ""pp5"", ""confidence"": 0.46125248074531555, ""bbox"": [110, 117, 180, 171]}]",42.56
pet1/pet1_print/IMG20220601190704.jpg,pet1,pet1_print,ric1-ric5-v6,clahe_canny,pp5,0.5717,False,"[{""label"": ""pp5"", ""confidence"": 0.57170569896698, ""bbox"": [110, 122, 180, 171]}, {""label"": ""pp5"", ""confidence"": 0.2760724425315857, ""bbox"": [203, 123, 274, 192]}]",46.1
pet1/pet1_print/IMG_6308 (1).jpg,pet1,pet1_print,yolov8,baseline,none,0.0,False,[],44.37
pet1/pet1_print/IMG_6308 (1).jpg,pet1,pet1_print,ric1-v5,baseline,none,0.0,False,[],42.43
pet1/pet1_print/IMG_6308 (1).jpg,pet1,pet1_print,ric5-v1,baseline,none,0.0,False,[],41.63
pet1/pet1_print/IMG_6308 (1).jpg,pet1,pet1_print,ric1-ric5-v6,baseline,none,0.0,False,[],41.13
pet1/pet1_print/IMG_6308 (1).jpg,pet1,pet1_print,yolov8,clahe,clock,0.5323,False,"[{""label"": ""clock"", ""confidence"": 0.5322501063346863, ""bbox"": [49, 1, 203, 175]}]",44.87
pet1/pet1_print/IMG_6308 (1).jpg,pet1,pet1_print,ric1-v5,clahe,pet1,0.3179,True,"[{""label"": ""pet1"", ""confidence"": 0.31786948442459106, ""bbox"": [209, 0, 223, 24]}]",43.42
pet1/pet1_print/IMG_6308 (1).jpg,pet1,pet1_print,ric5-v1,clahe,none,0.0,False,[],42.72
pet1/pet1_print/IMG_6308 (1).jpg,pet1,pet1_print,ric1-ric5-v6,clahe,none,0.0,False,[],41.88
pet1/pet1_print/IMG_6308 (1).jpg,pet1,pet1_print,yolov8,canny,none,0.0,False,[],42.83
pet1/pet1_print/IMG_6308 (1).jpg,pet1,pet1_print,ric1-v5,canny,none,0.0,False,[],41.81
pet1/pet1_print/IMG_6308 (1).jpg,pet1,pet1_print,ric5-v1,canny,none,0.0,False,[],42.39
pet1/pet1_print/IMG_6308 (1).jpg,pet1,pet1_print,ric1-ric5-v6,canny,none,0.0,False,[],43.87
pet1/pet1_print/IMG_6308 (1).jpg,pet1,pet1_print,yolov8,clahe_canny,none,0.0,False,[],48.31
pet1/pet1_print/IMG_6308 (1).jpg,pet1,pet1_print,ric1-v5,clahe_canny,none,0.0,False,[],42.57
pet1/pet1_print/IMG_6308 (1).jpg,pet1,pet1_print,ric5-v1,clahe_canny,none,0.0,False,[],46.64
pet1/pet1_print/IMG_6308 (1).jpg,pet1,pet1_print,ric1-ric5-v6,clahe_canny,none,0.0,False,[],44.91
pet1/pet1_print/IMG_6308.jpg,pet1,pet1_print,yolov8,baseline,none,0.0,False,[],45.92
pet1/pet1_print/IMG_6308.jpg,pet1,pet1_print,ric1-v5,baseline,pet1,0.2985,True,"[{""label"": ""pet1"", ""confidence"": 0.2984626591205597, ""bbox"": [52, 72, 75, 100]}]",46.22
pet1/pet1_print/IMG_6308.jpg,pet1,pet1_print,ric5-v1,baseline,none,0.0,False,[],43.67
pet1/pet1_print/IMG_6308.jpg,pet1,pet1_print,ric1-ric5-v6,baseline,none,0.0,False,[],42.53
pet1/pet1_print/IMG_6308.jpg,pet1,pet1_print,yolov8,clahe,clock,0.4473,False,"[{""label"": ""clock"", ""confidence"": 0.44731006026268005, ""bbox"": [22, 3, 174, 155]}]",43.42
pet1/pet1_print/IMG_6308.jpg,pet1,pet1_print,ric1-v5,clahe,pet1,0.3683,True,"[{""label"": ""pet1"", ""confidence"": 0.36828872561454773, ""bbox"": [0, 0, 15, 24]}, {""label"": ""pet1"", ""confidence"": 0.2507976293563843, ""bbox"": [0, 71, 13, 88]}]",42.14
pet1/pet1_print/IMG_6308.jpg,pet1,pet1_print,ric5-v1,clahe,none,0.0,False,[],41.77
pet1/pet1_print/IMG_6308.jpg,pet1,pet1_print,ric1-ric5-v6,clahe,none,0.0,False,[],40.4
pet1/pet1_print/IMG_6308.jpg,pet1,pet1_print,yolov8,canny,clock,0.5616,False,"[{""label"": ""clock"", ""confidence"": 0.5615813732147217, ""bbox"": [20, 8, 172, 188]}]",44.31
pet1/pet1_print/IMG_6308.jpg,pet1,pet1_print,ric1-v5,canny,none,0.0,False,[],41.87
pet1/pet1_print/IMG_6308.jpg,pet1,pet1_print,ric5-v1,canny,none,0.0,False,[],57.05
pet1/pet1_print/IMG_6308.jpg,pet1,pet1_print,ric1-ric5-v6,canny,none,0.0,False,[],71.84
pet1/pet1_print/IMG_6308.jpg,pet1,pet1_print,yolov8,clahe_canny,none,0.0,False,[],58.04
pet1/pet1_print/IMG_6308.jpg,pet1,pet1_print,ric1-v5,clahe_canny,none,0.0,False,[],61.27
pet1/pet1_print/IMG_6308.jpg,pet1,pet1_print,ric5-v1,clahe_canny,none,0.0,False,[],51.85
pet1/pet1_print/IMG_6308.jpg,pet1,pet1_print,ric1-ric5-v6,clahe_canny,none,0.0,False,[],69.13
pet1/pet1_print/IMG_6336 (1).jpg,pet1,pet1_print,yolov8,baseline,none,0.0,False,[],58.66
pet1/pet1_print/IMG_6336 (1).jpg,pet1,pet1_print,ric1-v5,baseline,pet1,0.6462,True,"[{""label"": ""pet1"", ""confidence"": 0.6461842656135559, ""bbox"": [96, 34, 119, 59]}]",54.24
pet1/pet1_print/IMG_6336 (1).jpg,pet1,pet1_print,ric5-v1,baseline,none,0.0,False,[],59.03
pet1/pet1_print/IMG_6336 (1).jpg,pet1,pet1_print,ric1-ric5-v6,baseline,none,0.0,False,[],152.17
pet1/pet1_print/IMG_6336 (1).jpg,pet1,pet1_print,yolov8,clahe,clock,0.3992,False,"[{""label"": ""clock"", ""confidence"": 0.3992079496383667, ""bbox"": [86, 69, 103, 95]}]",60.33
pet1/pet1_print/IMG_6336 (1).jpg,pet1,pet1_print,ric1-v5,clahe,none,0.0,False,[],44.97
pet1/pet1_print/IMG_6336 (1).jpg,pet1,pet1_print,ric5-v1,clahe,none,0.0,False,[],44.48
pet1/pet1_print/IMG_6336 (1).jpg,pet1,pet1_print,ric1-ric5-v6,clahe,none,0.0,False,[],46.66
pet1/pet1_print/IMG_6336 (1).jpg,pet1,pet1_print,yolov8,canny,traffic light,0.5738,False,"[{""label"": ""traffic light"", ""confidence"": 0.5737728476524353, ""bbox"": [46, 20, 161, 130]}]",47.62
pet1/pet1_print/IMG_6336 (1).jpg,pet1,pet1_print,ric1-v5,canny,none,0.0,False,[],44.53
pet1/pet1_print/IMG_6336 (1).jpg,pet1,pet1_print,ric5-v1,canny,none,0.0,False,[],47.39
pet1/pet1_print/IMG_6336 (1).jpg,pet1,pet1_print,ric1-ric5-v6,canny,none,0.0,False,[],116.94
pet1/pet1_print/IMG_6336 (1).jpg,pet1,pet1_print,yolov8,clahe_canny,none,0.0,False,[],98.68
pet1/pet1_print/IMG_6336 (1).jpg,pet1,pet1_print,ric1-v5,clahe_canny,none,0.0,False,[],68.89
pet1/pet1_print/IMG_6336 (1).jpg,pet1,pet1_print,ric5-v1,clahe_canny,none,0.0,False,[],72.12
pet1/pet1_print/IMG_6336 (1).jpg,pet1,pet1_print,ric1-ric5-v6,clahe_canny,none,0.0,False,[],68.92
pet1/pet1_print/IMG_6336.jpg,pet1,pet1_print,yolov8,baseline,none,0.0,False,[],82.07
pet1/pet1_print/IMG_6336.jpg,pet1,pet1_print,ric1-v5,baseline,none,0.0,False,[],75.8
pet1/pet1_print/IMG_6336.jpg,pet1,pet1_print,ric5-v1,baseline,none,0.0,False,[],138.0
pet1/pet1_print/IMG_6336.jpg,pet1,pet1_print,ric1-ric5-v6,baseline,none,0.0,False,[],181.67
pet1/pet1_print/IMG_6336.jpg,pet1,pet1_print,yolov8,clahe,clock,0.3984,False,"[{""label"": ""clock"", ""confidence"": 0.39839819073677063, ""bbox"": [63, 19, 176, 123]}]",49.95
pet1/pet1_print/IMG_6336.jpg,pet1,pet1_print,ric1-v5,clahe,none,0.0,False,[],47.32
pet1/pet1_print/IMG_6336.jpg,pet1,pet1_print,ric5-v1,clahe,none,0.0,False,[],59.8
pet1/pet1_print/IMG_6336.jpg,pet1,pet1_print,ric1-ric5-v6,clahe,none,0.0,False,[],51.32
pet1/pet1_print/IMG_6336.jpg,pet1,pet1_print,yolov8,canny,traffic light,0.2963,False,"[{""label"": ""traffic light"", ""confidence"": 0.29629966616630554, ""bbox"": [63, 21, 177, 130]}]",88.1
pet1/pet1_print/IMG_6336.jpg,pet1,pet1_print,ric1-v5,canny,none,0.0,False,[],48.58
pet1/pet1_print/IMG_6336.jpg,pet1,pet1_print,ric5-v1,canny,none,0.0,False,[],51.35
pet1/pet1_print/IMG_6336.jpg,pet1,pet1_print,ric1-ric5-v6,canny,none,0.0,False,[],44.43
pet1/pet1_print/IMG_6336.jpg,pet1,pet1_print,yolov8,clahe_canny,none,0.0,False,[],50.53
pet1/pet1_print/IMG_6336.jpg,pet1,pet1_print,ric1-v5,clahe_canny,none,0.0,False,[],54.55
pet1/pet1_print/IMG_6336.jpg,pet1,pet1_print,ric5-v1,clahe_canny,none,0.0,False,[],42.67
pet1/pet1_print/IMG_6336.jpg,pet1,pet1_print,ric1-ric5-v6,clahe_canny,none,0.0,False,[],46.17
pet1/pet1_print/IMG_6398.jpg,pet1,pet1_print,yolov8,baseline,skateboard,0.3951,False,"[{""label"": ""skateboard"", ""confidence"": 0.3950774371623993, ""bbox"": [60, 64, 165, 160]}]",46.44
pet1/pet1_print/IMG_6398.jpg,pet1,pet1_print,ric1-v5,baseline,none,0.0,False,[],43.4
pet1/pet1_print/IMG_6398.jpg,pet1,pet1_print,ric5-v1,baseline,none,0.0,False,[],43.29
pet1/pet1_print/IMG_6398.jpg,pet1,pet1_print,ric1-ric5-v6,baseline,none,0.0,False,[],42.53
pet1/pet1_print/IMG_6398.jpg,pet1,pet1_print,yolov8,clahe,person,0.5899,False,"[{""label"": ""person"", ""confidence"": 0.5899483561515808, ""bbox"": [59, 61, 164, 158]}, {""label"": ""motorcycle"", ""confidence"": 0.42719531059265137, ""bbox"": [71, 141, 138, 180]}, {""label"": ""skis"", ""confidence"": 0.3576335906982422, ""bbox"": [74, 192, 99, 223]}, {""label"": ""clock"", ""confidence"": 0.3395298719406128, ""bbox"": [157, 35, 172, 53]}, {""label"": ""person"", ""confidence"": 0.3370917737483978, ""bbox"": [71, 140, 138, 180]}, {""label"": ""clock"", ""confidence"": 0.27586427330970764, ""bbox"": [151, 17, 180, 56]}, {""label"": ""skis"", ""confidence"": 0.27305442094802856, ""bbox"": [46, 182, 78, 223]}]",43.8
pet1/pet1_print/IMG_6398.jpg,pet1,pet1_print,ric1-v5,clahe,none,0.0,False,[],42.67
pet1/pet1_print/IMG_6398.jpg,pet1,pet1_print,ric5-v1,clahe,none,0.0,False,[],43.67
pet1/pet1_print/IMG_6398.jpg,pet1,pet1_print,ric1-ric5-v6,clahe,none,0.0,False,[],71.01
pet1/pet1_print/IMG_6398.jpg,pet1,pet1_print,yolov8,canny,person,0.2504,False,"[{""label"": ""person"", ""confidence"": 0.25036296248435974, ""bbox"": [59, 61, 165, 180]}]",45.6
pet1/pet1_print/IMG_6398.jpg,pet1,pet1_print,ric1-v5,canny,none,0.0,False,[],43.43
pet1/pet1_print/IMG_6398.jpg,pet1,pet1_print,ric5-v1,canny,none,0.0,False,[],42.68
pet1/pet1_print/IMG_6398.jpg,pet1,pet1_print,ric1-ric5-v6,canny,pp5,0.4459,False,"[{""label"": ""pp5"", ""confidence"": 0.44587796926498413, ""bbox"": [122, 9, 147, 44]}]",41.83
pet1/pet1_print/IMG_6398.jpg,pet1,pet1_print,yolov8,clahe_canny,none,0.0,False,[],49.08
pet1/pet1_print/IMG_6398.jpg,pet1,pet1_print,ric1-v5,clahe_canny,pet1,0.3415,True,"[{""label"": ""pet1"", ""confidence"": 0.3415079712867737, ""bbox"": [98, 190, 132, 224]}]",44.61
pet1/pet1_print/IMG_6398.jpg,pet1,pet1_print,ric5-v1,clahe_canny,pp5,0.6564,False,"[{""label"": ""pp5"", ""confidence"": 0.6564120650291443, ""bbox"": [83, 0, 130, 36]}]",47.94
pet1/pet1_print/IMG_6398.jpg,pet1,pet1_print,ric1-ric5-v6,clahe_canny,none,0.0,False,[],45.7
pet1/pet1_print/IMG_6399.jpg,pet1,pet1_print,yolov8,baseline,none,0.0,False,[],47.89
pet1/pet1_print/IMG_6399.jpg,pet1,pet1_print,ric1-v5,baseline,none,0.0,False,[],45.71
pet1/pet1_print/IMG_6399.jpg,pet1,pet1_print,ric5-v1,baseline,none,0.0,False,[],44.67
pet1/pet1_print/IMG_6399.jpg,pet1,pet1_print,ric1-ric5-v6,baseline,none,0.0,False,[],44.21
pet1/pet1_print/IMG_6399.jpg,pet1,pet1_print,yolov8,clahe,none,0.0,False,[],45.45
pet1/pet1_print/IMG_6399.jpg,pet1,pet1_print,ric1-v5,clahe,none,0.0,False,[],43.56
pet1/pet1_print/IMG_6399.jpg,pet1,pet1_print,ric5-v1,clahe,none,0.0,False,[],42.83
pet1/pet1_print/IMG_6399.jpg,pet1,pet1_print,ric1-ric5-v6,clahe,none,0.0,False,[],44.74
pet1/pet1_print/IMG_6399.jpg,pet1,pet1_print,yolov8,canny,none,0.0,False,[],45.11
pet1/pet1_print/IMG_6399.jpg,pet1,pet1_print,ric1-v5,canny,none,0.0,False,[],43.71
pet1/pet1_print/IMG_6399.jpg,pet1,pet1_print,ric5-v1,canny,none,0.0,False,[],43.47
pet1/pet1_print/IMG_6399.jpg,pet1,pet1_print,ric1-ric5-v6,canny,none,0.0,False,[],42.94
pet1/pet1_print/IMG_6399.jpg,pet1,pet1_print,yolov8,clahe_canny,person,0.3293,False,"[{""label"": ""person"", ""confidence"": 0.3293255865573883, ""bbox"": [93, 210, 106, 223]}]",45.48
pet1/pet1_print/IMG_6399.jpg,pet1,pet1_print,ric1-v5,clahe_canny,pet1,0.4214,True,"[{""label"": ""pet1"", ""confidence"": 0.42141208052635193, ""bbox"": [54, 169, 99, 220]}]",43.4
pet1/pet1_print/IMG_6399.jpg,pet1,pet1_print,ric5-v1,clahe_canny,pp5,0.4473,False,"[{""label"": ""pp5"", ""confidence"": 0.4473094940185547, ""bbox"": [130, 158, 172, 191]}, {""label"": ""pp5"", ""confidence"": 0.380928635597229, ""bbox"": [130, 160, 172, 208]}]",42.9
pet1/pet1_print/IMG_6399.jpg,pet1,pet1_print,ric1-ric5-v6,clahe_canny,none,0.0,False,[],42.86
pet1/pet1_print/IMG_6556.jpg,pet1,pet1_print,yolov8,baseline,none,0.0,False,[],45.0
pet1/pet1_print/IMG_6556.jpg,pet1,pet1_print,ric1-v5,baseline,none,0.0,False,[],43.64
pet1/pet1_print/IMG_6556.jpg,pet1,pet1_print,ric5-v1,baseline,none,0.0,False,[],42.25
pet1/pet1_print/IMG_6556.jpg,pet1,pet1_print,ric1-ric5-v6,baseline,none,0.0,False,[],42.0
pet1/pet1_print/IMG_6556.jpg,pet1,pet1_print,yolov8,clahe,umbrella,0.4673,False,"[{""label"": ""umbrella"", ""confidence"": 0.46734070777893066, ""bbox"": [61, 10, 154, 65]}, {""label"": ""train"", ""confidence"": 0.4500865042209625, ""bbox"": [29, 10, 190, 165]}, {""label"": ""train"", ""confidence"": 0.38262584805488586, ""bbox"": [27, 10, 205, 212]}, {""label"": ""clock"", ""confidence"": 0.34196779131889343, ""bbox"": [108, 73, 137, 108]}]",49.25
pet1/pet1_print/IMG_6556.jpg,pet1,pet1_print,ric1-v5,clahe,pet1,0.2944,True,"[{""label"": ""pet1"", ""confidence"": 0.29441481828689575, ""bbox"": [72, 15, 101, 56]}]",44.62
pet1/pet1_print/IMG_6556.jpg,pet1,pet1_print,ric5-v1,clahe,pp5,0.593,False,"[{""label"": ""pp5"", ""confidence"": 0.592988908290863, ""bbox"": [120, 177, 157, 208]}]",49.14
pet1/pet1_print/IMG_6556.jpg,pet1,pet1_print,ric1-ric5-v6,clahe,none,0.0,False,[],47.81
pet1/pet1_print/IMG_6556.jpg,pet1,pet1_print,yolov8,canny,none,0.0,False,[],46.1
pet1/pet1_print/IMG_6556.jpg,pet1,pet1_print,ric1-v5,canny,none,0.0,False,[],42.42
pet1/pet1_print/IMG_6556.jpg,pet1,pet1_print,ric5-v1,canny,pp5,0.2708,False,"[{""label"": ""pp5"", ""confidence"": 0.2707841098308563, ""bbox"": [120, 166, 161, 208]}]",41.35
pet1/pet1_print/IMG_6556.jpg,pet1,pet1_print,ric1-ric5-v6,canny,none,0.0,False,[],41.74
pet1/pet1_print/IMG_6556.jpg,pet1,pet1_print,yolov8,clahe_canny,none,0.0,False,[],44.36
pet1/pet1_print/IMG_6556.jpg,pet1,pet1_print,ric1-v5,clahe_canny,pet1,0.3669,True,"[{""label"": ""pet1"", ""confidence"": 0.36693841218948364, ""bbox"": [85, 125, 118, 172]}, {""label"": ""pet1"", ""confidence"": 0.2950184941291809, ""bbox"": [130, 13, 165, 62]}]",41.6
pet1/pet1_print/IMG_6556.jpg,pet1,pet1_print,ric5-v1,clahe_canny,pp5,0.4319,False,"[{""label"": ""pp5"", ""confidence"": 0.4318505823612213, ""bbox"": [96, 72, 149, 109]}, {""label"": ""pp5"", ""confidence"": 0.3764532208442688, ""bbox"": [122, 155, 178, 212]}]",42.72
pet1/pet1_print/IMG_6556.jpg,pet1,pet1_print,ric1-ric5-v6,clahe_canny,none,0.0,False,[],42.37
pet1/pet1_print/IMG_6745.jpg,pet1,pet1_print,yolov8,baseline,none,0.0,False,[],43.55
pet1/pet1_print/IMG_6745.jpg,pet1,pet1_print,ric1-v5,baseline,none,0.0,False,[],42.48
pet1/pet1_print/IMG_6745.jpg,pet1,pet1_print,ric5-v1,baseline,none,0.0,False,[],41.71
pet1/pet1_print/IMG_6745.jpg,pet1,pet1_print,ric1-ric5-v6,baseline,none,0.0,False,[],42.41
pet1/pet1_print/IMG_6745.jpg,pet1,pet1_print,yolov8,clahe,none,0.0,False,[],43.99
pet1/pet1_print/IMG_6745.jpg,pet1,pet1_print,ric1-v5,clahe,none,0.0,False,[],42.0
pet1/pet1_print/IMG_6745.jpg,pet1,pet1_print,ric5-v1,clahe,none,0.0,False,[],41.37
pet1/pet1_print/IMG_6745.jpg,pet1,pet1_print,ric1-ric5-v6,clahe,none,0.0,False,[],42.4
pet1/pet1_print/IMG_6745.jpg,pet1,pet1_print,yolov8,canny,none,0.0,False,[],43.21
pet1/pet1_print/IMG_6745.jpg,pet1,pet1_print,ric1-v5,canny,none,0.0,False,[],41.32
pet1/pet1_print/IMG_6745.jpg,pet1,pet1_print,ric5-v1,canny,none,0.0,False,[],45.55
pet1/pet1_print/IMG_6745.jpg,pet1,pet1_print,ric1-ric5-v6,canny,none,0.0,False,[],43.27
pet1/pet1_print/IMG_6745.jpg,pet1,pet1_print,yolov8,clahe_canny,none,0.0,False,[],47.19
pet1/pet1_print/IMG_6745.jpg,pet1,pet1_print,ric1-v5,clahe_canny,pet1,0.2813,True,"[{""label"": ""pet1"", ""confidence"": 0.28128769993782043, ""bbox"": [74, 162, 112, 212]}]",45.46
pet1/pet1_print/IMG_6745.jpg,pet1,pet1_print,ric5-v1,clahe_canny,pp5,0.4548,False,"[{""label"": ""pp5"", ""confidence"": 0.4547530710697174, ""bbox"": [136, 143, 179, 199]}]",43.16
pet1/pet1_print/IMG_6745.jpg,pet1,pet1_print,ric1-ric5-v6,clahe_canny,none,0.0,False,[],42.43
pet1/pet1_print/IMG_6749 (1).jpg,pet1,pet1_print,yolov8,baseline,none,0.0,False,[],43.5
pet1/pet1_print/IMG_6749 (1).jpg,pet1,pet1_print,ric1-v5,baseline,none,0.0,False,[],41.79
pet1/pet1_print/IMG_6749 (1).jpg,pet1,pet1_print,ric5-v1,baseline,none,0.0,False,[],42.73
pet1/pet1_print/IMG_6749 (1).jpg,pet1,pet1_print,ric1-ric5-v6,baseline,none,0.0,False,[],42.99
pet1/pet1_print/IMG_6749 (1).jpg,pet1,pet1_print,yolov8,clahe,none,0.0,False,[],43.94
pet1/pet1_print/IMG_6749 (1).jpg,pet1,pet1_print,ric1-v5,clahe,none,0.0,False,[],42.19
pet1/pet1_print/IMG_6749 (1).jpg,pet1,pet1_print,ric5-v1,clahe,none,0.0,False,[],41.78
pet1/pet1_print/IMG_6749 (1).jpg,pet1,pet1_print,ric1-ric5-v6,clahe,none,0.0,False,[],42.23
pet1/pet1_print/IMG_6749 (1).jpg,pet1,pet1_print,yolov8,canny,none,0.0,False,[],44.09
pet1/pet1_print/IMG_6749 (1).jpg,pet1,pet1_print,ric1-v5,canny,none,0.0,False,[],43.85
pet1/pet1_print/IMG_6749 (1).jpg,pet1,pet1_print,ric5-v1,canny,none,0.0,False,[],42.87
pet1/pet1_print/IMG_6749 (1).jpg,pet1,pet1_print,ric1-ric5-v6,canny,none,0.0,False,[],42.16
pet1/pet1_print/IMG_6749 (1).jpg,pet1,pet1_print,yolov8,clahe_canny,none,0.0,False,[],43.98
pet1/pet1_print/IMG_6749 (1).jpg,pet1,pet1_print,ric1-v5,clahe_canny,none,0.0,False,[],42.67
pet1/pet1_print/IMG_6749 (1).jpg,pet1,pet1_print,ric5-v1,clahe_canny,none,0.0,False,[],42.3
pet1/pet1_print/IMG_6749 (1).jpg,pet1,pet1_print,ric1-ric5-v6,clahe_canny,none,0.0,False,[],42.43
pet1/pet1_print/IMG_6749.jpg,pet1,pet1_print,yolov8,baseline,none,0.0,False,[],47.15
pet1/pet1_print/IMG_6749.jpg,pet1,pet1_print,ric1-v5,baseline,none,0.0,False,[],44.6
pet1/pet1_print/IMG_6749.jpg,pet1,pet1_print,ric5-v1,baseline,none,0.0,False,[],43.97
pet1/pet1_print/IMG_6749.jpg,pet1,pet1_print,ric1-ric5-v6,baseline,none,0.0,False,[],46.17
pet1/pet1_print/IMG_6749.jpg,pet1,pet1_print,yolov8,clahe,none,0.0,False,[],45.9
pet1/pet1_print/IMG_6749.jpg,pet1,pet1_print,ric1-v5,clahe,none,0.0,False,[],41.68
pet1/pet1_print/IMG_6749.jpg,pet1,pet1_print,ric5-v1,clahe,none,0.0,False,[],42.97
pet1/pet1_print/IMG_6749.jpg,pet1,pet1_print,ric1-ric5-v6,clahe,none,0.0,False,[],47.11
pet1/pet1_print/IMG_6749.jpg,pet1,pet1_print,yolov8,canny,none,0.0,False,[],46.98
pet1/pet1_print/IMG_6749.jpg,pet1,pet1_print,ric1-v5,canny,none,0.0,False,[],42.11
pet1/pet1_print/IMG_6749.jpg,pet1,pet1_print,ric5-v1,canny,none,0.0,False,[],43.79
pet1/pet1_print/IMG_6749.jpg,pet1,pet1_print,ric1-ric5-v6,canny,none,0.0,False,[],42.93
pet1/pet1_print/IMG_6749.jpg,pet1,pet1_print,yolov8,clahe_canny,none,0.0,False,[],43.67
pet1/pet1_print/IMG_6749.jpg,pet1,pet1_print,ric1-v5,clahe_canny,none,0.0,False,[],42.46
pet1/pet1_print/IMG_6749.jpg,pet1,pet1_print,ric5-v1,clahe_canny,pp5,0.4236,False,"[{""label"": ""pp5"", ""confidence"": 0.4236094653606415, ""bbox"": [89, 76, 145, 123]}, {""label"": ""pp5"", ""confidence"": 0.29368191957473755, ""bbox"": [119, 165, 160, 215]}]",42.04
pet1/pet1_print/IMG_6749.jpg,pet1,pet1_print,ric1-ric5-v6,clahe_canny,none,0.0,False,[],40.05
pet1/pet1_print/IMG_6798 (1).jpg,pet1,pet1_print,yolov8,baseline,none,0.0,False,[],43.37
pet1/pet1_print/IMG_6798 (1).jpg,pet1,pet1_print,ric1-v5,baseline,pet1,0.4956,True,"[{""label"": ""pet1"", ""confidence"": 0.49563589692115784, ""bbox"": [68, 176, 82, 190]}]",41.69
pet1/pet1_print/IMG_6798 (1).jpg,pet1,pet1_print,ric5-v1,baseline,none,0.0,False,[],41.71
pet1/pet1_print/IMG_6798 (1).jpg,pet1,pet1_print,ric1-ric5-v6,baseline,none,0.0,False,[],41.33
pet1/pet1_print/IMG_6798 (1).jpg,pet1,pet1_print,yolov8,clahe,none,0.0,False,[],44.26
pet1/pet1_print/IMG_6798 (1).jpg,pet1,pet1_print,ric1-v5,clahe,none,0.0,False,[],41.07
pet1/pet1_print/IMG_6798 (1).jpg,pet1,pet1_print,ric5-v1,clahe,none,0.0,False,[],45.51
pet1/pet1_print/IMG_6798 (1).jpg,pet1,pet1_print,ric1-ric5-v6,clahe,none,0.0,False,[],43.44
pet1/pet1_print/IMG_6798 (1).jpg,pet1,pet1_print,yolov8,canny,traffic light,0.2683,False,"[{""label"": ""traffic light"", ""confidence"": 0.2683110237121582, ""bbox"": [61, 166, 92, 213]}]",46.89
pet1/pet1_print/IMG_6798 (1).jpg,pet1,pet1_print,ric1-v5,canny,none,0.0,False,[],45.16
pet1/pet1_print/IMG_6798 (1).jpg,pet1,pet1_print,ric5-v1,canny,none,0.0,False,[],42.53
pet1/pet1_print/IMG_6798 (1).jpg,pet1,pet1_print,ric1-ric5-v6,canny,none,0.0,False,[],41.12
pet1/pet1_print/IMG_6798 (1).jpg,pet1,pet1_print,yolov8,clahe_canny,none,0.0,False,[],43.89
pet1/pet1_print/IMG_6798 (1).jpg,pet1,pet1_print,ric1-v5,clahe_canny,pet1,0.5587,True,"[{""label"": ""pet1"", ""confidence"": 0.558716893196106, ""bbox"": [0, 170, 31, 213]}, {""label"": ""pet1"", ""confidence"": 0.3446885645389557, ""bbox"": [169, 212, 192, 224]}]",41.91
pet1/pet1_print/IMG_6798 (1).jpg,pet1,pet1_print,ric5-v1,clahe_canny,none,0.0,False,[],42.85
pet1/pet1_print/IMG_6798 (1).jpg,pet1,pet1_print,ric1-ric5-v6,clahe_canny,none,0.0,False,[],41.22
pet1/pet1_print/IMG_6798.jpg,pet1,pet1_print,yolov8,baseline,none,0.0,False,[],43.98
pet1/pet1_print/IMG_6798.jpg,pet1,pet1_print,ric1-v5,baseline,pet1,0.4956,True,"[{""label"": ""pet1"", ""confidence"": 0.49563589692115784, ""bbox"": [68, 176, 82, 190]}]",42.15
pet1/pet1_print/IMG_6798.jpg,pet1,pet1_print,ric5-v1,baseline,none,0.0,False,[],42.03
pet1/pet1_print/IMG_6798.jpg,pet1,pet1_print,ric1-ric5-v6,baseline,none,0.0,False,[],41.01
pet1/pet1_print/IMG_6798.jpg,pet1,pet1_print,yolov8,clahe,none,0.0,False,[],42.36
pet1/pet1_print/IMG_6798.jpg,pet1,pet1_print,ric1-v5,clahe,none,0.0,False,[],41.17
pet1/pet1_print/IMG_6798.jpg,pet1,pet1_print,ric5-v1,clahe,none,0.0,False,[],42.37
pet1/pet1_print/IMG_6798.jpg,pet1,pet1_print,ric1-ric5-v6,clahe,none,0.0,False,[],42.28
pet1/pet1_print/IMG_6798.jpg,pet1,pet1_print,yolov8,canny,traffic light,0.2683,False,"[{""label"": ""traffic light"", ""confidence"": 0.2683110237121582, ""bbox"": [61, 166, 92, 213]}]",43.89
pet1/pet1_print/IMG_6798.jpg,pet1,pet1_print,ric1-v5,canny,none,0.0,False,[],43.2
pet1/pet1_print/IMG_6798.jpg,pet1,pet1_print,ric5-v1,canny,none,0.0,False,[],41.26
pet1/pet1_print/IMG_6798.jpg,pet1,pet1_print,ric1-ric5-v6,canny,none,0.0,False,[],41.56
pet1/pet1_print/IMG_6798.jpg,pet1,pet1_print,yolov8,clahe_canny,none,0.0,False,[],46.64
pet1/pet1_print/IMG_6798.jpg,pet1,pet1_print,ric1-v5,clahe_canny,pet1,0.5587,True,"[{""label"": ""pet1"", ""confidence"": 0.558716893196106, ""bbox"": [0, 170, 31, 213]}, {""label"": ""pet1"", ""confidence"": 0.3446885645389557, ""bbox"": [169, 212, 192, 224]}]",43.76
pet1/pet1_print/IMG_6798.jpg,pet1,pet1_print,ric5-v1,clahe_canny,none,0.0,False,[],44.56
pet1/pet1_print/IMG_6798.jpg,pet1,pet1_print,ric1-ric5-v6,clahe_canny,none,0.0,False,[],45.78
pet1/pet1_print/IMG_6828 (1).jpg,pet1,pet1_print,yolov8,baseline,none,0.0,False,[],45.66
pet1/pet1_print/IMG_6828 (1).jpg,pet1,pet1_print,ric1-v5,baseline,none,0.0,False,[],42.66
pet1/pet1_print/IMG_6828 (1).jpg,pet1,pet1_print,ric5-v1,baseline,none,0.0,False,[],40.88
pet1/pet1_print/IMG_6828 (1).jpg,pet1,pet1_print,ric1-ric5-v6,baseline,none,0.0,False,[],41.19
pet1/pet1_print/IMG_6828 (1).jpg,pet1,pet1_print,yolov8,clahe,none,0.0,False,[],44.41
pet1/pet1_print/IMG_6828 (1).jpg,pet1,pet1_print,ric1-v5,clahe,pet1,0.3183,True,"[{""label"": ""pet1"", ""confidence"": 0.3182957172393799, ""bbox"": [371, 180, 405, 219]}]",42.13
pet1/pet1_print/IMG_6828 (1).jpg,pet1,pet1_print,ric5-v1,clahe,none,0.0,False,[],41.54
pet1/pet1_print/IMG_6828 (1).jpg,pet1,pet1_print,ric1-ric5-v6,clahe,none,0.0,False,[],41.06
pet1/pet1_print/IMG_6828 (1).jpg,pet1,pet1_print,yolov8,canny,none,0.0,False,[],43.03
pet1/pet1_print/IMG_6828 (1).jpg,pet1,pet1_print,ric1-v5,canny,none,0.0,False,[],41.95
pet1/pet1_print/IMG_6828 (1).jpg,pet1,pet1_print,ric5-v1,canny,none,0.0,False,[],40.75
pet1/pet1_print/IMG_6828 (1).jpg,pet1,pet1_print,ric1-ric5-v6,canny,none,0.0,False,[],40.99
pet1/pet1_print/IMG_6828 (1).jpg,pet1,pet1_print,yolov8,clahe_canny,none,0.0,False,[],43.05
pet1/pet1_print/IMG_6828 (1).jpg,pet1,pet1_print,ric1-v5,clahe_canny,none,0.0,False,[],40.5
pet1/pet1_print/IMG_6828 (1).jpg,pet1,pet1_print,ric5-v1,clahe_canny,none,0.0,False,[],42.23
pet1/pet1_print/IMG_6828 (1).jpg,pet1,pet1_print,ric1-ric5-v6,clahe_canny,none,0.0,False,[],41.21
pet1/pet1_print/IMG_6828.jpg,pet1,pet1_print,yolov8,baseline,none,0.0,False,[],44.91
pet1/pet1_print/IMG_6828.jpg,pet1,pet1_print,ric1-v5,baseline,none,0.0,False,[],42.17
pet1/pet1_print/IMG_6828.jpg,pet1,pet1_print,ric5-v1,baseline,none,0.0,False,[],41.63
pet1/pet1_print/IMG_6828.jpg,pet1,pet1_print,ric1-ric5-v6,baseline,none,0.0,False,[],46.33
pet1/pet1_print/IMG_6828.jpg,pet1,pet1_print,yolov8,clahe,none,0.0,False,[],45.42
pet1/pet1_print/IMG_6828.jpg,pet1,pet1_print,ric1-v5,clahe,pet1,0.3183,True,"[{""label"": ""pet1"", ""confidence"": 0.3182957172393799, ""bbox"": [371, 180, 405, 219]}]",44.6
pet1/pet1_print/IMG_6828.jpg,pet1,pet1_print,ric5-v1,clahe,none,0.0,False,[],45.66
pet1/pet1_print/IMG_6828.jpg,pet1,pet1_print,ric1-ric5-v6,clahe,none,0.0,False,[],41.84
pet1/pet1_print/IMG_6828.jpg,pet1,pet1_print,yolov8,canny,none,0.0,False,[],43.62
pet1/pet1_print/IMG_6828.jpg,pet1,pet1_print,ric1-v5,canny,none,0.0,False,[],42.0
pet1/pet1_print/IMG_6828.jpg,pet1,pet1_print,ric5-v1,canny,none,0.0,False,[],43.83
pet1/pet1_print/IMG_6828.jpg,pet1,pet1_print,ric1-ric5-v6,canny,none,0.0,False,[],41.54
pet1/pet1_print/IMG_6828.jpg,pet1,pet1_print,yolov8,clahe_canny,none,0.0,False,[],45.24
pet1/pet1_print/IMG_6828.jpg,pet1,pet1_print,ric1-v5,clahe_canny,none,0.0,False,[],41.14
pet1/pet1_print/IMG_6828.jpg,pet1,pet1_print,ric5-v1,clahe_canny,none,0.0,False,[],42.24
pet1/pet1_print/IMG_6828.jpg,pet1,pet1_print,ric1-ric5-v6,clahe_canny,none,0.0,False,[],41.8
pet1/pet1_print/IMG_6993.jpg,pet1,pet1_print,yolov8,baseline,none,0.0,False,[],43.04
pet1/pet1_print/IMG_6993.jpg,pet1,pet1_print,ric1-v5,baseline,none,0.0,False,[],43.03
pet1/pet1_print/IMG_6993.jpg,pet1,pet1_print,ric5-v1,baseline,none,0.0,False,[],40.73
pet1/pet1_print/IMG_6993.jpg,pet1,pet1_print,ric1-ric5-v6,baseline,none,0.0,False,[],41.12
pet1/pet1_print/IMG_6993.jpg,pet1,pet1_print,yolov8,clahe,suitcase,0.2913,False,"[{""label"": ""suitcase"", ""confidence"": 0.29134401679039, ""bbox"": [36, 12, 195, 153]}]",44.56
pet1/pet1_print/IMG_6993.jpg,pet1,pet1_print,ric1-v5,clahe,none,0.0,False,[],41.44
pet1/pet1_print/IMG_6993.jpg,pet1,pet1_print,ric5-v1,clahe,none,0.0,False,[],42.18
pet1/pet1_print/IMG_6993.jpg,pet1,pet1_print,ric1-ric5-v6,clahe,none,0.0,False,[],40.49
pet1/pet1_print/IMG_6993.jpg,pet1,pet1_print,yolov8,canny,traffic light,0.3625,False,"[{""label"": ""traffic light"", ""confidence"": 0.36245596408843994, ""bbox"": [105, 75, 127, 117]}]",43.14
pet1/pet1_print/IMG_6993.jpg,pet1,pet1_print,ric1-v5,canny,none,0.0,False,[],46.08
pet1/pet1_print/IMG_6993.jpg,pet1,pet1_print,ric5-v1,canny,none,0.0,False,[],43.46
pet1/pet1_print/IMG_6993.jpg,pet1,pet1_print,ric1-ric5-v6,canny,none,0.0,False,[],44.67
pet1/pet1_print/IMG_6993.jpg,pet1,pet1_print,yolov8,clahe_canny,none,0.0,False,[],48.94
pet1/pet1_print/IMG_6993.jpg,pet1,pet1_print,ric1-v5,clahe_canny,none,0.0,False,[],42.58
pet1/pet1_print/IMG_6993.jpg,pet1,pet1_print,ric5-v1,clahe_canny,none,0.0,False,[],42.02
pet1/pet1_print/IMG_6993.jpg,pet1,pet1_print,ric1-ric5-v6,clahe_canny,none,0.0,False,[],41.99
pet1/pet1_print/IMG_6994.jpg,pet1,pet1_print,yolov8,baseline,clock,0.2696,False,"[{""label"": ""clock"", ""confidence"": 0.26962175965309143, ""bbox"": [137, 172, 153, 193]}]",43.27
pet1/pet1_print/IMG_6994.jpg,pet1,pet1_print,ric1-v5,baseline,none,0.0,False,[],42.3
pet1/pet1_print/IMG_6994.jpg,pet1,pet1_print,ric5-v1,baseline,none,0.0,False,[],41.72
pet1/pet1_print/IMG_6994.jpg,pet1,pet1_print,ric1-ric5-v6,baseline,none,0.0,False,[],42.05
pet1/pet1_print/IMG_6994.jpg,pet1,pet1_print,yolov8,clahe,none,0.0,False,[],43.74
pet1/pet1_print/IMG_6994.jpg,pet1,pet1_print,ric1-v5,clahe,none,0.0,False,[],42.75
pet1/pet1_print/IMG_6994.jpg,pet1,pet1_print,ric5-v1,clahe,none,0.0,False,[],41.16
pet1/pet1_print/IMG_6994.jpg,pet1,pet1_print,ric1-ric5-v6,clahe,none,0.0,False,[],41.81
pet1/pet1_print/IMG_6994.jpg,pet1,pet1_print,yolov8,canny,chair,0.3634,False,"[{""label"": ""chair"", ""confidence"": 0.36337846517562866, ""bbox"": [131, 167, 160, 216]}, {""label"": ""traffic light"", ""confidence"": 0.2988496422767639, ""bbox"": [100, 133, 117, 158]}]",44.05
pet1/pet1_print/IMG_6994.jpg,pet1,pet1_print,ric1-v5,canny,none,0.0,False,[],42.45
pet1/pet1_print/IMG_6994.jpg,pet1,pet1_print,ric5-v1,canny,none,0.0,False,[],41.78
pet1/pet1_print/IMG_6994.jpg,pet1,pet1_print,ric1-ric5-v6,canny,none,0.0,False,[],43.35
pet1/pet1_print/IMG_6994.jpg,pet1,pet1_print,yolov8,clahe_canny,none,0.0,False,[],44.61
pet1/pet1_print/IMG_6994.jpg,pet1,pet1_print,ric1-v5,clahe_canny,pet1,0.3996,True,"[{""label"": ""pet1"", ""confidence"": 0.39957913756370544, ""bbox"": [57, 85, 111, 140]}]",42.05
pet1/pet1_print/IMG_6994.jpg,pet1,pet1_print,ric5-v1,clahe_canny,none,0.0,False,[],43.33
pet1/pet1_print/IMG_6994.jpg,pet1,pet1_print,ric1-ric5-v6,clahe_canny,none,0.0,False,[],46.85
pet1/pet1_print/IMG_7245.jpg,pet1,pet1_print,yolov8,baseline,none,0.0,False,[],45.49
pet1/pet1_print/IMG_7245.jpg,pet1,pet1_print,ric1-v5,baseline,none,0.0,False,[],44.84
pet1/pet1_print/IMG_7245.jpg,pet1,pet1_print,ric5-v1,baseline,none,0.0,False,[],45.82
pet1/pet1_print/IMG_7245.jpg,pet1,pet1_print,ric1-ric5-v6,baseline,none,0.0,False,[],44.43
pet1/pet1_print/IMG_7245.jpg,pet1,pet1_print,yolov8,clahe,cat,0.4245,False,"[{""label"": ""cat"", ""confidence"": 0.4245184361934662, ""bbox"": [47, 19, 164, 135]}]",44.53
pet1/pet1_print/IMG_7245.jpg,pet1,pet1_print,ric1-v5,clahe,pet1,0.495,True,"[{""label"": ""pet1"", ""confidence"": 0.49501749873161316, ""bbox"": [137, 175, 153, 193]}, {""label"": ""pet1"", ""confidence"": 0.2871798276901245, ""bbox"": [146, 133, 159, 146]}]",41.57
pet1/pet1_print/IMG_7245.jpg,pet1,pet1_print,ric5-v1,clahe,none,0.0,False,[],44.49
pet1/pet1_print/IMG_7245.jpg,pet1,pet1_print,ric1-ric5-v6,clahe,none,0.0,False,[],43.14
pet1/pet1_print/IMG_7245.jpg,pet1,pet1_print,yolov8,canny,none,0.0,False,[],44.44
pet1/pet1_print/IMG_7245.jpg,pet1,pet1_print,ric1-v5,canny,none,0.0,False,[],41.48
pet1/pet1_print/IMG_7245.jpg,pet1,pet1_print,ric5-v1,canny,none,0.0,False,[],41.8
pet1/pet1_print/IMG_7245.jpg,pet1,pet1_print,ric1-ric5-v6,canny,none,0.0,False,[],42.99
pet1/pet1_print/IMG_7245.jpg,pet1,pet1_print,yolov8,clahe_canny,none,0.0,False,[],43.22
pet1/pet1_print/IMG_7245.jpg,pet1,pet1_print,ric1-v5,clahe_canny,none,0.0,False,[],41.65
pet1/pet1_print/IMG_7245.jpg,pet1,pet1_print,ric5-v1,clahe_canny,pp5,0.5706,False,"[{""label"": ""pp5"", ""confidence"": 0.570624053478241, ""bbox"": [70, 62, 122, 102]}, {""label"": ""pp5"", ""confidence"": 0.4605599641799927, ""bbox"": [115, 119, 178, 190]}, {""label"": ""pp5"", ""confidence"": 0.310805082321167, ""bbox"": [122, 125, 169, 190]}]",41.45
pet1/pet1_print/IMG_7245.jpg,pet1,pet1_print,ric1-ric5-v6,clahe_canny,none,0.0,False,[],41.4
pet1/pet1_special/IMG20220602105149.jpg,pet1,pet1_special,yolov8,baseline,none,0.0,False,[],42.9
pet1/pet1_special/IMG20220602105149.jpg,pet1,pet1_special,ric1-v5,baseline,none,0.0,False,[],42.67
pet1/pet1_special/IMG20220602105149.jpg,pet1,pet1_special,ric5-v1,baseline,none,0.0,False,[],41.63
pet1/pet1_special/IMG20220602105149.jpg,pet1,pet1_special,ric1-ric5-v6,baseline,none,0.0,False,[],42.7
pet1/pet1_special/IMG20220602105149.jpg,pet1,pet1_special,yolov8,clahe,none,0.0,False,[],73.08
pet1/pet1_special/IMG20220602105149.jpg,pet1,pet1_special,ric1-v5,clahe,pet1,0.7196,True,"[{""label"": ""pet1"", ""confidence"": 0.7196279764175415, ""bbox"": [128, 276, 193, 350]}, {""label"": ""pet1"", ""confidence"": 0.636029839515686, ""bbox"": [192, 193, 229, 260]}]",46.23
pet1/pet1_special/IMG20220602105149.jpg,pet1,pet1_special,ric5-v1,clahe,none,0.0,False,[],43.55
pet1/pet1_special/IMG20220602105149.jpg,pet1,pet1_special,ric1-ric5-v6,clahe,pp5,0.5851,False,"[{""label"": ""pp5"", ""confidence"": 0.5851472020149231, ""bbox"": [273, 380, 304, 416]}, {""label"": ""pp5"", ""confidence"": 0.4050489068031311, ""bbox"": [130, 357, 178, 392]}, {""label"": ""pp5"", ""confidence"": 0.25682342052459717, ""bbox"": [259, 379, 304, 416]}]",45.62
pet1/pet1_special/IMG20220602105149.jpg,pet1,pet1_special,yolov8,canny,none,0.0,False,[],46.95
pet1/pet1_special/IMG20220602105149.jpg,pet1,pet1_special,ric1-v5,canny,none,0.0,False,[],42.25
pet1/pet1_special/IMG20220602105149.jpg,pet1,pet1_special,ric5-v1,canny,none,0.0,False,[],40.72
pet1/pet1_special/IMG20220602105149.jpg,pet1,pet1_special,ric1-ric5-v6,canny,none,0.0,False,[],41.15
pet1/pet1_special/IMG20220602105149.jpg,pet1,pet1_special,yolov8,clahe_canny,none,0.0,False,[],43.46
pet1/pet1_special/IMG20220602105149.jpg,pet1,pet1_special,ric1-v5,clahe_canny,none,0.0,False,[],41.21
pet1/pet1_special/IMG20220602105149.jpg,pet1,pet1_special,ric5-v1,clahe_canny,pp5,0.8143,False,"[{""label"": ""pp5"", ""confidence"": 0.8143459558486938, ""bbox"": [184, 117, 254, 178]}]",41.99
pet1/pet1_special/IMG20220602105149.jpg,pet1,pet1_special,ric1-ric5-v6,clahe_canny,pp5,0.3452,False,"[{""label"": ""pp5"", ""confidence"": 0.34523022174835205, ""bbox"": [173, 115, 255, 185]}, {""label"": ""pp5"", ""confidence"": 0.31976553797721863, ""bbox"": [242, 358, 303, 416]}]",41.47
pet1/pet1_special/IMG_6271.jpg,pet1,pet1_special,yolov8,baseline,vase,0.3233,False,"[{""label"": ""vase"", ""confidence"": 0.32330989837646484, ""bbox"": [113, 99, 176, 189]}]",43.98
pet1/pet1_special/IMG_6271.jpg,pet1,pet1_special,ric1-v5,baseline,pet1,0.719,True,"[{""label"": ""pet1"", ""confidence"": 0.7190073728561401, ""bbox"": [108, 58, 134, 93]}, {""label"": ""pet1"", ""confidence"": 0.29411229491233826, ""bbox"": [105, 108, 120, 131]}]",40.85
pet1/pet1_special/IMG_6271.jpg,pet1,pet1_special,ric5-v1,baseline,none,0.0,False,[],40.93
pet1/pet1_special/IMG_6271.jpg,pet1,pet1_special,ric1-ric5-v6,baseline,none,0.0,False,[],42.07
pet1/pet1_special/IMG_6271.jpg,pet1,pet1_special,yolov8,clahe,none,0.0,False,[],44.86
pet1/pet1_special/IMG_6271.jpg,pet1,pet1_special,ric1-v5,clahe,pet1,0.6582,True,"[{""label"": ""pet1"", ""confidence"": 0.6581602692604065, ""bbox"": [112, 60, 135, 90]}, {""label"": ""pet1"", ""confidence"": 0.4896111786365509, ""bbox"": [105, 108, 120, 131]}, {""label"": ""pet1"", ""confidence"": 0.4190293550491333, ""bbox"": [179, 183, 201, 214]}]",42.38
pet1/pet1_special/IMG_6271.jpg,pet1,pet1_special,ric5-v1,clahe,none,0.0,False,[],42.32
pet1/pet1_special/IMG_6271.jpg,pet1,pet1_special,ric1-ric5-v6,clahe,none,0.0,False,[],42.6
pet1/pet1_special/IMG_6271.jpg,pet1,pet1_special,yolov8,canny,none,0.0,False,[],44.15
pet1/pet1_special/IMG_6271.jpg,pet1,pet1_special,ric1-v5,canny,none,0.0,False,[],42.31
pet1/pet1_special/IMG_6271.jpg,pet1,pet1_special,ric5-v1,canny,none,0.0,False,[],41.3
pet1/pet1_special/IMG_6271.jpg,pet1,pet1_special,ric1-ric5-v6,canny,none,0.0,False,[],44.59
pet1/pet1_special/IMG_6271.jpg,pet1,pet1_special,yolov8,clahe_canny,none,0.0,False,[],45.7
pet1/pet1_special/IMG_6271.jpg,pet1,pet1_special,ric1-v5,clahe_canny,none,0.0,False,[],46.54
pet1/pet1_special/IMG_6271.jpg,pet1,pet1_special,ric5-v1,clahe_canny,none,0.0,False,[],45.54
pet1/pet1_special/IMG_6271.jpg,pet1,pet1_special,ric1-ric5-v6,clahe_canny,none,0.0,False,[],41.8
pet1/pet1_special/IMG_6538.jpg,pet1,pet1_special,yolov8,baseline,none,0.0,False,[],44.19
pet1/pet1_special/IMG_6538.jpg,pet1,pet1_special,ric1-v5,baseline,pet1,0.3128,True,"[{""label"": ""pet1"", ""confidence"": 0.3127531111240387, ""bbox"": [68, 88, 93, 115]}]",41.49
pet1/pet1_special/IMG_6538.jpg,pet1,pet1_special,ric5-v1,baseline,none,0.0,False,[],42.26
pet1/pet1_special/IMG_6538.jpg,pet1,pet1_special,ric1-ric5-v6,baseline,none,0.0,False,[],42.68
pet1/pet1_special/IMG_6538.jpg,pet1,pet1_special,yolov8,clahe,clock,0.4866,False,"[{""label"": ""clock"", ""confidence"": 0.48659026622772217, ""bbox"": [82, 114, 113, 149]}, {""label"": ""clock"", ""confidence"": 0.4297202229499817, ""bbox"": [69, 113, 115, 174]}, {""label"": ""clock"", ""confidence"": 0.2598855495452881, ""bbox"": [17, 83, 115, 175]}, {""label"": ""cell phone"", ""confidence"": 0.2540939152240753, ""bbox"": [33, 145, 64, 171]}]",44.06
pet1/pet1_special/IMG_6538.jpg,pet1,pet1_special,ric1-v5,clahe,none,0.0,False,[],42.48
pet1/pet1_special/IMG_6538.jpg,pet1,pet1_special,ric5-v1,clahe,none,0.0,False,[],42.0
pet1/pet1_special/IMG_6538.jpg,pet1,pet1_special,ric1-ric5-v6,clahe,none,0.0,False,[],41.89
pet1/pet1_special/IMG_6538.jpg,pet1,pet1_special,yolov8,canny,traffic light,0.296,False,"[{""label"": ""traffic light"", ""confidence"": 0.29595234990119934, ""bbox"": [163, 118, 189, 151]}]",42.41
pet1/pet1_special/IMG_6538.jpg,pet1,pet1_special,ric1-v5,canny,none,0.0,False,[],42.65
pet1/pet1_special/IMG_6538.jpg,pet1,pet1_special,ric5-v1,canny,none,0.0,False,[],40.62
pet1/pet1_special/IMG_6538.jpg,pet1,pet1_special,ric1-ric5-v6,canny,none,0.0,False,[],40.75
pet1/pet1_special/IMG_6538.jpg,pet1,pet1_special,yolov8,clahe_canny,none,0.0,False,[],43.72
pet1/pet1_special/IMG_6538.jpg,pet1,pet1_special,ric1-v5,clahe_canny,none,0.0,False,[],41.04
pet1/pet1_special/IMG_6538.jpg,pet1,pet1_special,ric5-v1,clahe_canny,pp5,0.2613,False,"[{""label"": ""pp5"", ""confidence"": 0.2613491117954254, ""bbox"": [66, 113, 116, 156]}]",42.55
pet1/pet1_special/IMG_6538.jpg,pet1,pet1_special,ric1-ric5-v6,clahe_canny,none,0.0,False,[],41.26
pet1/pet1_special/NDKM1685.jpg,pet1,pet1_special,yolov8,baseline,cat,0.4083,False,"[{""label"": ""cat"", ""confidence"": 0.40827077627182007, ""bbox"": [56, 47, 166, 145]}]",43.52
pet1/pet1_special/NDKM1685.jpg,pet1,pet1_special,ric1-v5,baseline,none,0.0,False,[],46.7
pet1/pet1_special/NDKM1685.jpg,pet1,pet1_special,ric5-v1,baseline,none,0.0,False,[],43.51
pet1/pet1_special/NDKM1685.jpg,pet1,pet1_special,ric1-ric5-v6,baseline,none,0.0,False,[],43.86
pet1/pet1_special/NDKM1685.jpg,pet1,pet1_special,yolov8,clahe,person,0.2843,False,"[{""label"": ""person"", ""confidence"": 0.2842525541782379, ""bbox"": [55, 48, 167, 145]}]",46.6
pet1/pet1_special/NDKM1685.jpg,pet1,pet1_special,ric1-v5,clahe,none,0.0,False,[],42.25
pet1/pet1_special/NDKM1685.jpg,pet1,pet1_special,ric5-v1,clahe,none,0.0,False,[],41.54
pet1/pet1_special/NDKM1685.jpg,pet1,pet1_special,ric1-ric5-v6,clahe,none,0.0,False,[],41.93
pet1/pet1_special/NDKM1685.jpg,pet1,pet1_special,yolov8,canny,person,0.3556,False,"[{""label"": ""person"", ""confidence"": 0.35562387108802795, ""bbox"": [54, 51, 164, 140]}]",43.8
pet1/pet1_special/NDKM1685.jpg,pet1,pet1_special,ric1-v5,canny,none,0.0,False,[],41.7
pet1/pet1_special/NDKM1685.jpg,pet1,pet1_special,ric5-v1,canny,none,0.0,False,[],42.44
pet1/pet1_special/NDKM1685.jpg,pet1,pet1_special,ric1-ric5-v6,canny,none,0.0,False,[],42.04
pet1/pet1_special/NDKM1685.jpg,pet1,pet1_special,yolov8,clahe_canny,person,0.2634,False,"[{""label"": ""person"", ""confidence"": 0.26338374614715576, ""bbox"": [140, 206, 156, 223]}]",43.78
pet1/pet1_special/NDKM1685.jpg,pet1,pet1_special,ric1-v5,clahe_canny,none,0.0,False,[],41.39
pet1/pet1_special/NDKM1685.jpg,pet1,pet1_special,ric5-v1,clahe_canny,none,0.0,False,[],42.3
pet1/pet1_special/NDKM1685.jpg,pet1,pet1_special,ric1-ric5-v6,clahe_canny,none,0.0,False,[],41.73
pet1/pet1_transparent_embossed/85943598-ec9b-4da5-9221-8c32b5742e72.jpg,pet1,pet1_transparent_embossed,yolov8,baseline,none,0.0,False,[],45.15
pet1/pet1_transparent_embossed/85943598-ec9b-4da5-9221-8c32b5742e72.jpg,pet1,pet1_transparent_embossed,ric1-v5,baseline,none,0.0,False,[],41.18
pet1/pet1_transparent_embossed/85943598-ec9b-4da5-9221-8c32b5742e72.jpg,pet1,pet1_transparent_embossed,ric5-v1,baseline,none,0.0,False,[],41.27
pet1/pet1_transparent_embossed/85943598-ec9b-4da5-9221-8c32b5742e72.jpg,pet1,pet1_transparent_embossed,ric1-ric5-v6,baseline,none,0.0,False,[],41.86
pet1/pet1_transparent_embossed/85943598-ec9b-4da5-9221-8c32b5742e72.jpg,pet1,pet1_transparent_embossed,yolov8,clahe,none,0.0,False,[],44.24
pet1/pet1_transparent_embossed/85943598-ec9b-4da5-9221-8c32b5742e72.jpg,pet1,pet1_transparent_embossed,ric1-v5,clahe,none,0.0,False,[],42.38
pet1/pet1_transparent_embossed/85943598-ec9b-4da5-9221-8c32b5742e72.jpg,pet1,pet1_transparent_embossed,ric5-v1,clahe,pp5,0.306,False,"[{""label"": ""pp5"", ""confidence"": 0.3059520125389099, ""bbox"": [38, 17, 62, 41]}]",41.58
pet1/pet1_transparent_embossed/85943598-ec9b-4da5-9221-8c32b5742e72.jpg,pet1,pet1_transparent_embossed,ric1-ric5-v6,clahe,none,0.0,False,[],42.54
pet1/pet1_transparent_embossed/85943598-ec9b-4da5-9221-8c32b5742e72.jpg,pet1,pet1_transparent_embossed,yolov8,canny,none,0.0,False,[],47.11
pet1/pet1_transparent_embossed/85943598-ec9b-4da5-9221-8c32b5742e72.jpg,pet1,pet1_transparent_embossed,ric1-v5,canny,none,0.0,False,[],43.03
pet1/pet1_transparent_embossed/85943598-ec9b-4da5-9221-8c32b5742e72.jpg,pet1,pet1_transparent_embossed,ric5-v1,canny,none,0.0,False,[],45.52
pet1/pet1_transparent_embossed/85943598-ec9b-4da5-9221-8c32b5742e72.jpg,pet1,pet1_transparent_embossed,ric1-ric5-v6,canny,none,0.0,False,[],44.15
pet1/pet1_transparent_embossed/85943598-ec9b-4da5-9221-8c32b5742e72.jpg,pet1,pet1_transparent_embossed,yolov8,clahe_canny,giraffe,0.3564,False,"[{""label"": ""giraffe"", ""confidence"": 0.3564000129699707, ""bbox"": [142, 78, 186, 133]}]",43.9
pet1/pet1_transparent_embossed/85943598-ec9b-4da5-9221-8c32b5742e72.jpg,pet1,pet1_transparent_embossed,ric1-v5,clahe_canny,pet1,0.2966,True,"[{""label"": ""pet1"", ""confidence"": 0.29659053683280945, ""bbox"": [98, 23, 138, 65]}]",43.69
pet1/pet1_transparent_embossed/85943598-ec9b-4da5-9221-8c32b5742e72.jpg,pet1,pet1_transparent_embossed,ric5-v1,clahe_canny,none,0.0,False,[],42.59
pet1/pet1_transparent_embossed/85943598-ec9b-4da5-9221-8c32b5742e72.jpg,pet1,pet1_transparent_embossed,ric1-ric5-v6,clahe_canny,none,0.0,False,[],42.38
pet1/pet1_transparent_embossed/AORA7148 (1).jpg,pet1,pet1_transparent_embossed,yolov8,baseline,none,0.0,False,[],44.63
pet1/pet1_transparent_embossed/AORA7148 (1).jpg,pet1,pet1_transparent_embossed,ric1-v5,baseline,none,0.0,False,[],44.07
pet1/pet1_transparent_embossed/AORA7148 (1).jpg,pet1,pet1_transparent_embossed,ric5-v1,baseline,none,0.0,False,[],42.32
pet1/pet1_transparent_embossed/AORA7148 (1).jpg,pet1,pet1_transparent_embossed,ric1-ric5-v6,baseline,pp5,0.2999,False,"[{""label"": ""pp5"", ""confidence"": 0.2999098598957062, ""bbox"": [0, 3, 7, 25]}]",42.41
pet1/pet1_transparent_embossed/AORA7148 (1).jpg,pet1,pet1_transparent_embossed,yolov8,clahe,none,0.0,False,[],42.7
pet1/pet1_transparent_embossed/AORA7148 (1).jpg,pet1,pet1_transparent_embossed,ric1-v5,clahe,none,0.0,False,[],42.74
pet1/pet1_transparent_embossed/AORA7148 (1).jpg,pet1,pet1_transparent_embossed,ric5-v1,clahe,pp5,0.7019,False,"[{""label"": ""pp5"", ""confidence"": 0.7018596529960632, ""bbox"": [203, 42, 219, 62]}]",41.57
pet1/pet1_transparent_embossed/AORA7148 (1).jpg,pet1,pet1_transparent_embossed,ric1-ric5-v6,clahe,none,0.0,False,[],41.7
pet1/pet1_transparent_embossed/AORA7148 (1).jpg,pet1,pet1_transparent_embossed,yolov8,canny,none,0.0,False,[],43.09
pet1/pet1_transparent_embossed/AORA7148 (1).jpg,pet1,pet1_transparent_embossed,ric1-v5,canny,none,0.0,False,[],42.55
pet1/pet1_transparent_embossed/AORA7148 (1).jpg,pet1,pet1_transparent_embossed,ric5-v1,canny,none,0.0,False,[],41.38
pet1/pet1_transparent_embossed/AORA7148 (1).jpg,pet1,pet1_transparent_embossed,ric1-ric5-v6,canny,none,0.0,False,[],42.64
pet1/pet1_transparent_embossed/AORA7148 (1).jpg,pet1,pet1_transparent_embossed,yolov8,clahe_canny,none,0.0,False,[],43.43
pet1/pet1_transparent_embossed/AORA7148 (1).jpg,pet1,pet1_transparent_embossed,ric1-v5,clahe_canny,pet1,0.6905,True,"[{""label"": ""pet1"", ""confidence"": 0.6905474662780762, ""bbox"": [52, 156, 92, 196]}, {""label"": ""pet1"", ""confidence"": 0.3833918571472168, ""bbox"": [197, 0, 223, 18]}]",40.99
pet1/pet1_transparent_embossed/AORA7148 (1).jpg,pet1,pet1_transparent_embossed,ric5-v1,clahe_canny,none,0.0,False,[],47.03
pet1/pet1_transparent_embossed/AORA7148 (1).jpg,pet1,pet1_transparent_embossed,ric1-ric5-v6,clahe_canny,none,0.0,False,[],42.85
pet1/pet1_transparent_embossed/AORA7148.jpg,pet1,pet1_transparent_embossed,yolov8,baseline,none,0.0,False,[],47.99
pet1/pet1_transparent_embossed/AORA7148.jpg,pet1,pet1_transparent_embossed,ric1-v5,baseline,none,0.0,False,[],44.06
pet1/pet1_transparent_embossed/AORA7148.jpg,pet1,pet1_transparent_embossed,ric5-v1,baseline,none,0.0,False,[],40.76
pet1/pet1_transparent_embossed/AORA7148.jpg,pet1,pet1_transparent_embossed,ric1-ric5-v6,baseline,none,0.0,False,[],41.89
pet1/pet1_transparent_embossed/AORA7148.jpg,pet1,pet1_transparent_embossed,yolov8,clahe,none,0.0,False,[],44.6
pet1/pet1_transparent_embossed/AORA7148.jpg,pet1,pet1_transparent_embossed,ric1-v5,clahe,pet1,0.2699,True,"[{""label"": ""pet1"", ""confidence"": 0.2698948085308075, ""bbox"": [140, 15, 165, 48]}]",45.29
pet1/pet1_transparent_embossed/AORA7148.jpg,pet1,pet1_transparent_embossed,ric5-v1,clahe,none,0.0,False,[],42.71
pet1/pet1_transparent_embossed/AORA7148.jpg,pet1,pet1_transparent_embossed,ric1-ric5-v6,clahe,none,0.0,False,[],41.76
pet1/pet1_transparent_embossed/AORA7148.jpg,pet1,pet1_transparent_embossed,yolov8,canny,none,0.0,False,[],44.76
pet1/pet1_transparent_embossed/AORA7148.jpg,pet1,pet1_transparent_embossed,ric1-v5,canny,pet1,0.3677,True,"[{""label"": ""pet1"", ""confidence"": 0.36772117018699646, ""bbox"": [125, 196, 163, 224]}]",43.54
pet1/pet1_transparent_embossed/AORA7148.jpg,pet1,pet1_transparent_embossed,ric5-v1,canny,none,0.0,False,[],42.76
pet1/pet1_transparent_embossed/AORA7148.jpg,pet1,pet1_transparent_embossed,ric1-ric5-v6,canny,none,0.0,False,[],41.15
pet1/pet1_transparent_embossed/AORA7148.jpg,pet1,pet1_transparent_embossed,yolov8,clahe_canny,none,0.0,False,[],43.4
pet1/pet1_transparent_embossed/AORA7148.jpg,pet1,pet1_transparent_embossed,ric1-v5,clahe_canny,pet1,0.2927,True,"[{""label"": ""pet1"", ""confidence"": 0.2927013039588928, ""bbox"": [58, 0, 108, 52]}]",41.78
pet1/pet1_transparent_embossed/AORA7148.jpg,pet1,pet1_transparent_embossed,ric5-v1,clahe_canny,none,0.0,False,[],40.93
pet1/pet1_transparent_embossed/AORA7148.jpg,pet1,pet1_transparent_embossed,ric1-ric5-v6,clahe_canny,none,0.0,False,[],41.35
pet1/pet1_transparent_embossed/BBOZ2526 (1).jpg,pet1,pet1_transparent_embossed,yolov8,baseline,none,0.0,False,[],43.68
pet1/pet1_transparent_embossed/BBOZ2526 (1).jpg,pet1,pet1_transparent_embossed,ric1-v5,baseline,none,0.0,False,[],41.1
pet1/pet1_transparent_embossed/BBOZ2526 (1).jpg,pet1,pet1_transparent_embossed,ric5-v1,baseline,none,0.0,False,[],40.58
pet1/pet1_transparent_embossed/BBOZ2526 (1).jpg,pet1,pet1_transparent_embossed,ric1-ric5-v6,baseline,none,0.0,False,[],42.39
pet1/pet1_transparent_embossed/BBOZ2526 (1).jpg,pet1,pet1_transparent_embossed,yolov8,clahe,vase,0.2813,False,"[{""label"": ""vase"", ""confidence"": 0.2812529504299164, ""bbox"": [88, 49, 288, 251]}, {""label"": ""vase"", ""confidence"": 0.27231380343437195, ""bbox"": [194, 135, 299, 251]}]",45.86
pet1/pet1_transparent_embossed/BBOZ2526 (1).jpg,pet1,pet1_transparent_embossed,ric1-v5,clahe,none,0.0,False,[],43.61
pet1/pet1_transparent_embossed/BBOZ2526 (1).jpg,pet1,pet1_transparent_embossed,ric5-v1,clahe,none,0.0,False,[],43.2
pet1/pet1_transparent_embossed/BBOZ2526 (1).jpg,pet1,pet1_transparent_embossed,ric1-ric5-v6,clahe,none,0.0,False,[],45.05
pet1/pet1_transparent_embossed/BBOZ2526 (1).jpg,pet1,pet1_transparent_embossed,yolov8,canny,none,0.0,False,[],43.49
pet1/pet1_transparent_embossed/BBOZ2526 (1).jpg,pet1,pet1_transparent_embossed,ric1-v5,canny,none,0.0,False,[],40.62
pet1/pet1_transparent_embossed/BBOZ2526 (1).jpg,pet1,pet1_transparent_embossed,ric5-v1,canny,none,0.0,False,[],41.72
pet1/pet1_transparent_embossed/BBOZ2526 (1).jpg,pet1,pet1_transparent_embossed,ric1-ric5-v6,canny,none,0.0,False,[],42.88
pet1/pet1_transparent_embossed/BBOZ2526 (1).jpg,pet1,pet1_transparent_embossed,yolov8,clahe_canny,none,0.0,False,[],43.14
pet1/pet1_transparent_embossed/BBOZ2526 (1).jpg,pet1,pet1_transparent_embossed,ric1-v5,clahe_canny,none,0.0,False,[],43.62
pet1/pet1_transparent_embossed/BBOZ2526 (1).jpg,pet1,pet1_transparent_embossed,ric5-v1,clahe_canny,none,0.0,False,[],40.79
pet1/pet1_transparent_embossed/BBOZ2526 (1).jpg,pet1,pet1_transparent_embossed,ric1-ric5-v6,clahe_canny,none,0.0,False,[],41.53
pet1/pet1_transparent_embossed/BBOZ2526.jpg,pet1,pet1_transparent_embossed,yolov8,baseline,none,0.0,False,[],44.33
pet1/pet1_transparent_embossed/BBOZ2526.jpg,pet1,pet1_transparent_embossed,ric1-v5,baseline,none,0.0,False,[],41.27
pet1/pet1_transparent_embossed/BBOZ2526.jpg,pet1,pet1_transparent_embossed,ric5-v1,baseline,none,0.0,False,[],42.34
pet1/pet1_transparent_embossed/BBOZ2526.jpg,pet1,pet1_transparent_embossed,ric1-ric5-v6,baseline,none,0.0,False,[],41.61
pet1/pet1_transparent_embossed/BBOZ2526.jpg,pet1,pet1_transparent_embossed,yolov8,clahe,none,0.0,False,[],43.37
pet1/pet1_transparent_embossed/BBOZ2526.jpg,pet1,pet1_transparent_embossed,ric1-v5,clahe,none,0.0,False,[],43.51
pet1/pet1_transparent_embossed/BBOZ2526.jpg,pet1,pet1_transparent_embossed,ric5-v1,clahe,none,0.0,False,[],41.84
pet1/pet1_transparent_embossed/BBOZ2526.jpg,pet1,pet1_transparent_embossed,ric1-ric5-v6,clahe,none,0.0,False,[],42.42
pet1/pet1_transparent_embossed/BBOZ2526.jpg,pet1,pet1_transparent_embossed,yolov8,canny,none,0.0,False,[],45.03
pet1/pet1_transparent_embossed/BBOZ2526.jpg,pet1,pet1_transparent_embossed,ric1-v5,canny,none,0.0,False,[],43.37
pet1/pet1_transparent_embossed/BBOZ2526.jpg,pet1,pet1_transparent_embossed,ric5-v1,canny,none,0.0,False,[],47.36
pet1/pet1_transparent_embossed/BBOZ2526.jpg,pet1,pet1_transparent_embossed,ric1-ric5-v6,canny,none,0.0,False,[],43.88
pet1/pet1_transparent_embossed/BBOZ2526.jpg,pet1,pet1_transparent_embossed,yolov8,clahe_canny,none,0.0,False,[],45.41
pet1/pet1_transparent_embossed/BBOZ2526.jpg,pet1,pet1_transparent_embossed,ric1-v5,clahe_canny,pet1,0.4283,True,"[{""label"": ""pet1"", ""confidence"": 0.42827582359313965, ""bbox"": [86, 81, 112, 130]}]",45.23
pet1/pet1_transparent_embossed/BBOZ2526.jpg,pet1,pet1_transparent_embossed,ric5-v1,clahe_canny,pp5,0.7441,False,"[{""label"": ""pp5"", ""confidence"": 0.7441164255142212, ""bbox"": [31, 139, 91, 192]}]",43.22
pet1/pet1_transparent_embossed/BBOZ2526.jpg,pet1,pet1_transparent_embossed,ric1-ric5-v6,clahe_canny,none,0.0,False,[],42.92
pet1/pet1_transparent_embossed/BIGI9753.jpg,pet1,pet1_transparent_embossed,yolov8,baseline,none,0.0,False,[],42.88
pet1/pet1_transparent_embossed/BIGI9753.jpg,pet1,pet1_transparent_embossed,ric1-v5,baseline,none,0.0,False,[],42.97
pet1/pet1_transparent_embossed/BIGI9753.jpg,pet1,pet1_transparent_embossed,ric5-v1,baseline,none,0.0,False,[],41.89
pet1/pet1_transparent_embossed/BIGI9753.jpg,pet1,pet1_transparent_embossed,ric1-ric5-v6,baseline,none,0.0,False,[],42.61
pet1/pet1_transparent_embossed/BIGI9753.jpg,pet1,pet1_transparent_embossed,yolov8,clahe,none,0.0,False,[],43.0
pet1/pet1_transparent_embossed/BIGI9753.jpg,pet1,pet1_transparent_embossed,ric1-v5,clahe,pet1,0.2787,True,"[{""label"": ""pet1"", ""confidence"": 0.2786616086959839, ""bbox"": [153, 107, 166, 123]}]",41.07
pet1/pet1_transparent_embossed/BIGI9753.jpg,pet1,pet1_transparent_embossed,ric5-v1,clahe,none,0.0,False,[],41.0
pet1/pet1_transparent_embossed/BIGI9753.jpg,pet1,pet1_transparent_embossed,ric1-ric5-v6,clahe,none,0.0,False,[],42.52
pet1/pet1_transparent_embossed/BIGI9753.jpg,pet1,pet1_transparent_embossed,yolov8,canny,none,0.0,False,[],42.09
pet1/pet1_transparent_embossed/BIGI9753.jpg,pet1,pet1_transparent_embossed,ric1-v5,canny,none,0.0,False,[],42.8
pet1/pet1_transparent_embossed/BIGI9753.jpg,pet1,pet1_transparent_embossed,ric5-v1,canny,none,0.0,False,[],43.1
pet1/pet1_transparent_embossed/BIGI9753.jpg,pet1,pet1_transparent_embossed,ric1-ric5-v6,canny,none,0.0,False,[],41.61
pet1/pet1_transparent_embossed/BIGI9753.jpg,pet1,pet1_transparent_embossed,yolov8,clahe_canny,none,0.0,False,[],44.61
pet1/pet1_transparent_embossed/BIGI9753.jpg,pet1,pet1_transparent_embossed,ric1-v5,clahe_canny,none,0.0,False,[],43.57
pet1/pet1_transparent_embossed/BIGI9753.jpg,pet1,pet1_transparent_embossed,ric5-v1,clahe_canny,none,0.0,False,[],42.77
pet1/pet1_transparent_embossed/BIGI9753.jpg,pet1,pet1_transparent_embossed,ric1-ric5-v6,clahe_canny,none,0.0,False,[],40.92
pet1/pet1_transparent_embossed/FQCK7421.jpg,pet1,pet1_transparent_embossed,yolov8,baseline,none,0.0,False,[],44.5
pet1/pet1_transparent_embossed/FQCK7421.jpg,pet1,pet1_transparent_embossed,ric1-v5,baseline,pet1,0.4011,True,"[{""label"": ""pet1"", ""confidence"": 0.40114688873291016, ""bbox"": [190, 80, 214, 109]}, {""label"": ""pet1"", ""confidence"": 0.3808108866214752, ""bbox"": [149, 55, 167, 81]}, {""label"": ""pet1"", ""confidence"": 0.31975147128105164, ""bbox"": [119, 89, 132, 112]}]",44.69
pet1/pet1_transparent_embossed/FQCK7421.jpg,pet1,pet1_transparent_embossed,ric5-v1,baseline,pp5,0.4082,False,"[{""label"": ""pp5"", ""confidence"": 0.4082249402999878, ""bbox"": [118, 87, 131, 104]}]",43.86
pet1/pet1_transparent_embossed/FQCK7421.jpg,pet1,pet1_transparent_embossed,ric1-ric5-v6,baseline,none,0.0,False,[],46.55
pet1/pet1_transparent_embossed/FQCK7421.jpg,pet1,pet1_transparent_embossed,yolov8,clahe,none,0.0,False,[],46.59
pet1/pet1_transparent_embossed/FQCK7421.jpg,pet1,pet1_transparent_embossed,ric1-v5,clahe,pet1,0.7796,True,"[{""label"": ""pet1"", ""confidence"": 0.779618501663208, ""bbox"": [149, 51, 168, 81]}, {""label"": ""pet1"", ""confidence"": 0.4472326636314392, ""bbox"": [190, 80, 214, 108]}, {""label"": ""pet1"", ""confidence"": 0.3189128637313843, ""bbox"": [119, 89, 132, 112]}]",41.2
pet1/pet1_transparent_embossed/FQCK7421.jpg,pet1,pet1_transparent_embossed,ric5-v1,clahe,none,0.0,False,[],43.78
pet1/pet1_transparent_embossed/FQCK7421.jpg,pet1,pet1_transparent_embossed,ric1-ric5-v6,clahe,none,0.0,False,[],42.7
pet1/pet1_transparent_embossed/FQCK7421.jpg,pet1,pet1_transparent_embossed,yolov8,canny,none,0.0,False,[],44.0
pet1/pet1_transparent_embossed/FQCK7421.jpg,pet1,pet1_transparent_embossed,ric1-v5,canny,none,0.0,False,[],42.27
pet1/pet1_transparent_embossed/FQCK7421.jpg,pet1,pet1_transparent_embossed,ric5-v1,canny,none,0.0,False,[],41.83
pet1/pet1_transparent_embossed/FQCK7421.jpg,pet1,pet1_transparent_embossed,ric1-ric5-v6,canny,none,0.0,False,[],43.08
pet1/pet1_transparent_embossed/FQCK7421.jpg,pet1,pet1_transparent_embossed,yolov8,clahe_canny,none,0.0,False,[],43.08
pet1/pet1_transparent_embossed/FQCK7421.jpg,pet1,pet1_transparent_embossed,ric1-v5,clahe_canny,pet1,0.7082,True,"[{""label"": ""pet1"", ""confidence"": 0.708218514919281, ""bbox"": [102, 0, 135, 20]}]",40.04
pet1/pet1_transparent_embossed/FQCK7421.jpg,pet1,pet1_transparent_embossed,ric5-v1,clahe_canny,pp5,0.7033,False,"[{""label"": ""pp5"", ""confidence"": 0.7033119201660156, ""bbox"": [71, 170, 111, 202]}]",41.86
pet1/pet1_transparent_embossed/FQCK7421.jpg,pet1,pet1_transparent_embossed,ric1-ric5-v6,clahe_canny,none,0.0,False,[],41.97
pet1/pet1_transparent_embossed/HSBT4561.jpg,pet1,pet1_transparent_embossed,yolov8,baseline,none,0.0,False,[],44.7
pet1/pet1_transparent_embossed/HSBT4561.jpg,pet1,pet1_transparent_embossed,ric1-v5,baseline,none,0.0,False,[],41.13
pet1/pet1_transparent_embossed/HSBT4561.jpg,pet1,pet1_transparent_embossed,ric5-v1,baseline,none,0.0,False,[],41.36
pet1/pet1_transparent_embossed/HSBT4561.jpg,pet1,pet1_transparent_embossed,ric1-ric5-v6,baseline,none,0.0,False,[],42.74
pet1/pet1_transparent_embossed/HSBT4561.jpg,pet1,pet1_transparent_embossed,yolov8,clahe,none,0.0,False,[],43.1
pet1/pet1_transparent_embossed/HSBT4561.jpg,pet1,pet1_transparent_embossed,ric1-v5,clahe,none,0.0,False,[],41.86
pet1/pet1_transparent_embossed/HSBT4561.jpg,pet1,pet1_transparent_embossed,ric5-v1,clahe,none,0.0,False,[],43.98
pet1/pet1_transparent_embossed/HSBT4561.jpg,pet1,pet1_transparent_embossed,ric1-ric5-v6,clahe,none,0.0,False,[],47.48
pet1/pet1_transparent_embossed/HSBT4561.jpg,pet1,pet1_transparent_embossed,yolov8,canny,none,0.0,False,[],47.04
pet1/pet1_transparent_embossed/HSBT4561.jpg,pet1,pet1_transparent_embossed,ric1-v5,canny,none,0.0,False,[],44.36
pet1/pet1_transparent_embossed/HSBT4561.jpg,pet1,pet1_transparent_embossed,ric5-v1,canny,none,0.0,False,[],45.46
pet1/pet1_transparent_embossed/HSBT4561.jpg,pet1,pet1_transparent_embossed,ric1-ric5-v6,canny,none,0.0,False,[],43.08
pet1/pet1_transparent_embossed/HSBT4561.jpg,pet1,pet1_transparent_embossed,yolov8,clahe_canny,none,0.0,False,[],43.85
pet1/pet1_transparent_embossed/HSBT4561.jpg,pet1,pet1_transparent_embossed,ric1-v5,clahe_canny,pet1,0.6992,True,"[{""label"": ""pet1"", ""confidence"": 0.6991962194442749, ""bbox"": [0, 49, 29, 90]}]",41.26
pet1/pet1_transparent_embossed/HSBT4561.jpg,pet1,pet1_transparent_embossed,ric5-v1,clahe_canny,pp5,0.4638,False,"[{""label"": ""pp5"", ""confidence"": 0.463797390460968, ""bbox"": [0, 47, 27, 88]}, {""label"": ""pp5"", ""confidence"": 0.2978895604610443, ""bbox"": [0, 29, 27, 88]}]",42.86
pet1/pet1_transparent_embossed/HSBT4561.jpg,pet1,pet1_transparent_embossed,ric1-ric5-v6,clahe_canny,none,0.0,False,[],42.93
pet1/pet1_transparent_embossed/IMG_6269.jpg,pet1,pet1_transparent_embossed,yolov8,baseline,person,0.5933,False,"[{""label"": ""person"", ""confidence"": 0.5933403372764587, ""bbox"": [82, 161, 128, 223]}]",44.72
pet1/pet1_transparent_embossed/IMG_6269.jpg,pet1,pet1_transparent_embossed,ric1-v5,baseline,none,0.0,False,[],41.16
pet1/pet1_transparent_embossed/IMG_6269.jpg,pet1,pet1_transparent_embossed,ric5-v1,baseline,none,0.0,False,[],43.27
pet1/pet1_transparent_embossed/IMG_6269.jpg,pet1,pet1_transparent_embossed,ric1-ric5-v6,baseline,none,0.0,False,[],41.51
pet1/pet1_transparent_embossed/IMG_6269.jpg,pet1,pet1_transparent_embossed,yolov8,clahe,person,0.4044,False,"[{""label"": ""person"", ""confidence"": 0.4044325053691864, ""bbox"": [82, 161, 125, 223]}]",43.81
pet1/pet1_transparent_embossed/IMG_6269.jpg,pet1,pet1_transparent_embossed,ric1-v5,clahe,none,0.0,False,[],41.36
pet1/pet1_transparent_embossed/IMG_6269.jpg,pet1,pet1_transparent_embossed,ric5-v1,clahe,none,0.0,False,[],42.29
pet1/pet1_transparent_embossed/IMG_6269.jpg,pet1,pet1_transparent_embossed,ric1-ric5-v6,clahe,none,0.0,False,[],41.15
pet1/pet1_transparent_embossed/IMG_6269.jpg,pet1,pet1_transparent_embossed,yolov8,canny,none,0.0,False,[],43.24
pet1/pet1_transparent_embossed/IMG_6269.jpg,pet1,pet1_transparent_embossed,ric1-v5,canny,none,0.0,False,[],42.07
pet1/pet1_transparent_embossed/IMG_6269.jpg,pet1,pet1_transparent_embossed,ric5-v1,canny,pp5,0.3059,False,"[{""label"": ""pp5"", ""confidence"": 0.3059389293193817, ""bbox"": [105, 134, 151, 199]}]",42.03
pet1/pet1_transparent_embossed/IMG_6269.jpg,pet1,pet1_transparent_embossed,ric1-ric5-v6,canny,none,0.0,False,[],41.44
pet1/pet1_transparent_embossed/IMG_6269.jpg,pet1,pet1_transparent_embossed,yolov8,clahe_canny,none,0.0,False,[],42.81
pet1/pet1_transparent_embossed/IMG_6269.jpg,pet1,pet1_transparent_embossed,ric1-v5,clahe_canny,none,0.0,False,[],44.56
pet1/pet1_transparent_embossed/IMG_6269.jpg,pet1,pet1_transparent_embossed,ric5-v1,clahe_canny,none,0.0,False,[],43.5
pet1/pet1_transparent_embossed/IMG_6269.jpg,pet1,pet1_transparent_embossed,ric1-ric5-v6,clahe_canny,none,0.0,False,[],45.67
pet1/pet1_transparent_embossed/IMG_6272 (1).jpg,pet1,pet1_transparent_embossed,yolov8,baseline,none,0.0,False,[],46.85
pet1/pet1_transparent_embossed/IMG_6272 (1).jpg,pet1,pet1_transparent_embossed,ric1-v5,baseline,none,0.0,False,[],71.23
pet1/pet1_transparent_embossed/IMG_6272 (1).jpg,pet1,pet1_transparent_embossed,ric5-v1,baseline,none,0.0,False,[],41.76
pet1/pet1_transparent_embossed/IMG_6272 (1).jpg,pet1,pet1_transparent_embossed,ric1-ric5-v6,baseline,pp5,0.5011,False,"[{""label"": ""pp5"", ""confidence"": 0.5010981559753418, ""bbox"": [69, 99, 109, 124]}, {""label"": ""pp5"", ""confidence"": 0.326198011636734, ""bbox"": [102, 68, 123, 85]}]",46.56
pet1/pet1_transparent_embossed/IMG_6272 (1).jpg,pet1,pet1_transparent_embossed,yolov8,clahe,person,0.3092,False,"[{""label"": ""person"", ""confidence"": 0.30916038155555725, ""bbox"": [54, 22, 155, 138]}]",44.28
pet1/pet1_transparent_embossed/IMG_6272 (1).jpg,pet1,pet1_transparent_embossed,ric1-v5,clahe,none,0.0,False,[],42.7
pet1/pet1_transparent_embossed/IMG_6272 (1).jpg,pet1,pet1_transparent_embossed,ric5-v1,clahe,none,0.0,False,[],40.97
pet1/pet1_transparent_embossed/IMG_6272 (1).jpg,pet1,pet1_transparent_embossed,ric1-ric5-v6,clahe,none,0.0,False,[],41.96
pet1/pet1_transparent_embossed/IMG_6272 (1).jpg,pet1,pet1_transparent_embossed,yolov8,canny,none,0.0,False,[],43.38
pet1/pet1_transparent_embossed/IMG_6272 (1).jpg,pet1,pet1_transparent_embossed,ric1-v5,canny,none,0.0,False,[],41.27
pet1/pet1_transparent_embossed/IMG_6272 (1).jpg,pet1,pet1_transparent_embossed,ric5-v1,canny,none,0.0,False,[],42.02
pet1/pet1_transparent_embossed/IMG_6272 (1).jpg,pet1,pet1_transparent_embossed,ric1-ric5-v6,canny,none,0.0,False,[],42.98
pet1/pet1_transparent_embossed/IMG_6272 (1).jpg,pet1,pet1_transparent_embossed,yolov8,clahe_canny,none,0.0,False,[],43.89
pet1/pet1_transparent_embossed/IMG_6272 (1).jpg,pet1,pet1_transparent_embossed,ric1-v5,clahe_canny,none,0.0,False,[],43.08
pet1/pet1_transparent_embossed/IMG_6272 (1).jpg,pet1,pet1_transparent_embossed,ric5-v1,clahe_canny,pp5,0.6338,False,"[{""label"": ""pp5"", ""confidence"": 0.6338165402412415, ""bbox"": [53, 151, 100, 192]}]",44.01
pet1/pet1_transparent_embossed/IMG_6272 (1).jpg,pet1,pet1_transparent_embossed,ric1-ric5-v6,clahe_canny,none,0.0,False,[],41.23
pet1/pet1_transparent_embossed/IMG_6272.jpg,pet1,pet1_transparent_embossed,yolov8,baseline,none,0.0,False,[],43.71
pet1/pet1_transparent_embossed/IMG_6272.jpg,pet1,pet1_transparent_embossed,ric1-v5,baseline,none,0.0,False,[],41.02
pet1/pet1_transparent_embossed/IMG_6272.jpg,pet1,pet1_transparent_embossed,ric5-v1,baseline,none,0.0,False,[],43.8
pet1/pet1_transparent_embossed/IMG_6272.jpg,pet1,pet1_transparent_embossed,ric1-ric5-v6,baseline,none,0.0,False,[],44.78
pet1/pet1_transparent_embossed/IMG_6272.jpg,pet1,pet1_transparent_embossed,yolov8,clahe,none,0.0,False,[],45.39
pet1/pet1_transparent_embossed/IMG_6272.jpg,pet1,pet1_transparent_embossed,ric1-v5,clahe,none,0.0,False,[],45.53
pet1/pet1_transparent_embossed/IMG_6272.jpg,pet1,pet1_transparent_embossed,ric5-v1,clahe,none,0.0,False,[],44.55
pet1/pet1_transparent_embossed/IMG_6272.jpg,pet1,pet1_transparent_embossed,ric1-ric5-v6,clahe,none,0.0,False,[],41.01
pet1/pet1_transparent_embossed/IMG_6272.jpg,pet1,pet1_transparent_embossed,yolov8,canny,none,0.0,False,[],43.9
pet1/pet1_transparent_embossed/IMG_6272.jpg,pet1,pet1_transparent_embossed,ric1-v5,canny,none,0.0,False,[],42.51
pet1/pet1_transparent_embossed/IMG_6272.jpg,pet1,pet1_transparent_embossed,ric5-v1,canny,pp5,0.3785,False,"[{""label"": ""pp5"", ""confidence"": 0.3785229027271271, ""bbox"": [56, 117, 101, 149]}]",41.97
pet1/pet1_transparent_embossed/IMG_6272.jpg,pet1,pet1_transparent_embossed,ric1-ric5-v6,canny,none,0.0,False,[],42.27
pet1/pet1_transparent_embossed/IMG_6272.jpg,pet1,pet1_transparent_embossed,yolov8,clahe_canny,none,0.0,False,[],44.35
pet1/pet1_transparent_embossed/IMG_6272.jpg,pet1,pet1_transparent_embossed,ric1-v5,clahe_canny,none,0.0,False,[],42.14
pet1/pet1_transparent_embossed/IMG_6272.jpg,pet1,pet1_transparent_embossed,ric5-v1,clahe_canny,none,0.0,False,[],41.03
pet1/pet1_transparent_embossed/IMG_6272.jpg,pet1,pet1_transparent_embossed,ric1-ric5-v6,clahe_canny,none,0.0,False,[],41.54
pet1/pet1_transparent_embossed/IMG_63452.jpg,pet1,pet1_transparent_embossed,yolov8,baseline,none,0.0,False,[],44.25
pet1/pet1_transparent_embossed/IMG_63452.jpg,pet1,pet1_transparent_embossed,ric1-v5,baseline,none,0.0,False,[],44.2
pet1/pet1_transparent_embossed/IMG_63452.jpg,pet1,pet1_transparent_embossed,ric5-v1,baseline,pp5,0.2629,False,"[{""label"": ""pp5"", ""confidence"": 0.2629184126853943, ""bbox"": [49, 210, 72, 224]}]",41.12
pet1/pet1_transparent_embossed/IMG_63452.jpg,pet1,pet1_transparent_embossed,ric1-ric5-v6,baseline,none,0.0,False,[],42.4
pet1/pet1_transparent_embossed/IMG_63452.jpg,pet1,pet1_transparent_embossed,yolov8,clahe,none,0.0,False,[],45.98
pet1/pet1_transparent_embossed/IMG_63452.jpg,pet1,pet1_transparent_embossed,ric1-v5,clahe,none,0.0,False,[],41.95
pet1/pet1_transparent_embossed/IMG_63452.jpg,pet1,pet1_transparent_embossed,ric5-v1,clahe,none,0.0,False,[],41.63
pet1/pet1_transparent_embossed/IMG_63452.jpg,pet1,pet1_transparent_embossed,ric1-ric5-v6,clahe,none,0.0,False,[],41.56
pet1/pet1_transparent_embossed/IMG_63452.jpg,pet1,pet1_transparent_embossed,yolov8,canny,none,0.0,False,[],44.56
pet1/pet1_transparent_embossed/IMG_63452.jpg,pet1,pet1_transparent_embossed,ric1-v5,canny,none,0.0,False,[],45.53
pet1/pet1_transparent_embossed/IMG_63452.jpg,pet1,pet1_transparent_embossed,ric5-v1,canny,pp5,0.5554,False,"[{""label"": ""pp5"", ""confidence"": 0.5554252862930298, ""bbox"": [74, 98, 124, 171]}, {""label"": ""pp5"", ""confidence"": 0.2635379135608673, ""bbox"": [82, 99, 120, 165]}]",43.96
pet1/pet1_transparent_embossed/IMG_63452.jpg,pet1,pet1_transparent_embossed,ric1-ric5-v6,canny,none,0.0,False,[],46.64
pet1/pet1_transparent_embossed/IMG_63452.jpg,pet1,pet1_transparent_embossed,yolov8,clahe_canny,none,0.0,False,[],45.72
pet1/pet1_transparent_embossed/IMG_63452.jpg,pet1,pet1_transparent_embossed,ric1-v5,clahe_canny,pet1,0.3684,True,"[{""label"": ""pet1"", ""confidence"": 0.36836332082748413, ""bbox"": [89, 17, 130, 68]}]",42.61
pet1/pet1_transparent_embossed/IMG_63452.jpg,pet1,pet1_transparent_embossed,ric5-v1,clahe_canny,none,0.0,False,[],41.03
pet1/pet1_transparent_embossed/IMG_63452.jpg,pet1,pet1_transparent_embossed,ric1-ric5-v6,clahe_canny,none,0.0,False,[],40.63
pet1/pet1_transparent_embossed/IMG_6359 (1).jpg,pet1,pet1_transparent_embossed,yolov8,baseline,none,0.0,False,[],45.32
pet1/pet1_transparent_embossed/IMG_6359 (1).jpg,pet1,pet1_transparent_embossed,ric1-v5,baseline,none,0.0,False,[],41.55
pet1/pet1_transparent_embossed/IMG_6359 (1).jpg,pet1,pet1_transparent_embossed,ric5-v1,baseline,none,0.0,False,[],56.88
pet1/pet1_transparent_embossed/IMG_6359 (1).jpg,pet1,pet1_transparent_embossed,ric1-ric5-v6,baseline,none,0.0,False,[],45.59
pet1/pet1_transparent_embossed/IMG_6359 (1).jpg,pet1,pet1_transparent_embossed,yolov8,clahe,none,0.0,False,[],45.64
pet1/pet1_transparent_embossed/IMG_6359 (1).jpg,pet1,pet1_transparent_embossed,ric1-v5,clahe,pet1,0.7012,True,"[{""label"": ""pet1"", ""confidence"": 0.7012342810630798, ""bbox"": [23, 5, 48, 35]}]",40.74
pet1/pet1_transparent_embossed/IMG_6359 (1).jpg,pet1,pet1_transparent_embossed,ric5-v1,clahe,pp5,0.3082,False,"[{""label"": ""pp5"", ""confidence"": 0.3082102835178375, ""bbox"": [122, 88, 133, 95]}, {""label"": ""pp5"", ""confidence"": 0.25983136892318726, ""bbox"": [58, 183, 71, 197]}]",54.96
pet1/pet1_transparent_embossed/IMG_6359 (1).jpg,pet1,pet1_transparent_embossed,ric1-ric5-v6,clahe,none,0.0,False,[],43.41
pet1/pet1_transparent_embossed/IMG_6359 (1).jpg,pet1,pet1_transparent_embossed,yolov8,canny,none,0.0,False,[],44.88
pet1/pet1_transparent_embossed/IMG_6359 (1).jpg,pet1,pet1_transparent_embossed,ric1-v5,canny,none,0.0,False,[],41.35
pet1/pet1_transparent_embossed/IMG_6359 (1).jpg,pet1,pet1_transparent_embossed,ric5-v1,canny,none,0.0,False,[],43.38
pet1/pet1_transparent_embossed/IMG_6359 (1).jpg,pet1,pet1_transparent_embossed,ric1-ric5-v6,canny,none,0.0,False,[],41.6
pet1/pet1_transparent_embossed/IMG_6359 (1).jpg,pet1,pet1_transparent_embossed,yolov8,clahe_canny,none,0.0,False,[],44.04
pet1/pet1_transparent_embossed/IMG_6359 (1).jpg,pet1,pet1_transparent_embossed,ric1-v5,clahe_canny,pet1,0.3639,True,"[{""label"": ""pet1"", ""confidence"": 0.3638755679130554, ""bbox"": [129, 210, 152, 223]}]",43.06
pet1/pet1_transparent_embossed/IMG_6359 (1).jpg,pet1,pet1_transparent_embossed,ric5-v1,clahe_canny,pp5,0.7139,False,"[{""label"": ""pp5"", ""confidence"": 0.7139252424240112, ""bbox"": [63, 150, 90, 170]}]",46.03
pet1/pet1_transparent_embossed/IMG_6359 (1).jpg,pet1,pet1_transparent_embossed,ric1-ric5-v6,clahe_canny,none,0.0,False,[],46.5
pet1/pet1_transparent_embossed/IMG_6359.jpg,pet1,pet1_transparent_embossed,yolov8,baseline,none,0.0,False,[],238.56
pet1/pet1_transparent_embossed/IMG_6359.jpg,pet1,pet1_transparent_embossed,ric1-v5,baseline,none,0.0,False,[],125.43
pet1/pet1_transparent_embossed/IMG_6359.jpg,pet1,pet1_transparent_embossed,ric5-v1,baseline,none,0.0,False,[],48.88
pet1/pet1_transparent_embossed/IMG_6359.jpg,pet1,pet1_transparent_embossed,ric1-ric5-v6,baseline,none,0.0,False,[],44.59
pet1/pet1_transparent_embossed/IMG_6359.jpg,pet1,pet1_transparent_embossed,yolov8,clahe,none,0.0,False,[],45.65
pet1/pet1_transparent_embossed/IMG_6359.jpg,pet1,pet1_transparent_embossed,ric1-v5,clahe,pet1,0.4198,True,"[{""label"": ""pet1"", ""confidence"": 0.4198226034641266, ""bbox"": [178, 6, 200, 35]}]",43.3
pet1/pet1_transparent_embossed/IMG_6359.jpg,pet1,pet1_transparent_embossed,ric5-v1,clahe,none,0.0,False,[],42.18
pet1/pet1_transparent_embossed/IMG_6359.jpg,pet1,pet1_transparent_embossed,ric1-ric5-v6,clahe,none,0.0,False,[],42.71
pet1/pet1_transparent_embossed/IMG_6359.jpg,pet1,pet1_transparent_embossed,yolov8,canny,none,0.0,False,[],43.76
pet1/pet1_transparent_embossed/IMG_6359.jpg,pet1,pet1_transparent_embossed,ric1-v5,canny,none,0.0,False,[],42.92
pet1/pet1_transparent_embossed/IMG_6359.jpg,pet1,pet1_transparent_embossed,ric5-v1,canny,none,0.0,False,[],41.58
pet1/pet1_transparent_embossed/IMG_6359.jpg,pet1,pet1_transparent_embossed,ric1-ric5-v6,canny,none,0.0,False,[],42.86
pet1/pet1_transparent_embossed/IMG_6359.jpg,pet1,pet1_transparent_embossed,yolov8,clahe_canny,none,0.0,False,[],43.83
pet1/pet1_transparent_embossed/IMG_6359.jpg,pet1,pet1_transparent_embossed,ric1-v5,clahe_canny,none,0.0,False,[],41.55
pet1/pet1_transparent_embossed/IMG_6359.jpg,pet1,pet1_transparent_embossed,ric5-v1,clahe_canny,pp5,0.7413,False,"[{""label"": ""pp5"", ""confidence"": 0.7413332462310791, ""bbox"": [136, 149, 159, 171]}]",48.68
pet1/pet1_transparent_embossed/IMG_6359.jpg,pet1,pet1_transparent_embossed,ric1-ric5-v6,clahe_canny,none,0.0,False,[],43.19
pet1/pet1_transparent_embossed/IMG_6360 (1).jpg,pet1,pet1_transparent_embossed,yolov8,baseline,person,0.2827,False,"[{""label"": ""person"", ""confidence"": 0.282676637172699, ""bbox"": [101, 202, 161, 223]}]",47.7
pet1/pet1_transparent_embossed/IMG_6360 (1).jpg,pet1,pet1_transparent_embossed,ric1-v5,baseline,none,0.0,False,[],44.88
pet1/pet1_transparent_embossed/IMG_6360 (1).jpg,pet1,pet1_transparent_embossed,ric5-v1,baseline,none,0.0,False,[],42.02
pet1/pet1_transparent_embossed/IMG_6360 (1).jpg,pet1,pet1_transparent_embossed,ric1-ric5-v6,baseline,none,0.0,False,[],41.95
pet1/pet1_transparent_embossed/IMG_6360 (1).jpg,pet1,pet1_transparent_embossed,yolov8,clahe,person,0.3351,False,"[{""label"": ""person"", ""confidence"": 0.33508235216140747, ""bbox"": [100, 205, 161, 223]}]",45.49
pet1/pet1_transparent_embossed/IMG_6360 (1).jpg,pet1,pet1_transparent_embossed,ric1-v5,clahe,none,0.0,False,[],43.22
pet1/pet1_transparent_embossed/IMG_6360 (1).jpg,pet1,pet1_transparent_embossed,ric5-v1,clahe,none,0.0,False,[],42.06
pet1/pet1_transparent_embossed/IMG_6360 (1).jpg,pet1,pet1_transparent_embossed,ric1-ric5-v6,clahe,none,0.0,False,[],42.49
pet1/pet1_transparent_embossed/IMG_6360 (1).jpg,pet1,pet1_transparent_embossed,yolov8,canny,traffic light,0.3594,False,"[{""label"": ""traffic light"", ""confidence"": 0.3594368100166321, ""bbox"": [187, 193, 196, 214]}]",44.5
pet1/pet1_transparent_embossed/IMG_6360 (1).jpg,pet1,pet1_transparent_embossed,ric1-v5,canny,none,0.0,False,[],41.89
pet1/pet1_transparent_embossed/IMG_6360 (1).jpg,pet1,pet1_transparent_embossed,ric5-v1,canny,none,0.0,False,[],42.1
pet1/pet1_transparent_embossed/IMG_6360 (1).jpg,pet1,pet1_transparent_embossed,ric1-ric5-v6,canny,none,0.0,False,[],43.14
pet1/pet1_transparent_embossed/IMG_6360 (1).jpg,pet1,pet1_transparent_embossed,yolov8,clahe_canny,none,0.0,False,[],44.13
pet1/pet1_transparent_embossed/IMG_6360 (1).jpg,pet1,pet1_transparent_embossed,ric1-v5,clahe_canny,none,0.0,False,[],41.94
pet1/pet1_transparent_embossed/IMG_6360 (1).jpg,pet1,pet1_transparent_embossed,ric5-v1,clahe_canny,none,0.0,False,[],42.14
pet1/pet1_transparent_embossed/IMG_6360 (1).jpg,pet1,pet1_transparent_embossed,ric1-ric5-v6,clahe_canny,none,0.0,False,[],43.66
pet1/pet1_transparent_embossed/IMG_6360.jpg,pet1,pet1_transparent_embossed,yolov8,baseline,person,0.272,False,"[{""label"": ""person"", ""confidence"": 0.2719910144805908, ""bbox"": [62, 202, 124, 223]}]",44.29
pet1/pet1_transparent_embossed/IMG_6360.jpg,pet1,pet1_transparent_embossed,ric1-v5,baseline,none,0.0,False,[],42.02
pet1/pet1_transparent_embossed/IMG_6360.jpg,pet1,pet1_transparent_embossed,ric5-v1,baseline,none,0.0,False,[],41.77
pet1/pet1_transparent_embossed/IMG_6360.jpg,pet1,pet1_transparent_embossed,ric1-ric5-v6,baseline,none,0.0,False,[],41.88
pet1/pet1_transparent_embossed/IMG_6360.jpg,pet1,pet1_transparent_embossed,yolov8,clahe,none,0.0,False,[],48.81
pet1/pet1_transparent_embossed/IMG_6360.jpg,pet1,pet1_transparent_embossed,ric1-v5,clahe,pet1,0.3242,True,"[{""label"": ""pet1"", ""confidence"": 0.32423362135887146, ""bbox"": [0, 2, 22, 36]}]",43.78
pet1/pet1_transparent_embossed/IMG_6360.jpg,pet1,pet1_transparent_embossed,ric5-v1,clahe,none,0.0,False,[],46.26
pet1/pet1_transparent_embossed/IMG_6360.jpg,pet1,pet1_transparent_embossed,ric1-ric5-v6,clahe,none,0.0,False,[],45.98
pet1/pet1_transparent_embossed/IMG_6360.jpg,pet1,pet1_transparent_embossed,yolov8,canny,none,0.0,False,[],44.91
pet1/pet1_transparent_embossed/IMG_6360.jpg,pet1,pet1_transparent_embossed,ric1-v5,canny,none,0.0,False,[],42.35
pet1/pet1_transparent_embossed/IMG_6360.jpg,pet1,pet1_transparent_embossed,ric5-v1,canny,none,0.0,False,[],45.56
pet1/pet1_transparent_embossed/IMG_6360.jpg,pet1,pet1_transparent_embossed,ric1-ric5-v6,canny,none,0.0,False,[],42.86
pet1/pet1_transparent_embossed/IMG_6360.jpg,pet1,pet1_transparent_embossed,yolov8,clahe_canny,none,0.0,False,[],43.62
pet1/pet1_transparent_embossed/IMG_6360.jpg,pet1,pet1_transparent_embossed,ric1-v5,clahe_canny,none,0.0,False,[],43.46
pet1/pet1_transparent_embossed/IMG_6360.jpg,pet1,pet1_transparent_embossed,ric5-v1,clahe_canny,pp5,0.8208,False,"[{""label"": ""pp5"", ""confidence"": 0.8208104372024536, ""bbox"": [25, 112, 73, 173]}]",42.1
pet1/pet1_transparent_embossed/IMG_6360.jpg,pet1,pet1_transparent_embossed,ric1-ric5-v6,clahe_canny,none,0.0,False,[],42.43
pet1/pet1_transparent_embossed/IMG_6367.jpg,pet1,pet1_transparent_embossed,yolov8,baseline,none,0.0,False,[],43.6
pet1/pet1_transparent_embossed/IMG_6367.jpg,pet1,pet1_transparent_embossed,ric1-v5,baseline,none,0.0,False,[],42.98
pet1/pet1_transparent_embossed/IMG_6367.jpg,pet1,pet1_transparent_embossed,ric5-v1,baseline,none,0.0,False,[],42.58
pet1/pet1_transparent_embossed/IMG_6367.jpg,pet1,pet1_transparent_embossed,ric1-ric5-v6,baseline,none,0.0,False,[],41.66
pet1/pet1_transparent_embossed/IMG_6367.jpg,pet1,pet1_transparent_embossed,yolov8,clahe,none,0.0,False,[],44.24
pet1/pet1_transparent_embossed/IMG_6367.jpg,pet1,pet1_transparent_embossed,ric1-v5,clahe,none,0.0,False,[],42.97
pet1/pet1_transparent_embossed/IMG_6367.jpg,pet1,pet1_transparent_embossed,ric5-v1,clahe,none,0.0,False,[],42.69
pet1/pet1_transparent_embossed/IMG_6367.jpg,pet1,pet1_transparent_embossed,ric1-ric5-v6,clahe,none,0.0,False,[],42.89
pet1/pet1_transparent_embossed/IMG_6367.jpg,pet1,pet1_transparent_embossed,yolov8,canny,none,0.0,False,[],44.93
pet1/pet1_transparent_embossed/IMG_6367.jpg,pet1,pet1_transparent_embossed,ric1-v5,canny,none,0.0,False,[],41.38
pet1/pet1_transparent_embossed/IMG_6367.jpg,pet1,pet1_transparent_embossed,ric5-v1,canny,none,0.0,False,[],46.03
pet1/pet1_transparent_embossed/IMG_6367.jpg,pet1,pet1_transparent_embossed,ric1-ric5-v6,canny,none,0.0,False,[],45.59
pet1/pet1_transparent_embossed/IMG_6367.jpg,pet1,pet1_transparent_embossed,yolov8,clahe_canny,none,0.0,False,[],47.9
pet1/pet1_transparent_embossed/IMG_6367.jpg,pet1,pet1_transparent_embossed,ric1-v5,clahe_canny,none,0.0,False,[],45.75
pet1/pet1_transparent_embossed/IMG_6367.jpg,pet1,pet1_transparent_embossed,ric5-v1,clahe_canny,none,0.0,False,[],42.38
pet1/pet1_transparent_embossed/IMG_6367.jpg,pet1,pet1_transparent_embossed,ric1-ric5-v6,clahe_canny,none,0.0,False,[],41.45
pet1/pet1_transparent_embossed/IMG_6368.jpg,pet1,pet1_transparent_embossed,yolov8,baseline,none,0.0,False,[],44.27
pet1/pet1_transparent_embossed/IMG_6368.jpg,pet1,pet1_transparent_embossed,ric1-v5,baseline,none,0.0,False,[],42.58
pet1/pet1_transparent_embossed/IMG_6368.jpg,pet1,pet1_transparent_embossed,ric5-v1,baseline,none,0.0,False,[],41.67
pet1/pet1_transparent_embossed/IMG_6368.jpg,pet1,pet1_transparent_embossed,ric1-ric5-v6,baseline,none,0.0,False,[],42.56
pet1/pet1_transparent_embossed/IMG_6368.jpg,pet1,pet1_transparent_embossed,yolov8,clahe,none,0.0,False,[],44.17
pet1/pet1_transparent_embossed/IMG_6368.jpg,pet1,pet1_transparent_embossed,ric1-v5,clahe,none,0.0,False,[],44.09
pet1/pet1_transparent_embossed/IMG_6368.jpg,pet1,pet1_transparent_embossed,ric5-v1,clahe,none,0.0,False,[],41.82
pet1/pet1_transparent_embossed/IMG_6368.jpg,pet1,pet1_transparent_embossed,ric1-ric5-v6,clahe,none,0.0,False,[],45.81
pet1/pet1_transparent_embossed/IMG_6368.jpg,pet1,pet1_transparent_embossed,yolov8,canny,none,0.0,False,[],56.46
pet1/pet1_transparent_embossed/IMG_6368.jpg,pet1,pet1_transparent_embossed,ric1-v5,canny,pet1,0.262,True,"[{""label"": ""pet1"", ""confidence"": 0.26198509335517883, ""bbox"": [171, 0, 216, 18]}]",42.46
pet1/pet1_transparent_embossed/IMG_6368.jpg,pet1,pet1_transparent_embossed,ric5-v1,canny,none,0.0,False,[],42.73
pet1/pet1_transparent_embossed/IMG_6368.jpg,pet1,pet1_transparent_embossed,ric1-ric5-v6,canny,none,0.0,False,[],43.18
pet1/pet1_transparent_embossed/IMG_6368.jpg,pet1,pet1_transparent_embossed,yolov8,clahe_canny,none,0.0,False,[],42.99
pet1/pet1_transparent_embossed/IMG_6368.jpg,pet1,pet1_transparent_embossed,ric1-v5,clahe_canny,none,0.0,False,[],42.46
pet1/pet1_transparent_embossed/IMG_6368.jpg,pet1,pet1_transparent_embossed,ric5-v1,clahe_canny,none,0.0,False,[],41.95
pet1/pet1_transparent_embossed/IMG_6368.jpg,pet1,pet1_transparent_embossed,ric1-ric5-v6,clahe_canny,none,0.0,False,[],41.52
pet1/pet1_transparent_embossed/IMG_6371.jpg,pet1,pet1_transparent_embossed,yolov8,baseline,none,0.0,False,[],47.04
pet1/pet1_transparent_embossed/IMG_6371.jpg,pet1,pet1_transparent_embossed,ric1-v5,baseline,none,0.0,False,[],45.08
pet1/pet1_transparent_embossed/IMG_6371.jpg,pet1,pet1_transparent_embossed,ric5-v1,baseline,none,0.0,False,[],45.81
pet1/pet1_transparent_embossed/IMG_6371.jpg,pet1,pet1_transparent_embossed,ric1-ric5-v6,baseline,none,0.0,False,[],43.74
pet1/pet1_transparent_embossed/IMG_6371.jpg,pet1,pet1_transparent_embossed,yolov8,clahe,none,0.0,False,[],43.53
pet1/pet1_transparent_embossed/IMG_6371.jpg,pet1,pet1_transparent_embossed,ric1-v5,clahe,pet1,0.3612,True,"[{""label"": ""pet1"", ""confidence"": 0.3611629605293274, ""bbox"": [122, 60, 138, 88]}]",43.22
pet1/pet1_transparent_embossed/IMG_6371.jpg,pet1,pet1_transparent_embossed,ric5-v1,clahe,pp5,0.376,False,"[{""label"": ""pp5"", ""confidence"": 0.3759757876396179, ""bbox"": [102, 89, 118, 103]}]",43.18
pet1/pet1_transparent_embossed/IMG_6371.jpg,pet1,pet1_transparent_embossed,ric1-ric5-v6,clahe,none,0.0,False,[],43.85
pet1/pet1_transparent_embossed/IMG_6371.jpg,pet1,pet1_transparent_embossed,yolov8,canny,none,0.0,False,[],43.85
pet1/pet1_transparent_embossed/IMG_6371.jpg,pet1,pet1_transparent_embossed,ric1-v5,canny,none,0.0,False,[],40.76
pet1/pet1_transparent_embossed/IMG_6371.jpg,pet1,pet1_transparent_embossed,ric5-v1,canny,none,0.0,False,[],41.49
pet1/pet1_transparent_embossed/IMG_6371.jpg,pet1,pet1_transparent_embossed,ric1-ric5-v6,canny,none,0.0,False,[],41.63
pet1/pet1_transparent_embossed/IMG_6371.jpg,pet1,pet1_transparent_embossed,yolov8,clahe_canny,none,0.0,False,[],43.44
pet1/pet1_transparent_embossed/IMG_6371.jpg,pet1,pet1_transparent_embossed,ric1-v5,clahe_canny,pet1,0.4751,True,"[{""label"": ""pet1"", ""confidence"": 0.47506406903266907, ""bbox"": [190, 0, 223, 25]}]",42.38
pet1/pet1_transparent_embossed/IMG_6371.jpg,pet1,pet1_transparent_embossed,ric5-v1,clahe_canny,pp5,0.3297,False,"[{""label"": ""pp5"", ""confidence"": 0.3297133147716522, ""bbox"": [107, 136, 156, 180]}]",42.37
pet1/pet1_transparent_embossed/IMG_6371.jpg,pet1,pet1_transparent_embossed,ric1-ric5-v6,clahe_canny,none,0.0,False,[],42.04
pet1/pet1_transparent_embossed/IMG_6398 (1).jpg,pet1,pet1_transparent_embossed,yolov8,baseline,clock,0.377,False,"[{""label"": ""clock"", ""confidence"": 0.3769586980342865, ""bbox"": [52, 36, 65, 52]}, {""label"": ""skateboard"", ""confidence"": 0.36152589321136475, ""bbox"": [57, 63, 163, 159]}]",45.64
pet1/pet1_transparent_embossed/IMG_6398 (1).jpg,pet1,pet1_transparent_embossed,ric1-v5,baseline,none,0.0,False,[],42.88
pet1/pet1_transparent_embossed/IMG_6398 (1).jpg,pet1,pet1_transparent_embossed,ric5-v1,baseline,none,0.0,False,[],43.48
pet1/pet1_transparent_embossed/IMG_6398 (1).jpg,pet1,pet1_transparent_embossed,ric1-ric5-v6,baseline,none,0.0,False,[],42.47
pet1/pet1_transparent_embossed/IMG_6398 (1).jpg,pet1,pet1_transparent_embossed,yolov8,clahe,clock,0.5769,False,"[{""label"": ""clock"", ""confidence"": 0.5769246816635132, ""bbox"": [51, 36, 66, 52]}, {""label"": ""motorcycle"", ""confidence"": 0.5320009589195251, ""bbox"": [86, 140, 153, 181]}, {""label"": ""person"", ""confidence"": 0.3059258759021759, ""bbox"": [57, 60, 164, 160]}, {""label"": ""motorcycle"", ""confidence"": 0.25033116340637207, ""bbox"": [57, 62, 165, 160]}]",44.72
pet1/pet1_transparent_embossed/IMG_6398 (1).jpg,pet1,pet1_transparent_embossed,ric1-v5,clahe,none,0.0,False,[],43.41
pet1/pet1_transparent_embossed/IMG_6398 (1).jpg,pet1,pet1_transparent_embossed,ric5-v1,clahe,none,0.0,False,[],47.56
pet1/pet1_transparent_embossed/IMG_6398 (1).jpg,pet1,pet1_transparent_embossed,ric1-ric5-v6,clahe,none,0.0,False,[],43.91
pet1/pet1_transparent_embossed/IMG_6398 (1).jpg,pet1,pet1_transparent_embossed,yolov8,canny,none,0.0,False,[],48.37
pet1/pet1_transparent_embossed/IMG_6398 (1).jpg,pet1,pet1_transparent_embossed,ric1-v5,canny,none,0.0,False,[],56.21
pet1/pet1_transparent_embossed/IMG_6398 (1).jpg,pet1,pet1_transparent_embossed,ric5-v1,canny,none,0.0,False,[],44.63
pet1/pet1_transparent_embossed/IMG_6398 (1).jpg,pet1,pet1_transparent_embossed,ric1-ric5-v6,canny,pp5,0.4252,False,"[{""label"": ""pp5"", ""confidence"": 0.4252217411994934, ""bbox"": [75, 8, 108, 44]}]",42.31
pet1/pet1_transparent_embossed/IMG_6398 (1).jpg,pet1,pet1_transparent_embossed,yolov8,clahe_canny,none,0.0,False,[],44.23
pet1/pet1_transparent_embossed/IMG_6398 (1).jpg,pet1,pet1_transparent_embossed,ric1-v5,clahe_canny,pet1,0.6269,True,"[{""label"": ""pet1"", ""confidence"": 0.6268545985221863, ""bbox"": [91, 190, 125, 224]}]",42.14
pet1/pet1_transparent_embossed/IMG_6398 (1).jpg,pet1,pet1_transparent_embossed,ric5-v1,clahe_canny,pp5,0.5236,False,"[{""label"": ""pp5"", ""confidence"": 0.5235639214515686, ""bbox"": [0, 29, 47, 73]}]",41.74
pet1/pet1_transparent_embossed/IMG_6398 (1).jpg,pet1,pet1_transparent_embossed,ric1-ric5-v6,clahe_canny,none,0.0,False,[],41.13
pet1/pet1_transparent_embossed/IMG_6402.jpg,pet1,pet1_transparent_embossed,yolov8,baseline,none,0.0,False,[],62.2
pet1/pet1_transparent_embossed/IMG_6402.jpg,pet1,pet1_transparent_embossed,ric1-v5,baseline,none,0.0,False,[],43.85
pet1/pet1_transparent_embossed/IMG_6402.jpg,pet1,pet1_transparent_embossed,ric5-v1,baseline,none,0.0,False,[],43.08
pet1/pet1_transparent_embossed/IMG_6402.jpg,pet1,pet1_transparent_embossed,ric1-ric5-v6,baseline,none,0.0,False,[],42.03
pet1/pet1_transparent_embossed/IMG_6402.jpg,pet1,pet1_transparent_embossed,yolov8,clahe,person,0.3092,False,"[{""label"": ""person"", ""confidence"": 0.3091966211795807, ""bbox"": [62, 28, 165, 120]}]",44.44
pet1/pet1_transparent_embossed/IMG_6402.jpg,pet1,pet1_transparent_embossed,ric1-v5,clahe,pet1,0.3219,True,"[{""label"": ""pet1"", ""confidence"": 0.3219241499900818, ""bbox"": [157, 2, 182, 34]}]",40.46
pet1/pet1_transparent_embossed/IMG_6402.jpg,pet1,pet1_transparent_embossed,ric5-v1,clahe,none,0.0,False,[],43.16
pet1/pet1_transparent_embossed/IMG_6402.jpg,pet1,pet1_transparent_embossed,ric1-ric5-v6,clahe,none,0.0,False,[],41.49
pet1/pet1_transparent_embossed/IMG_6402.jpg,pet1,pet1_transparent_embossed,yolov8,canny,none,0.0,False,[],43.71
pet1/pet1_transparent_embossed/IMG_6402.jpg,pet1,pet1_transparent_embossed,ric1-v5,canny,pet1,0.4862,True,"[{""label"": ""pet1"", ""confidence"": 0.4861581325531006, ""bbox"": [155, 1, 193, 49]}]",40.83
pet1/pet1_transparent_embossed/IMG_6402.jpg,pet1,pet1_transparent_embossed,ric5-v1,canny,none,0.0,False,[],41.74
pet1/pet1_transparent_embossed/IMG_6402.jpg,pet1,pet1_transparent_embossed,ric1-ric5-v6,canny,none,0.0,False,[],45.74
pet1/pet1_transparent_embossed/IMG_6402.jpg,pet1,pet1_transparent_embossed,yolov8,clahe_canny,none,0.0,False,[],47.4
pet1/pet1_transparent_embossed/IMG_6402.jpg,pet1,pet1_transparent_embossed,ric1-v5,clahe_canny,none,0.0,False,[],43.97
pet1/pet1_transparent_embossed/IMG_6402.jpg,pet1,pet1_transparent_embossed,ric5-v1,clahe_canny,none,0.0,False,[],46.19
pet1/pet1_transparent_embossed/IMG_6402.jpg,pet1,pet1_transparent_embossed,ric1-ric5-v6,clahe_canny,none,0.0,False,[],44.54
pet1/pet1_transparent_embossed/IMG_6403 (1).jpg,pet1,pet1_transparent_embossed,yolov8,baseline,none,0.0,False,[],42.96
pet1/pet1_transparent_embossed/IMG_6403 (1).jpg,pet1,pet1_transparent_embossed,ric1-v5,baseline,pet1,0.4963,True,"[{""label"": ""pet1"", ""confidence"": 0.4962669014930725, ""bbox"": [106, 178, 119, 198]}]",42.01
pet1/pet1_transparent_embossed/IMG_6403 (1).jpg,pet1,pet1_transparent_embossed,ric5-v1,baseline,none,0.0,False,[],41.18
pet1/pet1_transparent_embossed/IMG_6403 (1).jpg,pet1,pet1_transparent_embossed,ric1-ric5-v6,baseline,none,0.0,False,[],41.98
pet1/pet1_transparent_embossed/IMG_6403 (1).jpg,pet1,pet1_transparent_embossed,yolov8,clahe,none,0.0,False,[],42.03
pet1/pet1_transparent_embossed/IMG_6403 (1).jpg,pet1,pet1_transparent_embossed,ric1-v5,clahe,none,0.0,False,[],69.03
pet1/pet1_transparent_embossed/IMG_6403 (1).jpg,pet1,pet1_transparent_embossed,ric5-v1,clahe,none,0.0,False,[],42.62
pet1/pet1_transparent_embossed/IMG_6403 (1).jpg,pet1,pet1_transparent_embossed,ric1-ric5-v6,clahe,none,0.0,False,[],42.69
pet1/pet1_transparent_embossed/IMG_6403 (1).jpg,pet1,pet1_transparent_embossed,yolov8,canny,none,0.0,False,[],43.46
pet1/pet1_transparent_embossed/IMG_6403 (1).jpg,pet1,pet1_transparent_embossed,ric1-v5,canny,none,0.0,False,[],41.62
pet1/pet1_transparent_embossed/IMG_6403 (1).jpg,pet1,pet1_transparent_embossed,ric5-v1,canny,pp5,0.3536,False,"[{""label"": ""pp5"", ""confidence"": 0.3536072075366974, ""bbox"": [76, 47, 101, 68]}]",41.63
pet1/pet1_transparent_embossed/IMG_6403 (1).jpg,pet1,pet1_transparent_embossed,ric1-ric5-v6,canny,none,0.0,False,[],41.37
pet1/pet1_transparent_embossed/IMG_6403 (1).jpg,pet1,pet1_transparent_embossed,yolov8,clahe_canny,none,0.0,False,[],44.77
pet1/pet1_transparent_embossed/IMG_6403 (1).jpg,pet1,pet1_transparent_embossed,ric1-v5,clahe_canny,none,0.0,False,[],43.22
pet1/pet1_transparent_embossed/IMG_6403 (1).jpg,pet1,pet1_transparent_embossed,ric5-v1,clahe_canny,pp5,0.2768,False,"[{""label"": ""pp5"", ""confidence"": 0.27678751945495605, ""bbox"": [0, 22, 36, 69]}]",42.87
pet1/pet1_transparent_embossed/IMG_6403 (1).jpg,pet1,pet1_transparent_embossed,ric1-ric5-v6,clahe_canny,none,0.0,False,[],43.33
pet1/pet1_transparent_embossed/IMG_6403.jpg,pet1,pet1_transparent_embossed,yolov8,baseline,none,0.0,False,[],45.01
pet1/pet1_transparent_embossed/IMG_6403.jpg,pet1,pet1_transparent_embossed,ric1-v5,baseline,pet1,0.3941,True,"[{""label"": ""pet1"", ""confidence"": 0.39411965012550354, ""bbox"": [122, 144, 140, 167]}, {""label"": ""pet1"", ""confidence"": 0.368106871843338, ""bbox"": [105, 178, 119, 198]}, {""label"": ""pet1"", ""confidence"": 0.27738475799560547, ""bbox"": [211, 0, 223, 21]}]",45.96
pet1/pet1_transparent_embossed/IMG_6403.jpg,pet1,pet1_transparent_embossed,ric5-v1,baseline,none,0.0,False,[],42.05
pet1/pet1_transparent_embossed/IMG_6403.jpg,pet1,pet1_transparent_embossed,ric1-ric5-v6,baseline,none,0.0,False,[],46.36
pet1/pet1_transparent_embossed/IMG_6403.jpg,pet1,pet1_transparent_embossed,yolov8,clahe,none,0.0,False,[],47.02
pet1/pet1_transparent_embossed/IMG_6403.jpg,pet1,pet1_transparent_embossed,ric1-v5,clahe,pet1,0.3495,True,"[{""label"": ""pet1"", ""confidence"": 0.349516361951828, ""bbox"": [83, 8, 107, 38]}]",41.57
pet1/pet1_transparent_embossed/IMG_6403.jpg,pet1,pet1_transparent_embossed,ric5-v1,clahe,none,0.0,False,[],48.01
pet1/pet1_transparent_embossed/IMG_6403.jpg,pet1,pet1_transparent_embossed,ric1-ric5-v6,clahe,none,0.0,False,[],48.43
pet1/pet1_transparent_embossed/IMG_6403.jpg,pet1,pet1_transparent_embossed,yolov8,canny,none,0.0,False,[],44.87
pet1/pet1_transparent_embossed/IMG_6403.jpg,pet1,pet1_transparent_embossed,ric1-v5,canny,none,0.0,False,[],42.02
pet1/pet1_transparent_embossed/IMG_6403.jpg,pet1,pet1_transparent_embossed,ric5-v1,canny,none,0.0,False,[],42.51
pet1/pet1_transparent_embossed/IMG_6403.jpg,pet1,pet1_transparent_embossed,ric1-ric5-v6,canny,none,0.0,False,[],42.16
pet1/pet1_transparent_embossed/IMG_6403.jpg,pet1,pet1_transparent_embossed,yolov8,clahe_canny,none,0.0,False,[],44.71
pet1/pet1_transparent_embossed/IMG_6403.jpg,pet1,pet1_transparent_embossed,ric1-v5,clahe_canny,pet1,0.3141,True,"[{""label"": ""pet1"", ""confidence"": 0.31406188011169434, ""bbox"": [122, 162, 155, 201]}]",41.57
pet1/pet1_transparent_embossed/IMG_6403.jpg,pet1,pet1_transparent_embossed,ric5-v1,clahe_canny,none,0.0,False,[],41.98
pet1/pet1_transparent_embossed/IMG_6403.jpg,pet1,pet1_transparent_embossed,ric1-ric5-v6,clahe_canny,none,0.0,False,[],42.46
pet1/pet1_transparent_embossed/IMG_6404.jpg,pet1,pet1_transparent_embossed,yolov8,baseline,person,0.303,False,"[{""label"": ""person"", ""confidence"": 0.303044855594635, ""bbox"": [62, 27, 173, 176]}]",42.77
pet1/pet1_transparent_embossed/IMG_6404.jpg,pet1,pet1_transparent_embossed,ric1-v5,baseline,none,0.0,False,[],42.72
pet1/pet1_transparent_embossed/IMG_6404.jpg,pet1,pet1_transparent_embossed,ric5-v1,baseline,none,0.0,False,[],42.41
pet1/pet1_transparent_embossed/IMG_6404.jpg,pet1,pet1_transparent_embossed,ric1-ric5-v6,baseline,none,0.0,False,[],41.09
pet1/pet1_transparent_embossed/IMG_6404.jpg,pet1,pet1_transparent_embossed,yolov8,clahe,horse,0.3484,False,"[{""label"": ""horse"", ""confidence"": 0.34835347533226013, ""bbox"": [63, 26, 164, 133]}]",43.89
pet1/pet1_transparent_embossed/IMG_6404.jpg,pet1,pet1_transparent_embossed,ric1-v5,clahe,none,0.0,False,[],43.53
pet1/pet1_transparent_embossed/IMG_6404.jpg,pet1,pet1_transparent_embossed,ric5-v1,clahe,none,0.0,False,[],43.95
pet1/pet1_transparent_embossed/IMG_6404.jpg,pet1,pet1_transparent_embossed,ric1-ric5-v6,clahe,none,0.0,False,[],44.69
pet1/pet1_transparent_embossed/IMG_6404.jpg,pet1,pet1_transparent_embossed,yolov8,canny,none,0.0,False,[],46.98
pet1/pet1_transparent_embossed/IMG_6404.jpg,pet1,pet1_transparent_embossed,ric1-v5,canny,none,0.0,False,[],45.29
pet1/pet1_transparent_embossed/IMG_6404.jpg,pet1,pet1_transparent_embossed,ric5-v1,canny,none,0.0,False,[],43.88
pet1/pet1_transparent_embossed/IMG_6404.jpg,pet1,pet1_transparent_embossed,ric1-ric5-v6,canny,none,0.0,False,[],40.88
pet1/pet1_transparent_embossed/IMG_6404.jpg,pet1,pet1_transparent_embossed,yolov8,clahe_canny,none,0.0,False,[],44.31
pet1/pet1_transparent_embossed/IMG_6404.jpg,pet1,pet1_transparent_embossed,ric1-v5,clahe_canny,pet1,0.4014,True,"[{""label"": ""pet1"", ""confidence"": 0.4013512134552002, ""bbox"": [0, 176, 22, 216]}]",43.44
pet1/pet1_transparent_embossed/IMG_6404.jpg,pet1,pet1_transparent_embossed,ric5-v1,clahe_canny,none,0.0,False,[],77.73
pet1/pet1_transparent_embossed/IMG_6404.jpg,pet1,pet1_transparent_embossed,ric1-ric5-v6,clahe_canny,none,0.0,False,[],42.59
pet1/pet1_transparent_embossed/IMG_6415 (1).jpg,pet1,pet1_transparent_embossed,yolov8,baseline,none,0.0,False,[],44.2
pet1/pet1_transparent_embossed/IMG_6415 (1).jpg,pet1,pet1_transparent_embossed,ric1-v5,baseline,none,0.0,False,[],42.49
pet1/pet1_transparent_embossed/IMG_6415 (1).jpg,pet1,pet1_transparent_embossed,ric5-v1,baseline,none,0.0,False,[],42.14
pet1/pet1_transparent_embossed/IMG_6415 (1).jpg,pet1,pet1_transparent_embossed,ric1-ric5-v6,baseline,none,0.0,False,[],43.17
pet1/pet1_transparent_embossed/IMG_6415 (1).jpg,pet1,pet1_transparent_embossed,yolov8,clahe,none,0.0,False,[],43.73
pet1/pet1_transparent_embossed/IMG_6415 (1).jpg,pet1,pet1_transparent_embossed,ric1-v5,clahe,pet1,0.7459,True,"[{""label"": ""pet1"", ""confidence"": 0.7459402680397034, ""bbox"": [40, 99, 60, 120]}]",42.35
pet1/pet1_transparent_embossed/IMG_6415 (1).jpg,pet1,pet1_transparent_embossed,ric5-v1,clahe,none,0.0,False,[],42.04
pet1/pet1_transparent_embossed/IMG_6415 (1).jpg,pet1,pet1_transparent_embossed,ric1-ric5-v6,clahe,none,0.0,False,[],43.3
pet1/pet1_transparent_embossed/IMG_6415 (1).jpg,pet1,pet1_transparent_embossed,yolov8,canny,bird,0.4072,False,"[{""label"": ""bird"", ""confidence"": 0.4072149991989136, ""bbox"": [175, 56, 193, 67]}]",44.3
pet1/pet1_transparent_embossed/IMG_6415 (1).jpg,pet1,pet1_transparent_embossed,ric1-v5,canny,none,0.0,False,[],40.95
pet1/pet1_transparent_embossed/IMG_6415 (1).jpg,pet1,pet1_transparent_embossed,ric5-v1,canny,none,0.0,False,[],40.95
pet1/pet1_transparent_embossed/IMG_6415 (1).jpg,pet1,pet1_transparent_embossed,ric1-ric5-v6,canny,none,0.0,False,[],43.0
pet1/pet1_transparent_embossed/IMG_6415 (1).jpg,pet1,pet1_transparent_embossed,yolov8,clahe_canny,none,0.0,False,[],81.21
pet1/pet1_transparent_embossed/IMG_6415 (1).jpg,pet1,pet1_transparent_embossed,ric1-v5,clahe_canny,pet1,0.5604,True,"[{""label"": ""pet1"", ""confidence"": 0.5604110360145569, ""bbox"": [75, 47, 123, 90]}, {""label"": ""pet1"", ""confidence"": 0.48372963070869446, ""bbox"": [93, 49, 123, 89]}]",44.14
pet1/pet1_transparent_embossed/IMG_6415 (1).jpg,pet1,pet1_transparent_embossed,ric5-v1,clahe_canny,pp5,0.6494,False,"[{""label"": ""pp5"", ""confidence"": 0.6493812203407288, ""bbox"": [7, 90, 34, 123]}, {""label"": ""pp5"", ""confidence"": 0.5593771934509277, ""bbox"": [0, 74, 36, 124]}]",46.72
pet1/pet1_transparent_embossed/IMG_6415 (1).jpg,pet1,pet1_transparent_embossed,ric1-ric5-v6,clahe_canny,pp5,0.586,False,"[{""label"": ""pp5"", ""confidence"": 0.5859797596931458, ""bbox"": [11, 92, 36, 129]}]",47.74
pet1/pet1_transparent_embossed/IMG_6415.jpg,pet1,pet1_transparent_embossed,yolov8,baseline,none,0.0,False,[],43.86
pet1/pet1_transparent_embossed/IMG_6415.jpg,pet1,pet1_transparent_embossed,ric1-v5,baseline,none,0.0,False,[],43.26
pet1/pet1_transparent_embossed/IMG_6415.jpg,pet1,pet1_transparent_embossed,ric5-v1,baseline,none,0.0,False,[],40.96
pet1/pet1_transparent_embossed/IMG_6415.jpg,pet1,pet1_transparent_embossed,ric1-ric5-v6,baseline,none,0.0,False,[],42.58
pet1/pet1_transparent_embossed/IMG_6415.jpg,pet1,pet1_transparent_embossed,yolov8,clahe,none,0.0,False,[],43.67
pet1/pet1_transparent_embossed/IMG_6415.jpg,pet1,pet1_transparent_embossed,ric1-v5,clahe,none,0.0,False,[],41.82
pet1/pet1_transparent_embossed/IMG_6415.jpg,pet1,pet1_transparent_embossed,ric5-v1,clahe,pp5,0.3653,False,"[{""label"": ""pp5"", ""confidence"": 0.36530864238739014, ""bbox"": [185, 92, 223, 126]}]",41.78
pet1/pet1_transparent_embossed/IMG_6415.jpg,pet1,pet1_transparent_embossed,ric1-ric5-v6,clahe,none,0.0,False,[],42.0
pet1/pet1_transparent_embossed/IMG_6415.jpg,pet1,pet1_transparent_embossed,yolov8,canny,bird,0.2955,False,"[{""label"": ""bird"", ""confidence"": 0.29546070098876953, ""bbox"": [30, 57, 48, 67]}]",43.56
pet1/pet1_transparent_embossed/IMG_6415.jpg,pet1,pet1_transparent_embossed,ric1-v5,canny,none,0.0,False,[],41.91
pet1/pet1_transparent_embossed/IMG_6415.jpg,pet1,pet1_transparent_embossed,ric5-v1,canny,none,0.0,False,[],42.71
pet1/pet1_transparent_embossed/IMG_6415.jpg,pet1,pet1_transparent_embossed,ric1-ric5-v6,canny,none,0.0,False,[],41.55
pet1/pet1_transparent_embossed/IMG_6415.jpg,pet1,pet1_transparent_embossed,yolov8,clahe_canny,none,0.0,False,[],42.98
pet1/pet1_transparent_embossed/IMG_6415.jpg,pet1,pet1_transparent_embossed,ric1-v5,clahe_canny,pet1,0.5347,True,"[{""label"": ""pet1"", ""confidence"": 0.5346859097480774, ""bbox"": [117, 11, 160, 62]}, {""label"": ""pet1"", ""confidence"": 0.3888119161128998, ""bbox"": [44, 197, 93, 224]}]",43.33
pet1/pet1_transparent_embossed/IMG_6415.jpg,pet1,pet1_transparent_embossed,ric5-v1,clahe_canny,pp5,0.6079,False,"[{""label"": ""pp5"", ""confidence"": 0.6079282760620117, ""bbox"": [188, 90, 223, 124]}, {""label"": ""pp5"", ""confidence"": 0.4547085165977478, ""bbox"": [186, 77, 223, 124]}]",42.14
pet1/pet1_transparent_embossed/IMG_6415.jpg,pet1,pet1_transparent_embossed,ric1-ric5-v6,clahe_canny,pp5,0.3434,False,"[{""label"": ""pp5"", ""confidence"": 0.3433549106121063, ""bbox"": [103, 102, 154, 140]}]",42.21
pet1/pet1_transparent_embossed/IMG_6446 (1).jpg,pet1,pet1_transparent_embossed,yolov8,baseline,none,0.0,False,[],44.09
pet1/pet1_transparent_embossed/IMG_6446 (1).jpg,pet1,pet1_transparent_embossed,ric1-v5,baseline,none,0.0,False,[],45.91
pet1/pet1_transparent_embossed/IMG_6446 (1).jpg,pet1,pet1_transparent_embossed,ric5-v1,baseline,none,0.0,False,[],42.86
pet1/pet1_transparent_embossed/IMG_6446 (1).jpg,pet1,pet1_transparent_embossed,ric1-ric5-v6,baseline,none,0.0,False,[],44.59
pet1/pet1_transparent_embossed/IMG_6446 (1).jpg,pet1,pet1_transparent_embossed,yolov8,clahe,wine glass,0.7236,False,"[{""label"": ""wine glass"", ""confidence"": 0.7236225008964539, ""bbox"": [112, 54, 154, 141]}]",46.54
pet1/pet1_transparent_embossed/IMG_6446 (1).jpg,pet1,pet1_transparent_embossed,ric1-v5,clahe,pet1,0.3857,True,"[{""label"": ""pet1"", ""confidence"": 0.38566476106643677, ""bbox"": [136, 15, 154, 34]}]",43.28
pet1/pet1_transparent_embossed/IMG_6446 (1).jpg,pet1,pet1_transparent_embossed,ric5-v1,clahe,none,0.0,False,[],42.51
pet1/pet1_transparent_embossed/IMG_6446 (1).jpg,pet1,pet1_transparent_embossed,ric1-ric5-v6,clahe,none,0.0,False,[],42.97
pet1/pet1_transparent_embossed/IMG_6446 (1).jpg,pet1,pet1_transparent_embossed,yolov8,canny,none,0.0,False,[],44.58
pet1/pet1_transparent_embossed/IMG_6446 (1).jpg,pet1,pet1_transparent_embossed,ric1-v5,canny,none,0.0,False,[],42.05
pet1/pet1_transparent_embossed/IMG_6446 (1).jpg,pet1,pet1_transparent_embossed,ric5-v1,canny,none,0.0,False,[],41.92
pet1/pet1_transparent_embossed/IMG_6446 (1).jpg,pet1,pet1_transparent_embossed,ric1-ric5-v6,canny,none,0.0,False,[],42.42
pet1/pet1_transparent_embossed/IMG_6446 (1).jpg,pet1,pet1_transparent_embossed,yolov8,clahe_canny,none,0.0,False,[],43.09
pet1/pet1_transparent_embossed/IMG_6446 (1).jpg,pet1,pet1_transparent_embossed,ric1-v5,clahe_canny,none,0.0,False,[],41.21
pet1/pet1_transparent_embossed/IMG_6446 (1).jpg,pet1,pet1_transparent_embossed,ric5-v1,clahe_canny,pp5,0.2531,False,"[{""label"": ""pp5"", ""confidence"": 0.25306805968284607, ""bbox"": [168, 0, 224, 38]}]",42.15
pet1/pet1_transparent_embossed/IMG_6446 (1).jpg,pet1,pet1_transparent_embossed,ric1-ric5-v6,clahe_canny,none,0.0,False,[],41.95
pet1/pet1_transparent_embossed/IMG_6446.jpg,pet1,pet1_transparent_embossed,yolov8,baseline,none,0.0,False,[],43.12
pet1/pet1_transparent_embossed/IMG_6446.jpg,pet1,pet1_transparent_embossed,ric1-v5,baseline,none,0.0,False,[],41.77
pet1/pet1_transparent_embossed/IMG_6446.jpg,pet1,pet1_transparent_embossed,ric5-v1,baseline,none,0.0,False,[],41.52
pet1/pet1_transparent_embossed/IMG_6446.jpg,pet1,pet1_transparent_embossed,ric1-ric5-v6,baseline,none,0.0,False,[],42.77
pet1/pet1_transparent_embossed/IMG_6446.jpg,pet1,pet1_transparent_embossed,yolov8,clahe,wine glass,0.5319,False,"[{""label"": ""wine glass"", ""confidence"": 0.531917154788971, ""bbox"": [69, 53, 111, 140]}, {""label"": ""wine glass"", ""confidence"": 0.4008845090866089, ""bbox"": [52, 151, 81, 200]}, {""label"": ""wine glass"", ""confidence"": 0.39078208804130554, ""bbox"": [107, 59, 190, 214]}, {""label"": ""wine glass"", ""confidence"": 0.33381596207618713, ""bbox"": [101, 2, 188, 146]}, {""label"": ""wine glass"", ""confidence"": 0.285815566778183, ""bbox"": [112, 1, 158, 137]}, {""label"": ""cup"", ""confidence"": 0.2822745442390442, ""bbox"": [84, 151, 121, 207]}, {""label"": ""wine glass"", ""confidence"": 0.26950180530548096, ""bbox"": [121, 149, 154, 206]}]",44.82
pet1/pet1_transparent_embossed/IMG_6446.jpg,pet1,pet1_transparent_embossed,ric1-v5,clahe,none,0.0,False,[],41.94
pet1/pet1_transparent_embossed/IMG_6446.jpg,pet1,pet1_transparent_embossed,ric5-v1,clahe,none,0.0,False,[],42.05
pet1/pet1_transparent_embossed/IMG_6446.jpg,pet1,pet1_transparent_embossed,ric1-ric5-v6,clahe,none,0.0,False,[],44.34
pet1/pet1_transparent_embossed/IMG_6446.jpg,pet1,pet1_transparent_embossed,yolov8,canny,none,0.0,False,[],47.59
pet1/pet1_transparent_embossed/IMG_6446.jpg,pet1,pet1_transparent_embossed,ric1-v5,canny,none,0.0,False,[],44.81
pet1/pet1_transparent_embossed/IMG_6446.jpg,pet1,pet1_transparent_embossed,ric5-v1,canny,none,0.0,False,[],45.14
pet1/pet1_transparent_embossed/IMG_6446.jpg,pet1,pet1_transparent_embossed,ric1-ric5-v6,canny,none,0.0,False,[],45.15
pet1/pet1_transparent_embossed/IMG_6446.jpg,pet1,pet1_transparent_embossed,yolov8,clahe_canny,none,0.0,False,[],44.04
pet1/pet1_transparent_embossed/IMG_6446.jpg,pet1,pet1_transparent_embossed,ric1-v5,clahe_canny,none,0.0,False,[],41.99
pet1/pet1_transparent_embossed/IMG_6446.jpg,pet1,pet1_transparent_embossed,ric5-v1,clahe_canny,none,0.0,False,[],42.69
pet1/pet1_transparent_embossed/IMG_6446.jpg,pet1,pet1_transparent_embossed,ric1-ric5-v6,clahe_canny,none,0.0,False,[],42.54
pet1/pet1_transparent_embossed/IMG_6497.jpg,pet1,pet1_transparent_embossed,yolov8,baseline,none,0.0,False,[],43.12
pet1/pet1_transparent_embossed/IMG_6497.jpg,pet1,pet1_transparent_embossed,ric1-v5,baseline,none,0.0,False,[],41.26
pet1/pet1_transparent_embossed/IMG_6497.jpg,pet1,pet1_transparent_embossed,ric5-v1,baseline,none,0.0,False,[],40.85
pet1/pet1_transparent_embossed/IMG_6497.jpg,pet1,pet1_transparent_embossed,ric1-ric5-v6,baseline,none,0.0,False,[],42.44
pet1/pet1_transparent_embossed/IMG_6497.jpg,pet1,pet1_transparent_embossed,yolov8,clahe,none,0.0,False,[],43.58
pet1/pet1_transparent_embossed/IMG_6497.jpg,pet1,pet1_transparent_embossed,ric1-v5,clahe,none,0.0,False,[],41.02
pet1/pet1_transparent_embossed/IMG_6497.jpg,pet1,pet1_transparent_embossed,ric5-v1,clahe,pp5,0.3243,False,"[{""label"": ""pp5"", ""confidence"": 0.32427364587783813, ""bbox"": [127, 170, 139, 190]}]",41.08
pet1/pet1_transparent_embossed/IMG_6497.jpg,pet1,pet1_transparent_embossed,ric1-ric5-v6,clahe,none,0.0,False,[],41.6
pet1/pet1_transparent_embossed/IMG_6497.jpg,pet1,pet1_transparent_embossed,yolov8,canny,none,0.0,False,[],44.58
pet1/pet1_transparent_embossed/IMG_6497.jpg,pet1,pet1_transparent_embossed,ric1-v5,canny,none,0.0,False,[],44.03
pet1/pet1_transparent_embossed/IMG_6497.jpg,pet1,pet1_transparent_embossed,ric5-v1,canny,none,0.0,False,[],41.2
pet1/pet1_transparent_embossed/IMG_6497.jpg,pet1,pet1_transparent_embossed,ric1-ric5-v6,canny,none,0.0,False,[],40.15
pet1/pet1_transparent_embossed/IMG_6497.jpg,pet1,pet1_transparent_embossed,yolov8,clahe_canny,none,0.0,False,[],44.03
pet1/pet1_transparent_embossed/IMG_6497.jpg,pet1,pet1_transparent_embossed,ric1-v5,clahe_canny,none,0.0,False,[],41.83
pet1/pet1_transparent_embossed/IMG_6497.jpg,pet1,pet1_transparent_embossed,ric5-v1,clahe_canny,pp5,0.3389,False,"[{""label"": ""pp5"", ""confidence"": 0.33892661333084106, ""bbox"": [53, 167, 114, 203]}]",47.06
pet1/pet1_transparent_embossed/IMG_6497.jpg,pet1,pet1_transparent_embossed,ric1-ric5-v6,clahe_canny,none,0.0,False,[],43.88
pet1/pet1_transparent_embossed/IMG_6528.jpg,pet1,pet1_transparent_embossed,yolov8,baseline,none,0.0,False,[],48.03
pet1/pet1_transparent_embossed/IMG_6528.jpg,pet1,pet1_transparent_embossed,ric1-v5,baseline,none,0.0,False,[],46.11
pet1/pet1_transparent_embossed/IMG_6528.jpg,pet1,pet1_transparent_embossed,ric5-v1,baseline,pp5,0.3836,False,"[{""label"": ""pp5"", ""confidence"": 0.38360387086868286, ""bbox"": [7, 9, 27, 36]}]",42.29
pet1/pet1_transparent_embossed/IMG_6528.jpg,pet1,pet1_transparent_embossed,ric1-ric5-v6,baseline,none,0.0,False,[],48.05
pet1/pet1_transparent_embossed/IMG_6528.jpg,pet1,pet1_transparent_embossed,yolov8,clahe,none,0.0,False,[],43.48
pet1/pet1_transparent_embossed/IMG_6528.jpg,pet1,pet1_transparent_embossed,ric1-v5,clahe,none,0.0,False,[],42.96
pet1/pet1_transparent_embossed/IMG_6528.jpg,pet1,pet1_transparent_embossed,ric5-v1,clahe,none,0.0,False,[],41.76
pet1/pet1_transparent_embossed/IMG_6528.jpg,pet1,pet1_transparent_embossed,ric1-ric5-v6,clahe,none,0.0,False,[],41.51
pet1/pet1_transparent_embossed/IMG_6528.jpg,pet1,pet1_transparent_embossed,yolov8,canny,horse,0.2747,False,"[{""label"": ""horse"", ""confidence"": 0.2747490704059601, ""bbox"": [91, 188, 153, 223]}]",43.47
pet1/pet1_transparent_embossed/IMG_6528.jpg,pet1,pet1_transparent_embossed,ric1-v5,canny,none,0.0,False,[],42.9
pet1/pet1_transparent_embossed/IMG_6528.jpg,pet1,pet1_transparent_embossed,ric5-v1,canny,pp5,0.4573,False,"[{""label"": ""pp5"", ""confidence"": 0.4572593867778778, ""bbox"": [98, 33, 159, 109]}]",41.82
pet1/pet1_transparent_embossed/IMG_6528.jpg,pet1,pet1_transparent_embossed,ric1-ric5-v6,canny,none,0.0,False,[],41.02
pet1/pet1_transparent_embossed/IMG_6528.jpg,pet1,pet1_transparent_embossed,yolov8,clahe_canny,none,0.0,False,[],44.0
pet1/pet1_transparent_embossed/IMG_6528.jpg,pet1,pet1_transparent_embossed,ric1-v5,clahe_canny,none,0.0,False,[],41.62
pet1/pet1_transparent_embossed/IMG_6528.jpg,pet1,pet1_transparent_embossed,ric5-v1,clahe_canny,none,0.0,False,[],41.95
pet1/pet1_transparent_embossed/IMG_6528.jpg,pet1,pet1_transparent_embossed,ric1-ric5-v6,clahe_canny,none,0.0,False,[],42.07
pet1/pet1_transparent_embossed/IMG_6534.jpg,pet1,pet1_transparent_embossed,yolov8,baseline,none,0.0,False,[],44.01
pet1/pet1_transparent_embossed/IMG_6534.jpg,pet1,pet1_transparent_embossed,ric1-v5,baseline,pet1,0.5378,True,"[{""label"": ""pet1"", ""confidence"": 0.5378372073173523, ""bbox"": [34, 174, 55, 197]}]",40.06
pet1/pet1_transparent_embossed/IMG_6534.jpg,pet1,pet1_transparent_embossed,ric5-v1,baseline,none,0.0,False,[],40.82
pet1/pet1_transparent_embossed/IMG_6534.jpg,pet1,pet1_transparent_embossed,ric1-ric5-v6,baseline,none,0.0,False,[],41.97
pet1/pet1_transparent_embossed/IMG_6534.jpg,pet1,pet1_transparent_embossed,yolov8,clahe,none,0.0,False,[],49.14
pet1/pet1_transparent_embossed/IMG_6534.jpg,pet1,pet1_transparent_embossed,ric1-v5,clahe,pet1,0.2956,True,"[{""label"": ""pet1"", ""confidence"": 0.2956167161464691, ""bbox"": [74, 210, 97, 224]}]",44.76
pet1/pet1_transparent_embossed/IMG_6534.jpg,pet1,pet1_transparent_embossed,ric5-v1,clahe,pp5,0.4414,False,"[{""label"": ""pp5"", ""confidence"": 0.4414368271827698, ""bbox"": [107, 216, 119, 223]}]",45.42
pet1/pet1_transparent_embossed/IMG_6534.jpg,pet1,pet1_transparent_embossed,ric1-ric5-v6,clahe,none,0.0,False,[],46.13
pet1/pet1_transparent_embossed/IMG_6534.jpg,pet1,pet1_transparent_embossed,yolov8,canny,none,0.0,False,[],45.12
pet1/pet1_transparent_embossed/IMG_6534.jpg,pet1,pet1_transparent_embossed,ric1-v5,canny,none,0.0,False,[],42.27
pet1/pet1_transparent_embossed/IMG_6534.jpg,pet1,pet1_transparent_embossed,ric5-v1,canny,pp5,0.4731,False,"[{""label"": ""pp5"", ""confidence"": 0.47313618659973145, ""bbox"": [107, 170, 156, 216]}]",41.74
pet1/pet1_transparent_embossed/IMG_6534.jpg,pet1,pet1_transparent_embossed,ric1-ric5-v6,canny,none,0.0,False,[],42.84
pet1/pet1_transparent_embossed/IMG_6534.jpg,pet1,pet1_transparent_embossed,yolov8,clahe_canny,none,0.0,False,[],43.02
pet1/pet1_transparent_embossed/IMG_6534.jpg,pet1,pet1_transparent_embossed,ric1-v5,clahe_canny,pet1,0.2827,True,"[{""label"": ""pet1"", ""confidence"": 0.2827146351337433, ""bbox"": [115, 112, 167, 165]}]",40.5
pet1/pet1_transparent_embossed/IMG_6534.jpg,pet1,pet1_transparent_embossed,ric5-v1,clahe_canny,pp5,0.5033,False,"[{""label"": ""pp5"", ""confidence"": 0.5033167004585266, ""bbox"": [89, 80, 137, 138]}]",42.15
pet1/pet1_transparent_embossed/IMG_6534.jpg,pet1,pet1_transparent_embossed,ric1-ric5-v6,clahe_canny,none,0.0,False,[],43.78
pet1/pet1_transparent_embossed/IMG_6539 (1).jpg,pet1,pet1_transparent_embossed,yolov8,baseline,none,0.0,False,[],43.78
pet1/pet1_transparent_embossed/IMG_6539 (1).jpg,pet1,pet1_transparent_embossed,ric1-v5,baseline,none,0.0,False,[],41.39
pet1/pet1_transparent_embossed/IMG_6539 (1).jpg,pet1,pet1_transparent_embossed,ric5-v1,baseline,none,0.0,False,[],41.72
pet1/pet1_transparent_embossed/IMG_6539 (1).jpg,pet1,pet1_transparent_embossed,ric1-ric5-v6,baseline,none,0.0,False,[],40.98
pet1/pet1_transparent_embossed/IMG_6539 (1).jpg,pet1,pet1_transparent_embossed,yolov8,clahe,none,0.0,False,[],43.68
pet1/pet1_transparent_embossed/IMG_6539 (1).jpg,pet1,pet1_transparent_embossed,ric1-v5,clahe,none,0.0,False,[],41.98
pet1/pet1_transparent_embossed/IMG_6539 (1).jpg,pet1,pet1_transparent_embossed,ric5-v1,clahe,none,0.0,False,[],41.4
pet1/pet1_transparent_embossed/IMG_6539 (1).jpg,pet1,pet1_transparent_embossed,ric1-ric5-v6,clahe,none,0.0,False,[],42.35
pet1/pet1_transparent_embossed/IMG_6539 (1).jpg,pet1,pet1_transparent_embossed,yolov8,canny,none,0.0,False,[],43.99
pet1/pet1_transparent_embossed/IMG_6539 (1).jpg,pet1,pet1_transparent_embossed,ric1-v5,canny,none,0.0,False,[],43.08
pet1/pet1_transparent_embossed/IMG_6539 (1).jpg,pet1,pet1_transparent_embossed,ric5-v1,canny,pp5,0.3186,False,"[{""label"": ""pp5"", ""confidence"": 0.31864994764328003, ""bbox"": [54, 168, 88, 204]}]",47.15
pet1/pet1_transparent_embossed/IMG_6539 (1).jpg,pet1,pet1_transparent_embossed,ric1-ric5-v6,canny,none,0.0,False,[],44.04
pet1/pet1_transparent_embossed/IMG_6539 (1).jpg,pet1,pet1_transparent_embossed,yolov8,clahe_canny,none,0.0,False,[],46.38
pet1/pet1_transparent_embossed/IMG_6539 (1).jpg,pet1,pet1_transparent_embossed,ric1-v5,clahe_canny,none,0.0,False,[],44.26
pet1/pet1_transparent_embossed/IMG_6539 (1).jpg,pet1,pet1_transparent_embossed,ric5-v1,clahe_canny,pp5,0.3456,False,"[{""label"": ""pp5"", ""confidence"": 0.3456047475337982, ""bbox"": [39, 167, 92, 205]}]",42.94
pet1/pet1_transparent_embossed/IMG_6539 (1).jpg,pet1,pet1_transparent_embossed,ric1-ric5-v6,clahe_canny,none,0.0,False,[],42.02
pet1/pet1_transparent_embossed/IMG_6539 (2).jpg,pet1,pet1_transparent_embossed,yolov8,baseline,none,0.0,False,[],43.93
pet1/pet1_transparent_embossed/IMG_6539 (2).jpg,pet1,pet1_transparent_embossed,ric1-v5,baseline,none,0.0,False,[],42.43
pet1/pet1_transparent_embossed/IMG_6539 (2).jpg,pet1,pet1_transparent_embossed,ric5-v1,baseline,none,0.0,False,[],41.82
pet1/pet1_transparent_embossed/IMG_6539 (2).jpg,pet1,pet1_transparent_embossed,ric1-ric5-v6,baseline,none,0.0,False,[],41.58
pet1/pet1_transparent_embossed/IMG_6539 (2).jpg,pet1,pet1_transparent_embossed,yolov8,clahe,none,0.0,False,[],44.68
pet1/pet1_transparent_embossed/IMG_6539 (2).jpg,pet1,pet1_transparent_embossed,ric1-v5,clahe,none,0.0,False,[],41.61
pet1/pet1_transparent_embossed/IMG_6539 (2).jpg,pet1,pet1_transparent_embossed,ric5-v1,clahe,none,0.0,False,[],42.12
pet1/pet1_transparent_embossed/IMG_6539 (2).jpg,pet1,pet1_transparent_embossed,ric1-ric5-v6,clahe,none,0.0,False,[],64.53
pet1/pet1_transparent_embossed/IMG_6539 (2).jpg,pet1,pet1_transparent_embossed,yolov8,canny,none,0.0,False,[],43.39
pet1/pet1_transparent_embossed/IMG_6539 (2).jpg,pet1,pet1_transparent_embossed,ric1-v5,canny,none,0.0,False,[],42.71
pet1/pet1_transparent_embossed/IMG_6539 (2).jpg,pet1,pet1_transparent_embossed,ric5-v1,canny,pp5,0.3186,False,"[{""label"": ""pp5"", ""confidence"": 0.31864994764328003, ""bbox"": [54, 168, 88, 204]}]",44.55
pet1/pet1_transparent_embossed/IMG_6539 (2).jpg,pet1,pet1_transparent_embossed,ric1-ric5-v6,canny,none,0.0,False,[],43.05
pet1/pet1_transparent_embossed/IMG_6539 (2).jpg,pet1,pet1_transparent_embossed,yolov8,clahe_canny,none,0.0,False,[],44.82
pet1/pet1_transparent_embossed/IMG_6539 (2).jpg,pet1,pet1_transparent_embossed,ric1-v5,clahe_canny,none,0.0,False,[],41.94
pet1/pet1_transparent_embossed/IMG_6539 (2).jpg,pet1,pet1_transparent_embossed,ric5-v1,clahe_canny,pp5,0.3456,False,"[{""label"": ""pp5"", ""confidence"": 0.3456047475337982, ""bbox"": [39, 167, 92, 205]}]",41.65
pet1/pet1_transparent_embossed/IMG_6539 (2).jpg,pet1,pet1_transparent_embossed,ric1-ric5-v6,clahe_canny,none,0.0,False,[],43.02
pet1/pet1_transparent_embossed/IMG_6539.jpg,pet1,pet1_transparent_embossed,yolov8,baseline,none,0.0,False,[],54.77
pet1/pet1_transparent_embossed/IMG_6539.jpg,pet1,pet1_transparent_embossed,ric1-v5,baseline,none,0.0,False,[],81.81
pet1/pet1_transparent_embossed/IMG_6539.jpg,pet1,pet1_transparent_embossed,ric5-v1,baseline,none,0.0,False,[],45.57
pet1/pet1_transparent_embossed/IMG_6539.jpg,pet1,pet1_transparent_embossed,ric1-ric5-v6,baseline,none,0.0,False,[],45.53
pet1/pet1_transparent_embossed/IMG_6539.jpg,pet1,pet1_transparent_embossed,yolov8,clahe,none,0.0,False,[],45.64
pet1/pet1_transparent_embossed/IMG_6539.jpg,pet1,pet1_transparent_embossed,ric1-v5,clahe,none,0.0,False,[],43.6
pet1/pet1_transparent_embossed/IMG_6539.jpg,pet1,pet1_transparent_embossed,ric5-v1,clahe,none,0.0,False,[],44.13
pet1/pet1_transparent_embossed/IMG_6539.jpg,pet1,pet1_transparent_embossed,ric1-ric5-v6,clahe,none,0.0,False,[],40.51
pet1/pet1_transparent_embossed/IMG_6539.jpg,pet1,pet1_transparent_embossed,yolov8,canny,none,0.0,False,[],44.2
pet1/pet1_transparent_embossed/IMG_6539.jpg,pet1,pet1_transparent_embossed,ric1-v5,canny,none,0.0,False,[],42.64
pet1/pet1_transparent_embossed/IMG_6539.jpg,pet1,pet1_transparent_embossed,ric5-v1,canny,pp5,0.5182,False,"[{""label"": ""pp5"", ""confidence"": 0.5181664228439331, ""bbox"": [140, 167, 176, 204]}]",41.48
pet1/pet1_transparent_embossed/IMG_6539.jpg,pet1,pet1_transparent_embossed,ric1-ric5-v6,canny,none,0.0,False,[],43.34
pet1/pet1_transparent_embossed/IMG_6539.jpg,pet1,pet1_transparent_embossed,yolov8,clahe_canny,none,0.0,False,[],44.86
pet1/pet1_transparent_embossed/IMG_6539.jpg,pet1,pet1_transparent_embossed,ric1-v5,clahe_canny,none,0.0,False,[],66.87
pet1/pet1_transparent_embossed/IMG_6539.jpg,pet1,pet1_transparent_embossed,ric5-v1,clahe_canny,none,0.0,False,[],44.47
pet1/pet1_transparent_embossed/IMG_6539.jpg,pet1,pet1_transparent_embossed,ric1-ric5-v6,clahe_canny,none,0.0,False,[],44.94
pet1/pet1_transparent_embossed/IMG_6575 (1).jpg,pet1,pet1_transparent_embossed,yolov8,baseline,bicycle,0.3488,False,"[{""label"": ""bicycle"", ""confidence"": 0.3488425612449646, ""bbox"": [4, 25, 223, 154]}]",42.51
pet1/pet1_transparent_embossed/IMG_6575 (1).jpg,pet1,pet1_transparent_embossed,ric1-v5,baseline,pet1,0.4278,True,"[{""label"": ""pet1"", ""confidence"": 0.42782825231552124, ""bbox"": [0, 150, 11, 178]}]",41.4
pet1/pet1_transparent_embossed/IMG_6575 (1).jpg,pet1,pet1_transparent_embossed,ric5-v1,baseline,none,0.0,False,[],42.18
pet1/pet1_transparent_embossed/IMG_6575 (1).jpg,pet1,pet1_transparent_embossed,ric1-ric5-v6,baseline,none,0.0,False,[],41.59
pet1/pet1_transparent_embossed/IMG_6575 (1).jpg,pet1,pet1_transparent_embossed,yolov8,clahe,none,0.0,False,[],46.75
pet1/pet1_transparent_embossed/IMG_6575 (1).jpg,pet1,pet1_transparent_embossed,ric1-v5,clahe,none,0.0,False,[],43.38
pet1/pet1_transparent_embossed/IMG_6575 (1).jpg,pet1,pet1_transparent_embossed,ric5-v1,clahe,none,0.0,False,[],45.45
pet1/pet1_transparent_embossed/IMG_6575 (1).jpg,pet1,pet1_transparent_embossed,ric1-ric5-v6,clahe,none,0.0,False,[],45.18
pet1/pet1_transparent_embossed/IMG_6575 (1).jpg,pet1,pet1_transparent_embossed,yolov8,canny,train,0.2537,False,"[{""label"": ""train"", ""confidence"": 0.2536899149417877, ""bbox"": [0, 73, 224, 200]}]",45.21
pet1/pet1_transparent_embossed/IMG_6575 (1).jpg,pet1,pet1_transparent_embossed,ric1-v5,canny,none,0.0,False,[],42.66
pet1/pet1_transparent_embossed/IMG_6575 (1).jpg,pet1,pet1_transparent_embossed,ric5-v1,canny,none,0.0,False,[],43.83
pet1/pet1_transparent_embossed/IMG_6575 (1).jpg,pet1,pet1_transparent_embossed,ric1-ric5-v6,canny,none,0.0,False,[],42.34
pet1/pet1_transparent_embossed/IMG_6575 (1).jpg,pet1,pet1_transparent_embossed,yolov8,clahe_canny,none,0.0,False,[],44.43
pet1/pet1_transparent_embossed/IMG_6575 (1).jpg,pet1,pet1_transparent_embossed,ric1-v5,clahe_canny,none,0.0,False,[],41.2
pet1/pet1_transparent_embossed/IMG_6575 (1).jpg,pet1,pet1_transparent_embossed,ric5-v1,clahe_canny,none,0.0,False,[],42.01
pet1/pet1_transparent_embossed/IMG_6575 (1).jpg,pet1,pet1_transparent_embossed,ric1-ric5-v6,clahe_canny,none,0.0,False,[],42.42
pet1/pet1_transparent_embossed/IMG_6575.jpg,pet1,pet1_transparent_embossed,yolov8,baseline,bicycle,0.2636,False,"[{""label"": ""bicycle"", ""confidence"": 0.2635849416255951, ""bbox"": [8, 33, 191, 149]}]",42.38
pet1/pet1_transparent_embossed/IMG_6575.jpg,pet1,pet1_transparent_embossed,ric1-v5,baseline,none,0.0,False,[],41.03
pet1/pet1_transparent_embossed/IMG_6575.jpg,pet1,pet1_transparent_embossed,ric5-v1,baseline,none,0.0,False,[],42.6
pet1/pet1_transparent_embossed/IMG_6575.jpg,pet1,pet1_transparent_embossed,ric1-ric5-v6,baseline,none,0.0,False,[],41.32
pet1/pet1_transparent_embossed/IMG_6575.jpg,pet1,pet1_transparent_embossed,yolov8,clahe,none,0.0,False,[],43.48
pet1/pet1_transparent_embossed/IMG_6575.jpg,pet1,pet1_transparent_embossed,ric1-v5,clahe,pet1,0.5762,True,"[{""label"": ""pet1"", ""confidence"": 0.5761823654174805, ""bbox"": [183, 99, 211, 136]}]",42.5
pet1/pet1_transparent_embossed/IMG_6575.jpg,pet1,pet1_transparent_embossed,ric5-v1,clahe,none,0.0,False,[],42.31
pet1/pet1_transparent_embossed/IMG_6575.jpg,pet1,pet1_transparent_embossed,ric1-ric5-v6,clahe,none,0.0,False,[],41.65
pet1/pet1_transparent_embossed/IMG_6575.jpg,pet1,pet1_transparent_embossed,yolov8,canny,none,0.0,False,[],45.74
pet1/pet1_transparent_embossed/IMG_6575.jpg,pet1,pet1_transparent_embossed,ric1-v5,canny,none,0.0,False,[],43.77
pet1/pet1_transparent_embossed/IMG_6575.jpg,pet1,pet1_transparent_embossed,ric5-v1,canny,none,0.0,False,[],59.79
pet1/pet1_transparent_embossed/IMG_6575.jpg,pet1,pet1_transparent_embossed,ric1-ric5-v6,canny,none,0.0,False,[],45.79
pet1/pet1_transparent_embossed/IMG_6575.jpg,pet1,pet1_transparent_embossed,yolov8,clahe_canny,none,0.0,False,[],46.59
pet1/pet1_transparent_embossed/IMG_6575.jpg,pet1,pet1_transparent_embossed,ric1-v5,clahe_canny,none,0.0,False,[],46.04
pet1/pet1_transparent_embossed/IMG_6575.jpg,pet1,pet1_transparent_embossed,ric5-v1,clahe_canny,pp5,0.4829,False,"[{""label"": ""pp5"", ""confidence"": 0.4828544855117798, ""bbox"": [104, 76, 127, 109]}]",44.71
pet1/pet1_transparent_embossed/IMG_6575.jpg,pet1,pet1_transparent_embossed,ric1-ric5-v6,clahe_canny,none,0.0,False,[],47.7
pet1/pet1_transparent_embossed/IMG_6603 (1).jpg,pet1,pet1_transparent_embossed,yolov8,baseline,none,0.0,False,[],43.97
pet1/pet1_transparent_embossed/IMG_6603 (1).jpg,pet1,pet1_transparent_embossed,ric1-v5,baseline,pet1,0.3906,True,"[{""label"": ""pet1"", ""confidence"": 0.39057502150535583, ""bbox"": [110, 103, 120, 118]}, {""label"": ""pet1"", ""confidence"": 0.32128021121025085, ""bbox"": [68, 99, 81, 120]}]",41.99
pet1/pet1_transparent_embossed/IMG_6603 (1).jpg,pet1,pet1_transparent_embossed,ric5-v1,baseline,pp5,0.2751,False,"[{""label"": ""pp5"", ""confidence"": 0.27510806918144226, ""bbox"": [122, 84, 130, 92]}]",42.15
pet1/pet1_transparent_embossed/IMG_6603 (1).jpg,pet1,pet1_transparent_embossed,ric1-ric5-v6,baseline,none,0.0,False,[],42.26
pet1/pet1_transparent_embossed/IMG_6603 (1).jpg,pet1,pet1_transparent_embossed,yolov8,clahe,none,0.0,False,[],43.9
pet1/pet1_transparent_embossed/IMG_6603 (1).jpg,pet1,pet1_transparent_embossed,ric1-v5,clahe,pet1,0.4182,True,"[{""label"": ""pet1"", ""confidence"": 0.41817033290863037, ""bbox"": [67, 99, 81, 120]}, {""label"": ""pet1"", ""confidence"": 0.4130750298500061, ""bbox"": [110, 103, 120, 118]}]",44.13
pet1/pet1_transparent_embossed/IMG_6603 (1).jpg,pet1,pet1_transparent_embossed,ric5-v1,clahe,pp5,0.3035,False,"[{""label"": ""pp5"", ""confidence"": 0.30347010493278503, ""bbox"": [123, 84, 131, 94]}]",42.14
pet1/pet1_transparent_embossed/IMG_6603 (1).jpg,pet1,pet1_transparent_embossed,ric1-ric5-v6,clahe,pp5,0.469,False,"[{""label"": ""pp5"", ""confidence"": 0.4689963757991791, ""bbox"": [96, 176, 137, 194]}, {""label"": ""pp5"", ""confidence"": 0.28153976798057556, ""bbox"": [97, 159, 137, 195]}]",41.23
pet1/pet1_transparent_embossed/IMG_6603 (1).jpg,pet1,pet1_transparent_embossed,yolov8,canny,none,0.0,False,[],44.2
pet1/pet1_transparent_embossed/IMG_6603 (1).jpg,pet1,pet1_transparent_embossed,ric1-v5,canny,none,0.0,False,[],40.97
pet1/pet1_transparent_embossed/IMG_6603 (1).jpg,pet1,pet1_transparent_embossed,ric5-v1,canny,pp5,0.3217,False,"[{""label"": ""pp5"", ""confidence"": 0.3216816782951355, ""bbox"": [123, 83, 132, 94]}]",42.76
pet1/pet1_transparent_embossed/IMG_6603 (1).jpg,pet1,pet1_transparent_embossed,ric1-ric5-v6,canny,none,0.0,False,[],42.23
pet1/pet1_transparent_embossed/IMG_6603 (1).jpg,pet1,pet1_transparent_embossed,yolov8,clahe_canny,none,0.0,False,[],44.36
pet1/pet1_transparent_embossed/IMG_6603 (1).jpg,pet1,pet1_transparent_embossed,ric1-v5,clahe_canny,none,0.0,False,[],41.67
pet1/pet1_transparent_embossed/IMG_6603 (1).jpg,pet1,pet1_transparent_embossed,ric5-v1,clahe_canny,pp5,0.8421,False,"[{""label"": ""pp5"", ""confidence"": 0.8420888781547546, ""bbox"": [150, 165, 179, 188]}, {""label"": ""pp5"", ""confidence"": 0.5019118189811707, ""bbox"": [83, 77, 124, 114]}, {""label"": ""pp5"", ""confidence"": 0.41132113337516785, ""bbox"": [94, 168, 146, 201]}]",42.1
pet1/pet1_transparent_embossed/IMG_6603 (1).jpg,pet1,pet1_transparent_embossed,ric1-ric5-v6,clahe_canny,pp5,0.8649,False,"[{""label"": ""pp5"", ""confidence"": 0.8648884296417236, ""bbox"": [96, 157, 136, 192]}]",41.69
pet1/pet1_transparent_embossed/IMG_6603.jpg,pet1,pet1_transparent_embossed,yolov8,baseline,none,0.0,False,[],48.25
pet1/pet1_transparent_embossed/IMG_6603.jpg,pet1,pet1_transparent_embossed,ric1-v5,baseline,none,0.0,False,[],44.44
pet1/pet1_transparent_embossed/IMG_6603.jpg,pet1,pet1_transparent_embossed,ric5-v1,baseline,pp5,0.4189,False,"[{""label"": ""pp5"", ""confidence"": 0.41894274950027466, ""bbox"": [92, 84, 100, 93]}]",44.19
pet1/pet1_transparent_embossed/IMG_6603.jpg,pet1,pet1_transparent_embossed,ric1-ric5-v6,baseline,none,0.0,False,[],47.16
pet1/pet1_transparent_embossed/IMG_6603.jpg,pet1,pet1_transparent_embossed,yolov8,clahe,none,0.0,False,[],43.91
pet1/pet1_transparent_embossed/IMG_6603.jpg,pet1,pet1_transparent_embossed,ric1-v5,clahe,none,0.0,False,[],42.16
pet1/pet1_transparent_embossed/IMG_6603.jpg,pet1,pet1_transparent_embossed,ric5-v1,clahe,pp5,0.7348,False,"[{""label"": ""pp5"", ""confidence"": 0.7347730398178101, ""bbox"": [92, 84, 100, 94]}]",42.28
pet1/pet1_transparent_embossed/IMG_6603.jpg,pet1,pet1_transparent_embossed,ric1-ric5-v6,clahe,none,0.0,False,[],42.02
pet1/pet1_transparent_embossed/IMG_6603.jpg,pet1,pet1_transparent_embossed,yolov8,canny,none,0.0,False,[],44.83
pet1/pet1_transparent_embossed/IMG_6603.jpg,pet1,pet1_transparent_embossed,ric1-v5,canny,none,0.0,False,[],41.86
pet1/pet1_transparent_embossed/IMG_6603.jpg,pet1,pet1_transparent_embossed,ric5-v1,canny,none,0.0,False,[],40.82
pet1/pet1_transparent_embossed/IMG_6603.jpg,pet1,pet1_transparent_embossed,ric1-ric5-v6,canny,none,0.0,False,[],42.34
pet1/pet1_transparent_embossed/IMG_6603.jpg,pet1,pet1_transparent_embossed,yolov8,clahe_canny,none,0.0,False,[],43.6
pet1/pet1_transparent_embossed/IMG_6603.jpg,pet1,pet1_transparent_embossed,ric1-v5,clahe_canny,none,0.0,False,[],41.82
pet1/pet1_transparent_embossed/IMG_6603.jpg,pet1,pet1_transparent_embossed,ric5-v1,clahe_canny,pp5,0.7379,False,"[{""label"": ""pp5"", ""confidence"": 0.7379488348960876, ""bbox"": [42, 164, 77, 188]}, {""label"": ""pp5"", ""confidence"": 0.26625317335128784, ""bbox"": [83, 149, 129, 201]}]",42.39
pet1/pet1_transparent_embossed/IMG_6603.jpg,pet1,pet1_transparent_embossed,ric1-ric5-v6,clahe_canny,pp5,0.4682,False,"[{""label"": ""pp5"", ""confidence"": 0.4681951105594635, ""bbox"": [78, 158, 126, 192]}]",42.01
pet1/pet1_transparent_embossed/IMG_6604.jpg,pet1,pet1_transparent_embossed,yolov8,baseline,none,0.0,False,[],44.31
pet1/pet1_transparent_embossed/IMG_6604.jpg,pet1,pet1_transparent_embossed,ric1-v5,baseline,none,0.0,False,[],42.32
pet1/pet1_transparent_embossed/IMG_6604.jpg,pet1,pet1_transparent_embossed,ric5-v1,baseline,none,0.0,False,[],40.44
pet1/pet1_transparent_embossed/IMG_6604.jpg,pet1,pet1_transparent_embossed,ric1-ric5-v6,baseline,none,0.0,False,[],40.58
pet1/pet1_transparent_embossed/IMG_6604.jpg,pet1,pet1_transparent_embossed,yolov8,clahe,none,0.0,False,[],44.23
pet1/pet1_transparent_embossed/IMG_6604.jpg,pet1,pet1_transparent_embossed,ric1-v5,clahe,none,0.0,False,[],42.79
pet1/pet1_transparent_embossed/IMG_6604.jpg,pet1,pet1_transparent_embossed,ric5-v1,clahe,none,0.0,False,[],45.85
pet1/pet1_transparent_embossed/IMG_6604.jpg,pet1,pet1_transparent_embossed,ric1-ric5-v6,clahe,pp5,0.4589,False,"[{""label"": ""pp5"", ""confidence"": 0.45892542600631714, ""bbox"": [142, 195, 161, 210]}]",44.25
pet1/pet1_transparent_embossed/IMG_6604.jpg,pet1,pet1_transparent_embossed,yolov8,canny,none,0.0,False,[],47.45
pet1/pet1_transparent_embossed/IMG_6604.jpg,pet1,pet1_transparent_embossed,ric1-v5,canny,none,0.0,False,[],47.32
pet1/pet1_transparent_embossed/IMG_6604.jpg,pet1,pet1_transparent_embossed,ric5-v1,canny,none,0.0,False,[],42.68
pet1/pet1_transparent_embossed/IMG_6604.jpg,pet1,pet1_transparent_embossed,ric1-ric5-v6,canny,none,0.0,False,[],42.42
pet1/pet1_transparent_embossed/IMG_6604.jpg,pet1,pet1_transparent_embossed,yolov8,clahe_canny,none,0.0,False,[],44.29
pet1/pet1_transparent_embossed/IMG_6604.jpg,pet1,pet1_transparent_embossed,ric1-v5,clahe_canny,pet1,0.4729,True,"[{""label"": ""pet1"", ""confidence"": 0.4728924632072449, ""bbox"": [105, 169, 131, 211]}]",42.04
pet1/pet1_transparent_embossed/IMG_6604.jpg,pet1,pet1_transparent_embossed,ric5-v1,clahe_canny,pp5,0.645,False,"[{""label"": ""pp5"", ""confidence"": 0.6450175642967224, ""bbox"": [102, 167, 129, 205]}]",41.53
pet1/pet1_transparent_embossed/IMG_6604.jpg,pet1,pet1_transparent_embossed,ric1-ric5-v6,clahe_canny,none,0.0,False,[],41.12
pet1/pet1_transparent_embossed/IMG_6605 (1).jpg,pet1,pet1_transparent_embossed,yolov8,baseline,none,0.0,False,[],45.38
pet1/pet1_transparent_embossed/IMG_6605 (1).jpg,pet1,pet1_transparent_embossed,ric1-v5,baseline,none,0.0,False,[],42.71
pet1/pet1_transparent_embossed/IMG_6605 (1).jpg,pet1,pet1_transparent_embossed,ric5-v1,baseline,none,0.0,False,[],41.04
pet1/pet1_transparent_embossed/IMG_6605 (1).jpg,pet1,pet1_transparent_embossed,ric1-ric5-v6,baseline,none,0.0,False,[],42.38
pet1/pet1_transparent_embossed/IMG_6605 (1).jpg,pet1,pet1_transparent_embossed,yolov8,clahe,none,0.0,False,[],43.34
pet1/pet1_transparent_embossed/IMG_6605 (1).jpg,pet1,pet1_transparent_embossed,ric1-v5,clahe,none,0.0,False,[],41.96
pet1/pet1_transparent_embossed/IMG_6605 (1).jpg,pet1,pet1_transparent_embossed,ric5-v1,clahe,none,0.0,False,[],42.56
pet1/pet1_transparent_embossed/IMG_6605 (1).jpg,pet1,pet1_transparent_embossed,ric1-ric5-v6,clahe,none,0.0,False,[],42.54
pet1/pet1_transparent_embossed/IMG_6605 (1).jpg,pet1,pet1_transparent_embossed,yolov8,canny,none,0.0,False,[],42.91
pet1/pet1_transparent_embossed/IMG_6605 (1).jpg,pet1,pet1_transparent_embossed,ric1-v5,canny,pet1,0.3259,True,"[{""label"": ""pet1"", ""confidence"": 0.3258761763572693, ""bbox"": [126, 91, 165, 130]}]",40.84
pet1/pet1_transparent_embossed/IMG_6605 (1).jpg,pet1,pet1_transparent_embossed,ric5-v1,canny,none,0.0,False,[],41.72
pet1/pet1_transparent_embossed/IMG_6605 (1).jpg,pet1,pet1_transparent_embossed,ric1-ric5-v6,canny,none,0.0,False,[],41.45
pet1/pet1_transparent_embossed/IMG_6605 (1).jpg,pet1,pet1_transparent_embossed,yolov8,clahe_canny,none,0.0,False,[],47.04
pet1/pet1_transparent_embossed/IMG_6605 (1).jpg,pet1,pet1_transparent_embossed,ric1-v5,clahe_canny,none,0.0,False,[],44.47
pet1/pet1_transparent_embossed/IMG_6605 (1).jpg,pet1,pet1_transparent_embossed,ric5-v1,clahe_canny,pp5,0.2869,False,"[{""label"": ""pp5"", ""confidence"": 0.286850243806839, ""bbox"": [75, 157, 99, 189]}]",44.94
pet1/pet1_transparent_embossed/IMG_6605 (1).jpg,pet1,pet1_transparent_embossed,ric1-ric5-v6,clahe_canny,none,0.0,False,[],44.86
pet1/pet1_transparent_embossed/IMG_6605.jpg,pet1,pet1_transparent_embossed,yolov8,baseline,none,0.0,False,[],44.99
pet1/pet1_transparent_embossed/IMG_6605.jpg,pet1,pet1_transparent_embossed,ric1-v5,baseline,none,0.0,False,[],42.93
pet1/pet1_transparent_embossed/IMG_6605.jpg,pet1,pet1_transparent_embossed,ric5-v1,baseline,none,0.0,False,[],43.43
pet1/pet1_transparent_embossed/IMG_6605.jpg,pet1,pet1_transparent_embossed,ric1-ric5-v6,baseline,none,0.0,False,[],42.84
pet1/pet1_transparent_embossed/IMG_6605.jpg,pet1,pet1_transparent_embossed,yolov8,clahe,none,0.0,False,[],43.31
pet1/pet1_transparent_embossed/IMG_6605.jpg,pet1,pet1_transparent_embossed,ric1-v5,clahe,none,0.0,False,[],42.28
pet1/pet1_transparent_embossed/IMG_6605.jpg,pet1,pet1_transparent_embossed,ric5-v1,clahe,none,0.0,False,[],42.6
pet1/pet1_transparent_embossed/IMG_6605.jpg,pet1,pet1_transparent_embossed,ric1-ric5-v6,clahe,none,0.0,False,[],41.5
pet1/pet1_transparent_embossed/IMG_6605.jpg,pet1,pet1_transparent_embossed,yolov8,canny,none,0.0,False,[],44.13
pet1/pet1_transparent_embossed/IMG_6605.jpg,pet1,pet1_transparent_embossed,ric1-v5,canny,none,0.0,False,[],42.89
pet1/pet1_transparent_embossed/IMG_6605.jpg,pet1,pet1_transparent_embossed,ric5-v1,canny,none,0.0,False,[],41.77
pet1/pet1_transparent_embossed/IMG_6605.jpg,pet1,pet1_transparent_embossed,ric1-ric5-v6,canny,none,0.0,False,[],42.65
pet1/pet1_transparent_embossed/IMG_6605.jpg,pet1,pet1_transparent_embossed,yolov8,clahe_canny,none,0.0,False,[],43.95
pet1/pet1_transparent_embossed/IMG_6605.jpg,pet1,pet1_transparent_embossed,ric1-v5,clahe_canny,none,0.0,False,[],41.55
pet1/pet1_transparent_embossed/IMG_6605.jpg,pet1,pet1_transparent_embossed,ric5-v1,clahe_canny,none,0.0,False,[],40.97
pet1/pet1_transparent_embossed/IMG_6605.jpg,pet1,pet1_transparent_embossed,ric1-ric5-v6,clahe_canny,pp5,0.272,False,"[{""label"": ""pp5"", ""confidence"": 0.27201053500175476, ""bbox"": [118, 50, 167, 95]}]",41.83
pet1/pet1_transparent_embossed/IMG_6607.jpg,pet1,pet1_transparent_embossed,yolov8,baseline,none,0.0,False,[],44.92
pet1/pet1_transparent_embossed/IMG_6607.jpg,pet1,pet1_transparent_embossed,ric1-v5,baseline,none,0.0,False,[],42.15
pet1/pet1_transparent_embossed/IMG_6607.jpg,pet1,pet1_transparent_embossed,ric5-v1,baseline,none,0.0,False,[],42.09
pet1/pet1_transparent_embossed/IMG_6607.jpg,pet1,pet1_transparent_embossed,ric1-ric5-v6,baseline,none,0.0,False,[],49.24
pet1/pet1_transparent_embossed/IMG_6607.jpg,pet1,pet1_transparent_embossed,yolov8,clahe,none,0.0,False,[],45.45
pet1/pet1_transparent_embossed/IMG_6607.jpg,pet1,pet1_transparent_embossed,ric1-v5,clahe,none,0.0,False,[],45.51
pet1/pet1_transparent_embossed/IMG_6607.jpg,pet1,pet1_transparent_embossed,ric5-v1,clahe,none,0.0,False,[],43.61
pet1/pet1_transparent_embossed/IMG_6607.jpg,pet1,pet1_transparent_embossed,ric1-ric5-v6,clahe,none,0.0,False,[],42.27
pet1/pet1_transparent_embossed/IMG_6607.jpg,pet1,pet1_transparent_embossed,yolov8,canny,none,0.0,False,[],46.06
pet1/pet1_transparent_embossed/IMG_6607.jpg,pet1,pet1_transparent_embossed,ric1-v5,canny,none,0.0,False,[],42.66
pet1/pet1_transparent_embossed/IMG_6607.jpg,pet1,pet1_transparent_embossed,ric5-v1,canny,none,0.0,False,[],42.08
pet1/pet1_transparent_embossed/IMG_6607.jpg,pet1,pet1_transparent_embossed,ric1-ric5-v6,canny,none,0.0,False,[],41.77
pet1/pet1_transparent_embossed/IMG_6607.jpg,pet1,pet1_transparent_embossed,yolov8,clahe_canny,none,0.0,False,[],43.3
pet1/pet1_transparent_embossed/IMG_6607.jpg,pet1,pet1_transparent_embossed,ric1-v5,clahe_canny,none,0.0,False,[],42.09
pet1/pet1_transparent_embossed/IMG_6607.jpg,pet1,pet1_transparent_embossed,ric5-v1,clahe_canny,none,0.0,False,[],42.5
pet1/pet1_transparent_embossed/IMG_6607.jpg,pet1,pet1_transparent_embossed,ric1-ric5-v6,clahe_canny,none,0.0,False,[],41.87
pet1/pet1_transparent_embossed/IMG_6726.jpg,pet1,pet1_transparent_embossed,yolov8,baseline,none,0.0,False,[],43.87
pet1/pet1_transparent_embossed/IMG_6726.jpg,pet1,pet1_transparent_embossed,ric1-v5,baseline,none,0.0,False,[],41.71
pet1/pet1_transparent_embossed/IMG_6726.jpg,pet1,pet1_transparent_embossed,ric5-v1,baseline,none,0.0,False,[],41.93
pet1/pet1_transparent_embossed/IMG_6726.jpg,pet1,pet1_transparent_embossed,ric1-ric5-v6,baseline,none,0.0,False,[],42.75
pet1/pet1_transparent_embossed/IMG_6726.jpg,pet1,pet1_transparent_embossed,yolov8,clahe,none,0.0,False,[],43.68
pet1/pet1_transparent_embossed/IMG_6726.jpg,pet1,pet1_transparent_embossed,ric1-v5,clahe,none,0.0,False,[],41.19
pet1/pet1_transparent_embossed/IMG_6726.jpg,pet1,pet1_transparent_embossed,ric5-v1,clahe,pp5,0.6123,False,"[{""label"": ""pp5"", ""confidence"": 0.6122638583183289, ""bbox"": [112, 66, 121, 81]}]",41.6
pet1/pet1_transparent_embossed/IMG_6726.jpg,pet1,pet1_transparent_embossed,ric1-ric5-v6,clahe,none,0.0,False,[],42.08
pet1/pet1_transparent_embossed/IMG_6726.jpg,pet1,pet1_transparent_embossed,yolov8,canny,traffic light,0.4348,False,"[{""label"": ""traffic light"", ""confidence"": 0.4347543716430664, ""bbox"": [112, 68, 121, 81]}]",43.97
pet1/pet1_transparent_embossed/IMG_6726.jpg,pet1,pet1_transparent_embossed,ric1-v5,canny,none,0.0,False,[],46.47
pet1/pet1_transparent_embossed/IMG_6726.jpg,pet1,pet1_transparent_embossed,ric5-v1,canny,none,0.0,False,[],43.82
pet1/pet1_transparent_embossed/IMG_6726.jpg,pet1,pet1_transparent_embossed,ric1-ric5-v6,canny,none,0.0,False,[],45.74
pet1/pet1_transparent_embossed/IMG_6726.jpg,pet1,pet1_transparent_embossed,yolov8,clahe_canny,none,0.0,False,[],46.79
pet1/pet1_transparent_embossed/IMG_6726.jpg,pet1,pet1_transparent_embossed,ric1-v5,clahe_canny,none,0.0,False,[],46.38
pet1/pet1_transparent_embossed/IMG_6726.jpg,pet1,pet1_transparent_embossed,ric5-v1,clahe_canny,none,0.0,False,[],44.93
pet1/pet1_transparent_embossed/IMG_6726.jpg,pet1,pet1_transparent_embossed,ric1-ric5-v6,clahe_canny,none,0.0,False,[],40.66
pet1/pet1_transparent_embossed/IMG_6733 (1).jpg,pet1,pet1_transparent_embossed,yolov8,baseline,none,0.0,False,[],43.41
pet1/pet1_transparent_embossed/IMG_6733 (1).jpg,pet1,pet1_transparent_embossed,ric1-v5,baseline,none,0.0,False,[],41.74
pet1/pet1_transparent_embossed/IMG_6733 (1).jpg,pet1,pet1_transparent_embossed,ric5-v1,baseline,none,0.0,False,[],41.15
pet1/pet1_transparent_embossed/IMG_6733 (1).jpg,pet1,pet1_transparent_embossed,ric1-ric5-v6,baseline,none,0.0,False,[],40.81
pet1/pet1_transparent_embossed/IMG_6733 (1).jpg,pet1,pet1_transparent_embossed,yolov8,clahe,none,0.0,False,[],44.85
pet1/pet1_transparent_embossed/IMG_6733 (1).jpg,pet1,pet1_transparent_embossed,ric1-v5,clahe,none,0.0,False,[],40.91
pet1/pet1_transparent_embossed/IMG_6733 (1).jpg,pet1,pet1_transparent_embossed,ric5-v1,clahe,pp5,0.3695,False,"[{""label"": ""pp5"", ""confidence"": 0.36949822306632996, ""bbox"": [110, 82, 128, 95]}]",43.41
pet1/pet1_transparent_embossed/IMG_6733 (1).jpg,pet1,pet1_transparent_embossed,ric1-ric5-v6,clahe,pp5,0.3722,False,"[{""label"": ""pp5"", ""confidence"": 0.3721698820590973, ""bbox"": [59, 52, 131, 98]}]",43.45
pet1/pet1_transparent_embossed/IMG_6733 (1).jpg,pet1,pet1_transparent_embossed,yolov8,canny,airplane,0.6133,False,"[{""label"": ""airplane"", ""confidence"": 0.6132724285125732, ""bbox"": [112, 151, 158, 167]}, {""label"": ""airplane"", ""confidence"": 0.5587528347969055, ""bbox"": [37, 149, 92, 164]}, {""label"": ""airplane"", ""confidence"": 0.4973873198032379, ""bbox"": [111, 83, 128, 92]}, {""label"": ""airplane"", ""confidence"": 0.45778530836105347, ""bbox"": [99, 59, 115, 75]}]",44.31
pet1/pet1_transparent_embossed/IMG_6733 (1).jpg,pet1,pet1_transparent_embossed,ric1-v5,canny,none,0.0,False,[],42.22
pet1/pet1_transparent_embossed/IMG_6733 (1).jpg,pet1,pet1_transparent_embossed,ric5-v1,canny,none,0.0,False,[],42.11
pet1/pet1_transparent_embossed/IMG_6733 (1).jpg,pet1,pet1_transparent_embossed,ric1-ric5-v6,canny,none,0.0,False,[],40.57
pet1/pet1_transparent_embossed/IMG_6733 (1).jpg,pet1,pet1_transparent_embossed,yolov8,clahe_canny,none,0.0,False,[],45.65
pet1/pet1_transparent_embossed/IMG_6733 (1).jpg,pet1,pet1_transparent_embossed,ric1-v5,clahe_canny,none,0.0,False,[],41.72
pet1/pet1_transparent_embossed/IMG_6733 (1).jpg,pet1,pet1_transparent_embossed,ric5-v1,clahe_canny,none,0.0,False,[],41.15
pet1/pet1_transparent_embossed/IMG_6733 (1).jpg,pet1,pet1_transparent_embossed,ric1-ric5-v6,clahe_canny,none,0.0,False,[],45.09
pet1/pet1_transparent_embossed/IMG_6733.jpg,pet1,pet1_transparent_embossed,yolov8,baseline,none,0.0,False,[],46.66
pet1/pet1_transparent_embossed/IMG_6733.jpg,pet1,pet1_transparent_embossed,ric1-v5,baseline,none,0.0,False,[],43.4
pet1/pet1_transparent_embossed/IMG_6733.jpg,pet1,pet1_transparent_embossed,ric5-v1,baseline,none,0.0,False,[],46.67
pet1/pet1_transparent_embossed/IMG_6733.jpg,pet1,pet1_transparent_embossed,ric1-ric5-v6,baseline,none,0.0,False,[],42.6
pet1/pet1_transparent_embossed/IMG_6733.jpg,pet1,pet1_transparent_embossed,yolov8,clahe,none,0.0,False,[],43.05
pet1/pet1_transparent_embossed/IMG_6733.jpg,pet1,pet1_transparent_embossed,ric1-v5,clahe,none,0.0,False,[],42.65
pet1/pet1_transparent_embossed/IMG_6733.jpg,pet1,pet1_transparent_embossed,ric5-v1,clahe,none,0.0,False,[],40.8
pet1/pet1_transparent_embossed/IMG_6733.jpg,pet1,pet1_transparent_embossed,ric1-ric5-v6,clahe,none,0.0,False,[],40.84
pet1/pet1_transparent_embossed/IMG_6733.jpg,pet1,pet1_transparent_embossed,yolov8,canny,airplane,0.6825,False,"[{""label"": ""airplane"", ""confidence"": 0.682498037815094, ""bbox"": [131, 149, 186, 164]}, {""label"": ""airplane"", ""confidence"": 0.5561762452125549, ""bbox"": [108, 59, 124, 74]}, {""label"": ""airplane"", ""confidence"": 0.3943026065826416, ""bbox"": [95, 83, 112, 93]}]",43.04
pet1/pet1_transparent_embossed/IMG_6733.jpg,pet1,pet1_transparent_embossed,ric1-v5,canny,none,0.0,False,[],41.66
pet1/pet1_transparent_embossed/IMG_6733.jpg,pet1,pet1_transparent_embossed,ric5-v1,canny,none,0.0,False,[],40.51
pet1/pet1_transparent_embossed/IMG_6733.jpg,pet1,pet1_transparent_embossed,ric1-ric5-v6,canny,none,0.0,False,[],42.36
pet1/pet1_transparent_embossed/IMG_6733.jpg,pet1,pet1_transparent_embossed,yolov8,clahe_canny,none,0.0,False,[],44.37
pet1/pet1_transparent_embossed/IMG_6733.jpg,pet1,pet1_transparent_embossed,ric1-v5,clahe_canny,pet1,0.5549,True,"[{""label"": ""pet1"", ""confidence"": 0.5548573136329651, ""bbox"": [56, 100, 93, 149]}]",41.19
pet1/pet1_transparent_embossed/IMG_6733.jpg,pet1,pet1_transparent_embossed,ric5-v1,clahe_canny,pp5,0.419,False,"[{""label"": ""pp5"", ""confidence"": 0.4189963638782501, ""bbox"": [82, 39, 135, 96]}]",42.75
pet1/pet1_transparent_embossed/IMG_6733.jpg,pet1,pet1_transparent_embossed,ric1-ric5-v6,clahe_canny,none,0.0,False,[],42.51
pet1/pet1_transparent_embossed/IMG_6751 (1).jpg,pet1,pet1_transparent_embossed,yolov8,baseline,none,0.0,False,[],44.74
pet1/pet1_transparent_embossed/IMG_6751 (1).jpg,pet1,pet1_transparent_embossed,ric1-v5,baseline,none,0.0,False,[],42.13
pet1/pet1_transparent_embossed/IMG_6751 (1).jpg,pet1,pet1_transparent_embossed,ric5-v1,baseline,none,0.0,False,[],41.85
pet1/pet1_transparent_embossed/IMG_6751 (1).jpg,pet1,pet1_transparent_embossed,ric1-ric5-v6,baseline,none,0.0,False,[],41.93
pet1/pet1_transparent_embossed/IMG_6751 (1).jpg,pet1,pet1_transparent_embossed,yolov8,clahe,none,0.0,False,[],44.78
pet1/pet1_transparent_embossed/IMG_6751 (1).jpg,pet1,pet1_transparent_embossed,ric1-v5,clahe,none,0.0,False,[],46.52
pet1/pet1_transparent_embossed/IMG_6751 (1).jpg,pet1,pet1_transparent_embossed,ric5-v1,clahe,none,0.0,False,[],43.98
pet1/pet1_transparent_embossed/IMG_6751 (1).jpg,pet1,pet1_transparent_embossed,ric1-ric5-v6,clahe,none,0.0,False,[],43.79
pet1/pet1_transparent_embossed/IMG_6751 (1).jpg,pet1,pet1_transparent_embossed,yolov8,canny,traffic light,0.3053,False,"[{""label"": ""traffic light"", ""confidence"": 0.30531835556030273, ""bbox"": [159, 21, 165, 31]}]",46.97
pet1/pet1_transparent_embossed/IMG_6751 (1).jpg,pet1,pet1_transparent_embossed,ric1-v5,canny,none,0.0,False,[],43.93
pet1/pet1_transparent_embossed/IMG_6751 (1).jpg,pet1,pet1_transparent_embossed,ric5-v1,canny,none,0.0,False,[],41.35
pet1/pet1_transparent_embossed/IMG_6751 (1).jpg,pet1,pet1_transparent_embossed,ric1-ric5-v6,canny,none,0.0,False,[],42.26
pet1/pet1_transparent_embossed/IMG_6751 (1).jpg,pet1,pet1_transparent_embossed,yolov8,clahe_canny,none,0.0,False,[],43.66
pet1/pet1_transparent_embossed/IMG_6751 (1).jpg,pet1,pet1_transparent_embossed,ric1-v5,clahe_canny,pet1,0.3063,True,"[{""label"": ""pet1"", ""confidence"": 0.3063349723815918, ""bbox"": [83, 122, 122, 159]}]",42.4
pet1/pet1_transparent_embossed/IMG_6751 (1).jpg,pet1,pet1_transparent_embossed,ric5-v1,clahe_canny,none,0.0,False,[],42.53
pet1/pet1_transparent_embossed/IMG_6751 (1).jpg,pet1,pet1_transparent_embossed,ric1-ric5-v6,clahe_canny,pp5,0.4811,False,"[{""label"": ""pp5"", ""confidence"": 0.4810540974140167, ""bbox"": [103, 87, 132, 113]}]",41.58
pet1/pet1_transparent_embossed/IMG_6751 (2).jpg,pet1,pet1_transparent_embossed,yolov8,baseline,none,0.0,False,[],43.57
pet1/pet1_transparent_embossed/IMG_6751 (2).jpg,pet1,pet1_transparent_embossed,ric1-v5,baseline,none,0.0,False,[],64.6
pet1/pet1_transparent_embossed/IMG_6751 (2).jpg,pet1,pet1_transparent_embossed,ric5-v1,baseline,pp5,0.2639,False,"[{""label"": ""pp5"", ""confidence"": 0.26391011476516724, ""bbox"": [93, 83, 112, 110]}]",46.73
pet1/pet1_transparent_embossed/IMG_6751 (2).jpg,pet1,pet1_transparent_embossed,ric1-ric5-v6,baseline,none,0.0,False,[],42.1
pet1/pet1_transparent_embossed/IMG_6751 (2).jpg,pet1,pet1_transparent_embossed,yolov8,clahe,none,0.0,False,[],46.4
pet1/pet1_transparent_embossed/IMG_6751 (2).jpg,pet1,pet1_transparent_embossed,ric1-v5,clahe,pet1,0.7265,True,"[{""label"": ""pet1"", ""confidence"": 0.7265170216560364, ""bbox"": [204, 52, 223, 87]}, {""label"": ""pet1"", ""confidence"": 0.3544673025608063, ""bbox"": [166, 154, 182, 183]}]",42.25
pet1/pet1_transparent_embossed/IMG_6751 (2).jpg,pet1,pet1_transparent_embossed,ric5-v1,clahe,none,0.0,False,[],42.84
pet1/pet1_transparent_embossed/IMG_6751 (2).jpg,pet1,pet1_transparent_embossed,ric1-ric5-v6,clahe,none,0.0,False,[],42.08
pet1/pet1_transparent_embossed/IMG_6751 (2).jpg,pet1,pet1_transparent_embossed,yolov8,canny,none,0.0,False,[],44.02
pet1/pet1_transparent_embossed/IMG_6751 (2).jpg,pet1,pet1_transparent_embossed,ric1-v5,canny,pet1,0.4385,True,"[{""label"": ""pet1"", ""confidence"": 0.4384903609752655, ""bbox"": [56, 195, 95, 224]}]",43.13
pet1/pet1_transparent_embossed/IMG_6751 (2).jpg,pet1,pet1_transparent_embossed,ric5-v1,canny,none,0.0,False,[],40.78
pet1/pet1_transparent_embossed/IMG_6751 (2).jpg,pet1,pet1_transparent_embossed,ric1-ric5-v6,canny,none,0.0,False,[],46.52
pet1/pet1_transparent_embossed/IMG_6751 (2).jpg,pet1,pet1_transparent_embossed,yolov8,clahe_canny,none,0.0,False,[],45.59
pet1/pet1_transparent_embossed/IMG_6751 (2).jpg,pet1,pet1_transparent_embossed,ric1-v5,clahe_canny,pet1,0.2556,True,"[{""label"": ""pet1"", ""confidence"": 0.2555902600288391, ""bbox"": [92, 122, 140, 159]}]",45.04
pet1/pet1_transparent_embossed/IMG_6751 (2).jpg,pet1,pet1_transparent_embossed,ric5-v1,clahe_canny,none,0.0,False,[],46.75
pet1/pet1_transparent_embossed/IMG_6751 (2).jpg,pet1,pet1_transparent_embossed,ric1-ric5-v6,clahe_canny,none,0.0,False,[],41.8
pet1/pet1_transparent_embossed/IMG_6751.jpg,pet1,pet1_transparent_embossed,yolov8,baseline,none,0.0,False,[],43.27
pet1/pet1_transparent_embossed/IMG_6751.jpg,pet1,pet1_transparent_embossed,ric1-v5,baseline,none,0.0,False,[],42.36
pet1/pet1_transparent_embossed/IMG_6751.jpg,pet1,pet1_transparent_embossed,ric5-v1,baseline,none,0.0,False,[],41.1
pet1/pet1_transparent_embossed/IMG_6751.jpg,pet1,pet1_transparent_embossed,ric1-ric5-v6,baseline,none,0.0,False,[],41.88
pet1/pet1_transparent_embossed/IMG_6751.jpg,pet1,pet1_transparent_embossed,yolov8,clahe,none,0.0,False,[],44.59
pet1/pet1_transparent_embossed/IMG_6751.jpg,pet1,pet1_transparent_embossed,ric1-v5,clahe,none,0.0,False,[],42.1
pet1/pet1_transparent_embossed/IMG_6751.jpg,pet1,pet1_transparent_embossed,ric5-v1,clahe,none,0.0,False,[],42.2
pet1/pet1_transparent_embossed/IMG_6751.jpg,pet1,pet1_transparent_embossed,ric1-ric5-v6,clahe,none,0.0,False,[],41.91
pet1/pet1_transparent_embossed/IMG_6751.jpg,pet1,pet1_transparent_embossed,yolov8,canny,traffic light,0.3053,False,"[{""label"": ""traffic light"", ""confidence"": 0.30531835556030273, ""bbox"": [159, 21, 165, 31]}]",43.71
pet1/pet1_transparent_embossed/IMG_6751.jpg,pet1,pet1_transparent_embossed,ric1-v5,canny,none,0.0,False,[],42.48
pet1/pet1_transparent_embossed/IMG_6751.jpg,pet1,pet1_transparent_embossed,ric5-v1,canny,none,0.0,False,[],43.14
pet1/pet1_transparent_embossed/IMG_6751.jpg,pet1,pet1_transparent_embossed,ric1-ric5-v6,canny,none,0.0,False,[],42.36
pet1/pet1_transparent_embossed/IMG_6751.jpg,pet1,pet1_transparent_embossed,yolov8,clahe_canny,none,0.0,False,[],43.28
pet1/pet1_transparent_embossed/IMG_6751.jpg,pet1,pet1_transparent_embossed,ric1-v5,clahe_canny,pet1,0.3063,True,"[{""label"": ""pet1"", ""confidence"": 0.3063349723815918, ""bbox"": [83, 122, 122, 159]}]",41.2
pet1/pet1_transparent_embossed/IMG_6751.jpg,pet1,pet1_transparent_embossed,ric5-v1,clahe_canny,none,0.0,False,[],43.2
pet1/pet1_transparent_embossed/IMG_6751.jpg,pet1,pet1_transparent_embossed,ric1-ric5-v6,clahe_canny,pp5,0.4811,False,"[{""label"": ""pp5"", ""confidence"": 0.4810540974140167, ""bbox"": [103, 87, 132, 113]}]",43.41
pet1/pet1_transparent_embossed/IMG_6795 (1).jpg,pet1,pet1_transparent_embossed,yolov8,baseline,none,0.0,False,[],44.08
pet1/pet1_transparent_embossed/IMG_6795 (1).jpg,pet1,pet1_transparent_embossed,ric1-v5,baseline,none,0.0,False,[],44.41
pet1/pet1_transparent_embossed/IMG_6795 (1).jpg,pet1,pet1_transparent_embossed,ric5-v1,baseline,none,0.0,False,[],42.15
pet1/pet1_transparent_embossed/IMG_6795 (1).jpg,pet1,pet1_transparent_embossed,ric1-ric5-v6,baseline,none,0.0,False,[],44.46
pet1/pet1_transparent_embossed/IMG_6795 (1).jpg,pet1,pet1_transparent_embossed,yolov8,clahe,none,0.0,False,[],47.59
pet1/pet1_transparent_embossed/IMG_6795 (1).jpg,pet1,pet1_transparent_embossed,ric1-v5,clahe,none,0.0,False,[],43.53
pet1/pet1_transparent_embossed/IMG_6795 (1).jpg,pet1,pet1_transparent_embossed,ric5-v1,clahe,none,0.0,False,[],42.01
pet1/pet1_transparent_embossed/IMG_6795 (1).jpg,pet1,pet1_transparent_embossed,ric1-ric5-v6,clahe,pp5,0.2744,False,"[{""label"": ""pp5"", ""confidence"": 0.2743924856185913, ""bbox"": [105, 115, 140, 139]}]",41.3
pet1/pet1_transparent_embossed/IMG_6795 (1).jpg,pet1,pet1_transparent_embossed,yolov8,canny,none,0.0,False,[],44.28
pet1/pet1_transparent_embossed/IMG_6795 (1).jpg,pet1,pet1_transparent_embossed,ric1-v5,canny,pet1,0.5792,True,"[{""label"": ""pet1"", ""confidence"": 0.5791856646537781, ""bbox"": [59, 70, 86, 104]}]",41.26
pet1/pet1_transparent_embossed/IMG_6795 (1).jpg,pet1,pet1_transparent_embossed,ric5-v1,canny,none,0.0,False,[],41.2
pet1/pet1_transparent_embossed/IMG_6795 (1).jpg,pet1,pet1_transparent_embossed,ric1-ric5-v6,canny,none,0.0,False,[],41.52
pet1/pet1_transparent_embossed/IMG_6795 (1).jpg,pet1,pet1_transparent_embossed,yolov8,clahe_canny,none,0.0,False,[],43.96
pet1/pet1_transparent_embossed/IMG_6795 (1).jpg,pet1,pet1_transparent_embossed,ric1-v5,clahe_canny,pet1,0.51,True,"[{""label"": ""pet1"", ""confidence"": 0.5099510550498962, ""bbox"": [119, 89, 163, 139]}, {""label"": ""pet1"", ""confidence"": 0.4248219430446625, ""bbox"": [107, 164, 147, 218]}, {""label"": ""pet1"", ""confidence"": 0.408792644739151, ""bbox"": [131, 90, 162, 139]}, {""label"": ""pet1"", ""confidence"": 0.2860928773880005, ""bbox"": [0, 59, 15, 102]}]",41.12
pet1/pet1_transparent_embossed/IMG_6795 (1).jpg,pet1,pet1_transparent_embossed,ric5-v1,clahe_canny,pp5,0.4018,False,"[{""label"": ""pp5"", ""confidence"": 0.4017716646194458, ""bbox"": [136, 150, 169, 196]}]",41.43
pet1/pet1_transparent_embossed/IMG_6795 (1).jpg,pet1,pet1_transparent_embossed,ric1-ric5-v6,clahe_canny,none,0.0,False,[],42.95
pet1/pet1_transparent_embossed/IMG_6795.jpg,pet1,pet1_transparent_embossed,yolov8,baseline,none,0.0,False,[],43.71
pet1/pet1_transparent_embossed/IMG_6795.jpg,pet1,pet1_transparent_embossed,ric1-v5,baseline,none,0.0,False,[],41.58
pet1/pet1_transparent_embossed/IMG_6795.jpg,pet1,pet1_transparent_embossed,ric5-v1,baseline,none,0.0,False,[],41.06
pet1/pet1_transparent_embossed/IMG_6795.jpg,pet1,pet1_transparent_embossed,ric1-ric5-v6,baseline,pp5,0.2945,False,"[{""label"": ""pp5"", ""confidence"": 0.29452529549598694, ""bbox"": [74, 116, 115, 139]}]",41.6
pet1/pet1_transparent_embossed/IMG_6795.jpg,pet1,pet1_transparent_embossed,yolov8,clahe,none,0.0,False,[],43.28
pet1/pet1_transparent_embossed/IMG_6795.jpg,pet1,pet1_transparent_embossed,ric1-v5,clahe,pet1,0.4629,True,"[{""label"": ""pet1"", ""confidence"": 0.46294474601745605, ""bbox"": [56, 155, 78, 186]}]",42.66
pet1/pet1_transparent_embossed/IMG_6795.jpg,pet1,pet1_transparent_embossed,ric5-v1,clahe,none,0.0,False,[],40.8
pet1/pet1_transparent_embossed/IMG_6795.jpg,pet1,pet1_transparent_embossed,ric1-ric5-v6,clahe,pp5,0.706,False,"[{""label"": ""pp5"", ""confidence"": 0.7060331702232361, ""bbox"": [75, 116, 118, 138]}]",44.61
pet1/pet1_transparent_embossed/IMG_6795.jpg,pet1,pet1_transparent_embossed,yolov8,canny,none,0.0,False,[],46.04
pet1/pet1_transparent_embossed/IMG_6795.jpg,pet1,pet1_transparent_embossed,ric1-v5,canny,none,0.0,False,[],44.31
pet1/pet1_transparent_embossed/IMG_6795.jpg,pet1,pet1_transparent_embossed,ric5-v1,canny,none,0.0,False,[],45.47
pet1/pet1_transparent_embossed/IMG_6795.jpg,pet1,pet1_transparent_embossed,ric1-ric5-v6,canny,none,0.0,False,[],46.69
pet1/pet1_transparent_embossed/IMG_6795.jpg,pet1,pet1_transparent_embossed,yolov8,clahe_canny,none,0.0,False,[],44.84
pet1/pet1_transparent_embossed/IMG_6795.jpg,pet1,pet1_transparent_embossed,ric1-v5,clahe_canny,none,0.0,False,[],41.81
pet1/pet1_transparent_embossed/IMG_6795.jpg,pet1,pet1_transparent_embossed,ric5-v1,clahe_canny,none,0.0,False,[],42.29
pet1/pet1_transparent_embossed/IMG_6795.jpg,pet1,pet1_transparent_embossed,ric1-ric5-v6,clahe_canny,none,0.0,False,[],41.94
pet1/pet1_transparent_embossed/IMG_6805 (1).jpg,pet1,pet1_transparent_embossed,yolov8,baseline,none,0.0,False,[],44.84
pet1/pet1_transparent_embossed/IMG_6805 (1).jpg,pet1,pet1_transparent_embossed,ric1-v5,baseline,none,0.0,False,[],42.29
pet1/pet1_transparent_embossed/IMG_6805 (1).jpg,pet1,pet1_transparent_embossed,ric5-v1,baseline,none,0.0,False,[],41.41
pet1/pet1_transparent_embossed/IMG_6805 (1).jpg,pet1,pet1_transparent_embossed,ric1-ric5-v6,baseline,none,0.0,False,[],42.84
pet1/pet1_transparent_embossed/IMG_6805 (1).jpg,pet1,pet1_transparent_embossed,yolov8,clahe,none,0.0,False,[],44.75
pet1/pet1_transparent_embossed/IMG_6805 (1).jpg,pet1,pet1_transparent_embossed,ric1-v5,clahe,none,0.0,False,[],42.68
pet1/pet1_transparent_embossed/IMG_6805 (1).jpg,pet1,pet1_transparent_embossed,ric5-v1,clahe,none,0.0,False,[],42.1
pet1/pet1_transparent_embossed/IMG_6805 (1).jpg,pet1,pet1_transparent_embossed,ric1-ric5-v6,clahe,none,0.0,False,[],42.94
pet1/pet1_transparent_embossed/IMG_6805 (1).jpg,pet1,pet1_transparent_embossed,yolov8,canny,none,0.0,False,[],43.44
pet1/pet1_transparent_embossed/IMG_6805 (1).jpg,pet1,pet1_transparent_embossed,ric1-v5,canny,none,0.0,False,[],41.84
pet1/pet1_transparent_embossed/IMG_6805 (1).jpg,pet1,pet1_transparent_embossed,ric5-v1,canny,pp5,0.4243,False,"[{""label"": ""pp5"", ""confidence"": 0.4242652952671051, ""bbox"": [54, 99, 104, 135]}, {""label"": ""pp5"", ""confidence"": 0.3570807874202728, ""bbox"": [42, 103, 101, 165]}]",41.77
pet1/pet1_transparent_embossed/IMG_6805 (1).jpg,pet1,pet1_transparent_embossed,ric1-ric5-v6,canny,none,0.0,False,[],41.42
pet1/pet1_transparent_embossed/IMG_6805 (1).jpg,pet1,pet1_transparent_embossed,yolov8,clahe_canny,none,0.0,False,[],45.53
pet1/pet1_transparent_embossed/IMG_6805 (1).jpg,pet1,pet1_transparent_embossed,ric1-v5,clahe_canny,none,0.0,False,[],42.92
pet1/pet1_transparent_embossed/IMG_6805 (1).jpg,pet1,pet1_transparent_embossed,ric5-v1,clahe_canny,pp5,0.6375,False,"[{""label"": ""pp5"", ""confidence"": 0.6374756693840027, ""bbox"": [86, 4, 128, 47]}, {""label"": ""pp5"", ""confidence"": 0.32031938433647156, ""bbox"": [86, 20, 128, 47]}, {""label"": ""pp5"", ""confidence"": 0.26307108998298645, ""bbox"": [86, 2, 148, 47]}]",47.08
pet1/pet1_transparent_embossed/IMG_6805 (1).jpg,pet1,pet1_transparent_embossed,ric1-ric5-v6,clahe_canny,none,0.0,False,[],44.2
pet1/pet1_transparent_embossed/IMG_6805.jpg,pet1,pet1_transparent_embossed,yolov8,baseline,none,0.0,False,[],47.33
pet1/pet1_transparent_embossed/IMG_6805.jpg,pet1,pet1_transparent_embossed,ric1-v5,baseline,none,0.0,False,[],43.06
pet1/pet1_transparent_embossed/IMG_6805.jpg,pet1,pet1_transparent_embossed,ric5-v1,baseline,none,0.0,False,[],42.29
pet1/pet1_transparent_embossed/IMG_6805.jpg,pet1,pet1_transparent_embossed,ric1-ric5-v6,baseline,none,0.0,False,[],42.21
pet1/pet1_transparent_embossed/IMG_6805.jpg,pet1,pet1_transparent_embossed,yolov8,clahe,train,0.2664,False,"[{""label"": ""train"", ""confidence"": 0.26639285683631897, ""bbox"": [12, 18, 187, 213]}]",43.45
pet1/pet1_transparent_embossed/IMG_6805.jpg,pet1,pet1_transparent_embossed,ric1-v5,clahe,pet1,0.3204,True,"[{""label"": ""pet1"", ""confidence"": 0.3203832507133484, ""bbox"": [29, 162, 44, 180]}]",41.34
pet1/pet1_transparent_embossed/IMG_6805.jpg,pet1,pet1_transparent_embossed,ric5-v1,clahe,pp5,0.7891,False,"[{""label"": ""pp5"", ""confidence"": 0.7891095876693726, ""bbox"": [159, 182, 175, 196]}]",43.22
pet1/pet1_transparent_embossed/IMG_6805.jpg,pet1,pet1_transparent_embossed,ric1-ric5-v6,clahe,none,0.0,False,[],41.18
pet1/pet1_transparent_embossed/IMG_6805.jpg,pet1,pet1_transparent_embossed,yolov8,canny,none,0.0,False,[],44.17
pet1/pet1_transparent_embossed/IMG_6805.jpg,pet1,pet1_transparent_embossed,ric1-v5,canny,none,0.0,False,[],42.75
pet1/pet1_transparent_embossed/IMG_6805.jpg,pet1,pet1_transparent_embossed,ric5-v1,canny,pp5,0.5078,False,"[{""label"": ""pp5"", ""confidence"": 0.5077880620956421, ""bbox"": [128, 130, 181, 164]}, {""label"": ""pp5"", ""confidence"": 0.2700653076171875, ""bbox"": [125, 112, 182, 164]}]",42.13
pet1/pet1_transparent_embossed/IMG_6805.jpg,pet1,pet1_transparent_embossed,ric1-ric5-v6,canny,pp5,0.7393,False,"[{""label"": ""pp5"", ""confidence"": 0.7392507791519165, ""bbox"": [139, 130, 181, 164]}, {""label"": ""pp5"", ""confidence"": 0.3548816740512848, ""bbox"": [119, 99, 158, 141]}]",42.65
pet1/pet1_transparent_embossed/IMG_6805.jpg,pet1,pet1_transparent_embossed,yolov8,clahe_canny,none,0.0,False,[],44.96
pet1/pet1_transparent_embossed/IMG_6805.jpg,pet1,pet1_transparent_embossed,ric1-v5,clahe_canny,pet1,0.5738,True,"[{""label"": ""pet1"", ""confidence"": 0.5737889409065247, ""bbox"": [96, 162, 150, 215]}]",43.47
pet1/pet1_transparent_embossed/IMG_6805.jpg,pet1,pet1_transparent_embossed,ric5-v1,clahe_canny,none,0.0,False,[],42.32
pet1/pet1_transparent_embossed/IMG_6805.jpg,pet1,pet1_transparent_embossed,ric1-ric5-v6,clahe_canny,none,0.0,False,[],41.74
pet1/pet1_transparent_embossed/IMG_6807 (1).jpg,pet1,pet1_transparent_embossed,yolov8,baseline,none,0.0,False,[],43.79
pet1/pet1_transparent_embossed/IMG_6807 (1).jpg,pet1,pet1_transparent_embossed,ric1-v5,baseline,none,0.0,False,[],41.31
pet1/pet1_transparent_embossed/IMG_6807 (1).jpg,pet1,pet1_transparent_embossed,ric5-v1,baseline,pp5,0.347,False,"[{""label"": ""pp5"", ""confidence"": 0.3470242917537689, ""bbox"": [155, 180, 174, 208]}]",42.16
pet1/pet1_transparent_embossed/IMG_6807 (1).jpg,pet1,pet1_transparent_embossed,ric1-ric5-v6,baseline,none,0.0,False,[],41.79
pet1/pet1_transparent_embossed/IMG_6807 (1).jpg,pet1,pet1_transparent_embossed,yolov8,clahe,none,0.0,False,[],48.15
pet1/pet1_transparent_embossed/IMG_6807 (1).jpg,pet1,pet1_transparent_embossed,ric1-v5,clahe,pet1,0.5989,True,"[{""label"": ""pet1"", ""confidence"": 0.5989226698875427, ""bbox"": [127, 191, 143, 209]}]",43.12
pet1/pet1_transparent_embossed/IMG_6807 (1).jpg,pet1,pet1_transparent_embossed,ric5-v1,clahe,pp5,0.6784,False,"[{""label"": ""pp5"", ""confidence"": 0.6783818006515503, ""bbox"": [93, 196, 103, 204]}]",45.32
pet1/pet1_transparent_embossed/IMG_6807 (1).jpg,pet1,pet1_transparent_embossed,ric1-ric5-v6,clahe,none,0.0,False,[],44.51
pet1/pet1_transparent_embossed/IMG_6807 (1).jpg,pet1,pet1_transparent_embossed,yolov8,canny,none,0.0,False,[],45.33
pet1/pet1_transparent_embossed/IMG_6807 (1).jpg,pet1,pet1_transparent_embossed,ric1-v5,canny,none,0.0,False,[],41.63
pet1/pet1_transparent_embossed/IMG_6807 (1).jpg,pet1,pet1_transparent_embossed,ric5-v1,canny,pp5,0.3542,False,"[{""label"": ""pp5"", ""confidence"": 0.3541892468929291, ""bbox"": [74, 4, 139, 65]}]",42.87
pet1/pet1_transparent_embossed/IMG_6807 (1).jpg,pet1,pet1_transparent_embossed,ric1-ric5-v6,canny,pp5,0.2917,False,"[{""label"": ""pp5"", ""confidence"": 0.29171547293663025, ""bbox"": [133, 141, 180, 211]}]",42.42
pet1/pet1_transparent_embossed/IMG_6807 (1).jpg,pet1,pet1_transparent_embossed,yolov8,clahe_canny,none,0.0,False,[],43.71
pet1/pet1_transparent_embossed/IMG_6807 (1).jpg,pet1,pet1_transparent_embossed,ric1-v5,clahe_canny,pet1,0.2601,True,"[{""label"": ""pet1"", ""confidence"": 0.2601293921470642, ""bbox"": [49, 176, 78, 210]}]",42.99
pet1/pet1_transparent_embossed/IMG_6807 (1).jpg,pet1,pet1_transparent_embossed,ric5-v1,clahe_canny,pp5,0.6397,False,"[{""label"": ""pp5"", ""confidence"": 0.6397345066070557, ""bbox"": [11, 153, 74, 207]}]",43.42
pet1/pet1_transparent_embossed/IMG_6807 (1).jpg,pet1,pet1_transparent_embossed,ric1-ric5-v6,clahe_canny,pp5,0.7338,False,"[{""label"": ""pp5"", ""confidence"": 0.7337647676467896, ""bbox"": [27, 7, 62, 34]}]",43.22
pet1/pet1_transparent_embossed/IMG_6807.jpg,pet1,pet1_transparent_embossed,yolov8,baseline,none,0.0,False,[],43.98
pet1/pet1_transparent_embossed/IMG_6807.jpg,pet1,pet1_transparent_embossed,ric1-v5,baseline,pet1,0.2534,True,"[{""label"": ""pet1"", ""confidence"": 0.2533923089504242, ""bbox"": [51, 79, 101, 130]}]",42.64
pet1/pet1_transparent_embossed/IMG_6807.jpg,pet1,pet1_transparent_embossed,ric5-v1,baseline,none,0.0,False,[],41.1
pet1/pet1_transparent_embossed/IMG_6807.jpg,pet1,pet1_transparent_embossed,ric1-ric5-v6,baseline,none,0.0,False,[],43.4
pet1/pet1_transparent_embossed/IMG_6807.jpg,pet1,pet1_transparent_embossed,yolov8,clahe,none,0.0,False,[],42.66
pet1/pet1_transparent_embossed/IMG_6807.jpg,pet1,pet1_transparent_embossed,ric1-v5,clahe,pet1,0.3386,True,"[{""label"": ""pet1"", ""confidence"": 0.3386324346065521, ""bbox"": [79, 192, 97, 212]}]",42.12
pet1/pet1_transparent_embossed/IMG_6807.jpg,pet1,pet1_transparent_embossed,ric5-v1,clahe,pp5,0.5014,False,"[{""label"": ""pp5"", ""confidence"": 0.5014477968215942, ""bbox"": [120, 196, 129, 204]}, {""label"": ""pp5"", ""confidence"": 0.4574472904205322, ""bbox"": [168, 6, 196, 33]}]",42.95
pet1/pet1_transparent_embossed/IMG_6807.jpg,pet1,pet1_transparent_embossed,ric1-ric5-v6,clahe,none,0.0,False,[],41.49
pet1/pet1_transparent_embossed/IMG_6807.jpg,pet1,pet1_transparent_embossed,yolov8,canny,none,0.0,False,[],44.13
pet1/pet1_transparent_embossed/IMG_6807.jpg,pet1,pet1_transparent_embossed,ric1-v5,canny,none,0.0,False,[],42.39
pet1/pet1_transparent_embossed/IMG_6807.jpg,pet1,pet1_transparent_embossed,ric5-v1,canny,none,0.0,False,[],46.98
pet1/pet1_transparent_embossed/IMG_6807.jpg,pet1,pet1_transparent_embossed,ric1-ric5-v6,canny,none,0.0,False,[],43.65
pet1/pet1_transparent_embossed/IMG_6807.jpg,pet1,pet1_transparent_embossed,yolov8,clahe_canny,none,0.0,False,[],45.48
pet1/pet1_transparent_embossed/IMG_6807.jpg,pet1,pet1_transparent_embossed,ric1-v5,clahe_canny,pet1,0.4635,True,"[{""label"": ""pet1"", ""confidence"": 0.4635097086429596, ""bbox"": [143, 86, 184, 142]}, {""label"": ""pet1"", ""confidence"": 0.37096133828163147, ""bbox"": [178, 80, 224, 120]}, {""label"": ""pet1"", ""confidence"": 0.2867753207683563, ""bbox"": [133, 91, 185, 145]}]",47.04
pet1/pet1_transparent_embossed/IMG_6807.jpg,pet1,pet1_transparent_embossed,ric5-v1,clahe_canny,pp5,0.7837,False,"[{""label"": ""pp5"", ""confidence"": 0.7837019562721252, ""bbox"": [100, 47, 128, 72]}]",43.82
pet1/pet1_transparent_embossed/IMG_6807.jpg,pet1,pet1_transparent_embossed,ric1-ric5-v6,clahe_canny,pp5,0.365,False,"[{""label"": ""pp5"", ""confidence"": 0.3649541139602661, ""bbox"": [154, 6, 196, 34]}]",41.18
pet1/pet1_transparent_embossed/IMG_6809.jpg,pet1,pet1_transparent_embossed,yolov8,baseline,none,0.0,False,[],43.97
pet1/pet1_transparent_embossed/IMG_6809.jpg,pet1,pet1_transparent_embossed,ric1-v5,baseline,none,0.0,False,[],41.15
pet1/pet1_transparent_embossed/IMG_6809.jpg,pet1,pet1_transparent_embossed,ric5-v1,baseline,pp5,0.7402,False,"[{""label"": ""pp5"", ""confidence"": 0.7402421236038208, ""bbox"": [67, 141, 83, 151]}]",41.2
pet1/pet1_transparent_embossed/IMG_6809.jpg,pet1,pet1_transparent_embossed,ric1-ric5-v6,baseline,none,0.0,False,[],42.54
pet1/pet1_transparent_embossed/IMG_6809.jpg,pet1,pet1_transparent_embossed,yolov8,clahe,none,0.0,False,[],44.23
pet1/pet1_transparent_embossed/IMG_6809.jpg,pet1,pet1_transparent_embossed,ric1-v5,clahe,pet1,0.3869,True,"[{""label"": ""pet1"", ""confidence"": 0.38693755865097046, ""bbox"": [0, 109, 11, 144]}]",41.25
pet1/pet1_transparent_embossed/IMG_6809.jpg,pet1,pet1_transparent_embossed,ric5-v1,clahe,pp5,0.4418,False,"[{""label"": ""pp5"", ""confidence"": 0.44177868962287903, ""bbox"": [191, 114, 200, 125]}]",41.82
pet1/pet1_transparent_embossed/IMG_6809.jpg,pet1,pet1_transparent_embossed,ric1-ric5-v6,clahe,none,0.0,False,[],42.18
pet1/pet1_transparent_embossed/IMG_6809.jpg,pet1,pet1_transparent_embossed,yolov8,canny,none,0.0,False,[],43.67
pet1/pet1_transparent_embossed/IMG_6809.jpg,pet1,pet1_transparent_embossed,ric1-v5,canny,none,0.0,False,[],42.87
pet1/pet1_transparent_embossed/IMG_6809.jpg,pet1,pet1_transparent_embossed,ric5-v1,canny,pp5,0.3735,False,"[{""label"": ""pp5"", ""confidence"": 0.3735412061214447, ""bbox"": [44, 128, 84, 182]}]",42.18
pet1/pet1_transparent_embossed/IMG_6809.jpg,pet1,pet1_transparent_embossed,ric1-ric5-v6,canny,none,0.0,False,[],41.34
pet1/pet1_transparent_embossed/IMG_6809.jpg,pet1,pet1_transparent_embossed,yolov8,clahe_canny,none,0.0,False,[],44.1
pet1/pet1_transparent_embossed/IMG_6809.jpg,pet1,pet1_transparent_embossed,ric1-v5,clahe_canny,none,0.0,False,[],41.37
pet1/pet1_transparent_embossed/IMG_6809.jpg,pet1,pet1_transparent_embossed,ric5-v1,clahe_canny,none,0.0,False,[],41.85
pet1/pet1_transparent_embossed/IMG_6809.jpg,pet1,pet1_transparent_embossed,ric1-ric5-v6,clahe_canny,none,0.0,False,[],42.79
pet1/pet1_transparent_embossed/IMG_6830 (1).jpg,pet1,pet1_transparent_embossed,yolov8,baseline,none,0.0,False,[],48.01
pet1/pet1_transparent_embossed/IMG_6830 (1).jpg,pet1,pet1_transparent_embossed,ric1-v5,baseline,none,0.0,False,[],42.42
pet1/pet1_transparent_embossed/IMG_6830 (1).jpg,pet1,pet1_transparent_embossed,ric5-v1,baseline,none,0.0,False,[],45.55
pet1/pet1_transparent_embossed/IMG_6830 (1).jpg,pet1,pet1_transparent_embossed,ric1-ric5-v6,baseline,none,0.0,False,[],46.49
pet1/pet1_transparent_embossed/IMG_6830 (1).jpg,pet1,pet1_transparent_embossed,yolov8,clahe,none,0.0,False,[],46.61
pet1/pet1_transparent_embossed/IMG_6830 (1).jpg,pet1,pet1_transparent_embossed,ric1-v5,clahe,none,0.0,False,[],43.42
pet1/pet1_transparent_embossed/IMG_6830 (1).jpg,pet1,pet1_transparent_embossed,ric5-v1,clahe,none,0.0,False,[],41.43
pet1/pet1_transparent_embossed/IMG_6830 (1).jpg,pet1,pet1_transparent_embossed,ric1-ric5-v6,clahe,none,0.0,False,[],41.76
pet1/pet1_transparent_embossed/IMG_6830 (1).jpg,pet1,pet1_transparent_embossed,yolov8,canny,tennis racket,0.3447,False,"[{""label"": ""tennis racket"", ""confidence"": 0.3446807861328125, ""bbox"": [0, 0, 30, 39]}]",43.9
pet1/pet1_transparent_embossed/IMG_6830 (1).jpg,pet1,pet1_transparent_embossed,ric1-v5,canny,none,0.0,False,[],41.42
pet1/pet1_transparent_embossed/IMG_6830 (1).jpg,pet1,pet1_transparent_embossed,ric5-v1,canny,none,0.0,False,[],42.23
pet1/pet1_transparent_embossed/IMG_6830 (1).jpg,pet1,pet1_transparent_embossed,ric1-ric5-v6,canny,none,0.0,False,[],41.63
pet1/pet1_transparent_embossed/IMG_6830 (1).jpg,pet1,pet1_transparent_embossed,yolov8,clahe_canny,none,0.0,False,[],44.72
pet1/pet1_transparent_embossed/IMG_6830 (1).jpg,pet1,pet1_transparent_embossed,ric1-v5,clahe_canny,none,0.0,False,[],42.67
pet1/pet1_transparent_embossed/IMG_6830 (1).jpg,pet1,pet1_transparent_embossed,ric5-v1,clahe_canny,none,0.0,False,[],42.05
pet1/pet1_transparent_embossed/IMG_6830 (1).jpg,pet1,pet1_transparent_embossed,ric1-ric5-v6,clahe_canny,none,0.0,False,[],42.96
pet1/pet1_transparent_embossed/IMG_6830.jpg,pet1,pet1_transparent_embossed,yolov8,baseline,banana,0.3068,False,"[{""label"": ""banana"", ""confidence"": 0.3068365156650543, ""bbox"": [0, 0, 10, 49]}]",43.94
pet1/pet1_transparent_embossed/IMG_6830.jpg,pet1,pet1_transparent_embossed,ric1-v5,baseline,none,0.0,False,[],41.15
pet1/pet1_transparent_embossed/IMG_6830.jpg,pet1,pet1_transparent_embossed,ric5-v1,baseline,none,0.0,False,[],41.25
pet1/pet1_transparent_embossed/IMG_6830.jpg,pet1,pet1_transparent_embossed,ric1-ric5-v6,baseline,none,0.0,False,[],43.33
pet1/pet1_transparent_embossed/IMG_6830.jpg,pet1,pet1_transparent_embossed,yolov8,clahe,none,0.0,False,[],43.62
pet1/pet1_transparent_embossed/IMG_6830.jpg,pet1,pet1_transparent_embossed,ric1-v5,clahe,none,0.0,False,[],40.31
pet1/pet1_transparent_embossed/IMG_6830.jpg,pet1,pet1_transparent_embossed,ric5-v1,clahe,none,0.0,False,[],46.14
pet1/pet1_transparent_embossed/IMG_6830.jpg,pet1,pet1_transparent_embossed,ric1-ric5-v6,clahe,none,0.0,False,[],42.32
pet1/pet1_transparent_embossed/IMG_6830.jpg,pet1,pet1_transparent_embossed,yolov8,canny,none,0.0,False,[],47.15
pet1/pet1_transparent_embossed/IMG_6830.jpg,pet1,pet1_transparent_embossed,ric1-v5,canny,none,0.0,False,[],44.73
pet1/pet1_transparent_embossed/IMG_6830.jpg,pet1,pet1_transparent_embossed,ric5-v1,canny,pp5,0.3723,False,"[{""label"": ""pp5"", ""confidence"": 0.3722531199455261, ""bbox"": [110, 145, 150, 188]}]",46.86
pet1/pet1_transparent_embossed/IMG_6830.jpg,pet1,pet1_transparent_embossed,ric1-ric5-v6,canny,none,0.0,False,[],43.34
pet1/pet1_transparent_embossed/IMG_6830.jpg,pet1,pet1_transparent_embossed,yolov8,clahe_canny,none,0.0,False,[],43.36
pet1/pet1_transparent_embossed/IMG_6830.jpg,pet1,pet1_transparent_embossed,ric1-v5,clahe_canny,none,0.0,False,[],41.8
pet1/pet1_transparent_embossed/IMG_6830.jpg,pet1,pet1_transparent_embossed,ric5-v1,clahe_canny,none,0.0,False,[],41.92
pet1/pet1_transparent_embossed/IMG_6830.jpg,pet1,pet1_transparent_embossed,ric1-ric5-v6,clahe_canny,none,0.0,False,[],39.98
pet1/pet1_transparent_embossed/IMG_6842.jpg,pet1,pet1_transparent_embossed,yolov8,baseline,none,0.0,False,[],44.19
pet1/pet1_transparent_embossed/IMG_6842.jpg,pet1,pet1_transparent_embossed,ric1-v5,baseline,none,0.0,False,[],42.28
pet1/pet1_transparent_embossed/IMG_6842.jpg,pet1,pet1_transparent_embossed,ric5-v1,baseline,none,0.0,False,[],40.44
pet1/pet1_transparent_embossed/IMG_6842.jpg,pet1,pet1_transparent_embossed,ric1-ric5-v6,baseline,none,0.0,False,[],42.38
pet1/pet1_transparent_embossed/IMG_6842.jpg,pet1,pet1_transparent_embossed,yolov8,clahe,none,0.0,False,[],42.78
pet1/pet1_transparent_embossed/IMG_6842.jpg,pet1,pet1_transparent_embossed,ric1-v5,clahe,pet1,0.3753,True,"[{""label"": ""pet1"", ""confidence"": 0.37528276443481445, ""bbox"": [85, 113, 101, 131]}]",43.27
pet1/pet1_transparent_embossed/IMG_6842.jpg,pet1,pet1_transparent_embossed,ric5-v1,clahe,none,0.0,False,[],42.06
pet1/pet1_transparent_embossed/IMG_6842.jpg,pet1,pet1_transparent_embossed,ric1-ric5-v6,clahe,none,0.0,False,[],42.88
pet1/pet1_transparent_embossed/IMG_6842.jpg,pet1,pet1_transparent_embossed,yolov8,canny,clock,0.2739,False,"[{""label"": ""clock"", ""confidence"": 0.27393627166748047, ""bbox"": [39, 16, 184, 184]}]",44.44
pet1/pet1_transparent_embossed/IMG_6842.jpg,pet1,pet1_transparent_embossed,ric1-v5,canny,none,0.0,False,[],42.68
pet1/pet1_transparent_embossed/IMG_6842.jpg,pet1,pet1_transparent_embossed,ric5-v1,canny,none,0.0,False,[],43.05
pet1/pet1_transparent_embossed/IMG_6842.jpg,pet1,pet1_transparent_embossed,ric1-ric5-v6,canny,none,0.0,False,[],41.32
pet1/pet1_transparent_embossed/IMG_6842.jpg,pet1,pet1_transparent_embossed,yolov8,clahe_canny,none,0.0,False,[],44.35
pet1/pet1_transparent_embossed/IMG_6842.jpg,pet1,pet1_transparent_embossed,ric1-v5,clahe_canny,none,0.0,False,[],46.87
pet1/pet1_transparent_embossed/IMG_6842.jpg,pet1,pet1_transparent_embossed,ric5-v1,clahe_canny,pp5,0.5921,False,"[{""label"": ""pp5"", ""confidence"": 0.5920963287353516, ""bbox"": [140, 156, 172, 204]}]",44.18
pet1/pet1_transparent_embossed/IMG_6842.jpg,pet1,pet1_transparent_embossed,ric1-ric5-v6,clahe_canny,none,0.0,False,[],45.67
pet1/pet1_transparent_embossed/IMG_6845.jpg,pet1,pet1_transparent_embossed,yolov8,baseline,truck,0.3161,False,"[{""label"": ""truck"", ""confidence"": 0.3160709738731384, ""bbox"": [3, 4, 195, 216]}]",49.24
pet1/pet1_transparent_embossed/IMG_6845.jpg,pet1,pet1_transparent_embossed,ric1-v5,baseline,none,0.0,False,[],43.67
pet1/pet1_transparent_embossed/IMG_6845.jpg,pet1,pet1_transparent_embossed,ric5-v1,baseline,none,0.0,False,[],41.64
pet1/pet1_transparent_embossed/IMG_6845.jpg,pet1,pet1_transparent_embossed,ric1-ric5-v6,baseline,none,0.0,False,[],43.08
pet1/pet1_transparent_embossed/IMG_6845.jpg,pet1,pet1_transparent_embossed,yolov8,clahe,none,0.0,False,[],45.03
pet1/pet1_transparent_embossed/IMG_6845.jpg,pet1,pet1_transparent_embossed,ric1-v5,clahe,none,0.0,False,[],40.84
pet1/pet1_transparent_embossed/IMG_6845.jpg,pet1,pet1_transparent_embossed,ric5-v1,clahe,pp5,0.2513,False,"[{""label"": ""pp5"", ""confidence"": 0.2512710690498352, ""bbox"": [131, 93, 140, 102]}]",41.98
pet1/pet1_transparent_embossed/IMG_6845.jpg,pet1,pet1_transparent_embossed,ric1-ric5-v6,clahe,none,0.0,False,[],43.51
pet1/pet1_transparent_embossed/IMG_6845.jpg,pet1,pet1_transparent_embossed,yolov8,canny,none,0.0,False,[],42.32
pet1/pet1_transparent_embossed/IMG_6845.jpg,pet1,pet1_transparent_embossed,ric1-v5,canny,none,0.0,False,[],43.9
pet1/pet1_transparent_embossed/IMG_6845.jpg,pet1,pet1_transparent_embossed,ric5-v1,canny,none,0.0,False,[],43.75
pet1/pet1_transparent_embossed/IMG_6845.jpg,pet1,pet1_transparent_embossed,ric1-ric5-v6,canny,none,0.0,False,[],42.8
pet1/pet1_transparent_embossed/IMG_6845.jpg,pet1,pet1_transparent_embossed,yolov8,clahe_canny,none,0.0,False,[],44.2
pet1/pet1_transparent_embossed/IMG_6845.jpg,pet1,pet1_transparent_embossed,ric1-v5,clahe_canny,none,0.0,False,[],42.7
pet1/pet1_transparent_embossed/IMG_6845.jpg,pet1,pet1_transparent_embossed,ric5-v1,clahe_canny,pp5,0.3451,False,"[{""label"": ""pp5"", ""confidence"": 0.34512174129486084, ""bbox"": [71, 89, 97, 110]}]",63.07
pet1/pet1_transparent_embossed/IMG_6845.jpg,pet1,pet1_transparent_embossed,ric1-ric5-v6,clahe_canny,none,0.0,False,[],66.11
pet1/pet1_transparent_embossed/IMG_7209.jpg,pet1,pet1_transparent_embossed,yolov8,baseline,none,0.0,False,[],44.92
pet1/pet1_transparent_embossed/IMG_7209.jpg,pet1,pet1_transparent_embossed,ric1-v5,baseline,pet1,0.6014,True,"[{""label"": ""pet1"", ""confidence"": 0.6014069318771362, ""bbox"": [138, 170, 157, 209]}, {""label"": ""pet1"", ""confidence"": 0.5579689145088196, ""bbox"": [109, 116, 135, 145]}]",45.53
pet1/pet1_transparent_embossed/IMG_7209.jpg,pet1,pet1_transparent_embossed,ric5-v1,baseline,none,0.0,False,[],45.0
pet1/pet1_transparent_embossed/IMG_7209.jpg,pet1,pet1_transparent_embossed,ric1-ric5-v6,baseline,none,0.0,False,[],44.89
pet1/pet1_transparent_embossed/IMG_7209.jpg,pet1,pet1_transparent_embossed,yolov8,clahe,none,0.0,False,[],48.99
pet1/pet1_transparent_embossed/IMG_7209.jpg,pet1,pet1_transparent_embossed,ric1-v5,clahe,pet1,0.7633,True,"[{""label"": ""pet1"", ""confidence"": 0.7633051872253418, ""bbox"": [136, 171, 157, 209]}, {""label"": ""pet1"", ""confidence"": 0.6242612600326538, ""bbox"": [55, 160, 75, 185]}]",46.55
pet1/pet1_transparent_embossed/IMG_7209.jpg,pet1,pet1_transparent_embossed,ric5-v1,clahe,none,0.0,False,[],46.32
pet1/pet1_transparent_embossed/IMG_7209.jpg,pet1,pet1_transparent_embossed,ric1-ric5-v6,clahe,none,0.0,False,[],44.01
pet1/pet1_transparent_embossed/IMG_7209.jpg,pet1,pet1_transparent_embossed,yolov8,canny,none,0.0,False,[],45.8
pet1/pet1_transparent_embossed/IMG_7209.jpg,pet1,pet1_transparent_embossed,ric1-v5,canny,none,0.0,False,[],42.78
pet1/pet1_transparent_embossed/IMG_7209.jpg,pet1,pet1_transparent_embossed,ric5-v1,canny,none,0.0,False,[],41.2
pet1/pet1_transparent_embossed/IMG_7209.jpg,pet1,pet1_transparent_embossed,ric1-ric5-v6,canny,none,0.0,False,[],41.0
pet1/pet1_transparent_embossed/IMG_7209.jpg,pet1,pet1_transparent_embossed,yolov8,clahe_canny,none,0.0,False,[],44.49
pet1/pet1_transparent_embossed/IMG_7209.jpg,pet1,pet1_transparent_embossed,ric1-v5,clahe_canny,pet1,0.3818,True,"[{""label"": ""pet1"", ""confidence"": 0.3818095326423645, ""bbox"": [63, 167, 98, 200]}, {""label"": ""pet1"", ""confidence"": 0.363057404756546, ""bbox"": [192, 62, 224, 107]}, {""label"": ""pet1"", ""confidence"": 0.27464646100997925, ""bbox"": [0, 179, 23, 224]}]",43.24
pet1/pet1_transparent_embossed/IMG_7209.jpg,pet1,pet1_transparent_embossed,ric5-v1,clahe_canny,none,0.0,False,[],40.52
pet1/pet1_transparent_embossed/IMG_7209.jpg,pet1,pet1_transparent_embossed,ric1-ric5-v6,clahe_canny,none,0.0,False,[],40.73
pet1/pet1_transparent_embossed/IMG_7210.jpg,pet1,pet1_transparent_embossed,yolov8,baseline,none,0.0,False,[],43.65
pet1/pet1_transparent_embossed/IMG_7210.jpg,pet1,pet1_transparent_embossed,ric1-v5,baseline,none,0.0,False,[],42.65
pet1/pet1_transparent_embossed/IMG_7210.jpg,pet1,pet1_transparent_embossed,ric5-v1,baseline,none,0.0,False,[],40.8
pet1/pet1_transparent_embossed/IMG_7210.jpg,pet1,pet1_transparent_embossed,ric1-ric5-v6,baseline,none,0.0,False,[],41.24
pet1/pet1_transparent_embossed/IMG_7210.jpg,pet1,pet1_transparent_embossed,yolov8,clahe,none,0.0,False,[],44.21
pet1/pet1_transparent_embossed/IMG_7210.jpg,pet1,pet1_transparent_embossed,ric1-v5,clahe,none,0.0,False,[],41.83
pet1/pet1_transparent_embossed/IMG_7210.jpg,pet1,pet1_transparent_embossed,ric5-v1,clahe,none,0.0,False,[],41.41
pet1/pet1_transparent_embossed/IMG_7210.jpg,pet1,pet1_transparent_embossed,ric1-ric5-v6,clahe,none,0.0,False,[],43.45
pet1/pet1_transparent_embossed/IMG_7210.jpg,pet1,pet1_transparent_embossed,yolov8,canny,none,0.0,False,[],47.2
pet1/pet1_transparent_embossed/IMG_7210.jpg,pet1,pet1_transparent_embossed,ric1-v5,canny,pet1,0.5077,True,"[{""label"": ""pet1"", ""confidence"": 0.5076548457145691, ""bbox"": [61, 18, 94, 65]}, {""label"": ""pet1"", ""confidence"": 0.45720380544662476, ""bbox"": [34, 76, 74, 131]}]",46.07
pet1/pet1_transparent_embossed/IMG_7210.jpg,pet1,pet1_transparent_embossed,ric5-v1,canny,pp5,0.396,False,"[{""label"": ""pp5"", ""confidence"": 0.3959910273551941, ""bbox"": [63, 144, 133, 214]}]",45.38
pet1/pet1_transparent_embossed/IMG_7210.jpg,pet1,pet1_transparent_embossed,ric1-ric5-v6,canny,none,0.0,False,[],45.53
pet1/pet1_transparent_embossed/IMG_7210.jpg,pet1,pet1_transparent_embossed,yolov8,clahe_canny,none,0.0,False,[],43.59
pet1/pet1_transparent_embossed/IMG_7210.jpg,pet1,pet1_transparent_embossed,ric1-v5,clahe_canny,pet1,0.511,True,"[{""label"": ""pet1"", ""confidence"": 0.5109899044036865, ""bbox"": [163, 211, 189, 223]}]",41.7
pet1/pet1_transparent_embossed/IMG_7210.jpg,pet1,pet1_transparent_embossed,ric5-v1,clahe_canny,none,0.0,False,[],41.26
pet1/pet1_transparent_embossed/IMG_7210.jpg,pet1,pet1_transparent_embossed,ric1-ric5-v6,clahe_canny,none,0.0,False,[],41.64
pet1/pet1_transparent_embossed/IMG_7217.jpg,pet1,pet1_transparent_embossed,yolov8,baseline,none,0.0,False,[],44.34
pet1/pet1_transparent_embossed/IMG_7217.jpg,pet1,pet1_transparent_embossed,ric1-v5,baseline,none,0.0,False,[],41.36
pet1/pet1_transparent_embossed/IMG_7217.jpg,pet1,pet1_transparent_embossed,ric5-v1,baseline,none,0.0,False,[],42.61
pet1/pet1_transparent_embossed/IMG_7217.jpg,pet1,pet1_transparent_embossed,ric1-ric5-v6,baseline,none,0.0,False,[],41.72
pet1/pet1_transparent_embossed/IMG_7217.jpg,pet1,pet1_transparent_embossed,yolov8,clahe,none,0.0,False,[],43.3
pet1/pet1_transparent_embossed/IMG_7217.jpg,pet1,pet1_transparent_embossed,ric1-v5,clahe,none,0.0,False,[],44.1
pet1/pet1_transparent_embossed/IMG_7217.jpg,pet1,pet1_transparent_embossed,ric5-v1,clahe,none,0.0,False,[],42.21
pet1/pet1_transparent_embossed/IMG_7217.jpg,pet1,pet1_transparent_embossed,ric1-ric5-v6,clahe,none,0.0,False,[],41.59
pet1/pet1_transparent_embossed/IMG_7217.jpg,pet1,pet1_transparent_embossed,yolov8,canny,none,0.0,False,[],44.21
pet1/pet1_transparent_embossed/IMG_7217.jpg,pet1,pet1_transparent_embossed,ric1-v5,canny,none,0.0,False,[],40.78
pet1/pet1_transparent_embossed/IMG_7217.jpg,pet1,pet1_transparent_embossed,ric5-v1,canny,none,0.0,False,[],42.43
pet1/pet1_transparent_embossed/IMG_7217.jpg,pet1,pet1_transparent_embossed,ric1-ric5-v6,canny,none,0.0,False,[],41.99
pet1/pet1_transparent_embossed/IMG_7217.jpg,pet1,pet1_transparent_embossed,yolov8,clahe_canny,none,0.0,False,[],43.93
pet1/pet1_transparent_embossed/IMG_7217.jpg,pet1,pet1_transparent_embossed,ric1-v5,clahe_canny,none,0.0,False,[],42.66
pet1/pet1_transparent_embossed/IMG_7217.jpg,pet1,pet1_transparent_embossed,ric5-v1,clahe_canny,none,0.0,False,[],46.84
pet1/pet1_transparent_embossed/IMG_7217.jpg,pet1,pet1_transparent_embossed,ric1-ric5-v6,clahe_canny,none,0.0,False,[],42.23
pet1/pet1_transparent_embossed/IMG_7218.jpg,pet1,pet1_transparent_embossed,yolov8,baseline,none,0.0,False,[],46.92
pet1/pet1_transparent_embossed/IMG_7218.jpg,pet1,pet1_transparent_embossed,ric1-v5,baseline,none,0.0,False,[],44.47
pet1/pet1_transparent_embossed/IMG_7218.jpg,pet1,pet1_transparent_embossed,ric5-v1,baseline,pp5,0.4742,False,"[{""label"": ""pp5"", ""confidence"": 0.47417762875556946, ""bbox"": [70, 58, 91, 78]}]",41.96
pet1/pet1_transparent_embossed/IMG_7218.jpg,pet1,pet1_transparent_embossed,ric1-ric5-v6,baseline,none,0.0,False,[],42.76
pet1/pet1_transparent_embossed/IMG_7218.jpg,pet1,pet1_transparent_embossed,yolov8,clahe,none,0.0,False,[],44.49
pet1/pet1_transparent_embossed/IMG_7218.jpg,pet1,pet1_transparent_embossed,ric1-v5,clahe,pet1,0.5212,True,"[{""label"": ""pet1"", ""confidence"": 0.5211884379386902, ""bbox"": [97, 66, 133, 89]}, {""label"": ""pet1"", ""confidence"": 0.3478544056415558, ""bbox"": [76, 172, 93, 200]}]",44.1
pet1/pet1_transparent_embossed/IMG_7218.jpg,pet1,pet1_transparent_embossed,ric5-v1,clahe,none,0.0,False,[],41.95
pet1/pet1_transparent_embossed/IMG_7218.jpg,pet1,pet1_transparent_embossed,ric1-ric5-v6,clahe,none,0.0,False,[],42.8
pet1/pet1_transparent_embossed/IMG_7218.jpg,pet1,pet1_transparent_embossed,yolov8,canny,none,0.0,False,[],43.85
pet1/pet1_transparent_embossed/IMG_7218.jpg,pet1,pet1_transparent_embossed,ric1-v5,canny,none,0.0,False,[],42.4
pet1/pet1_transparent_embossed/IMG_7218.jpg,pet1,pet1_transparent_embossed,ric5-v1,canny,pp5,0.3403,False,"[{""label"": ""pp5"", ""confidence"": 0.3402775824069977, ""bbox"": [62, 171, 94, 213]}]",43.01
pet1/pet1_transparent_embossed/IMG_7218.jpg,pet1,pet1_transparent_embossed,ric1-ric5-v6,canny,none,0.0,False,[],42.58
pet1/pet1_transparent_embossed/IMG_7218.jpg,pet1,pet1_transparent_embossed,yolov8,clahe_canny,none,0.0,False,[],45.64
pet1/pet1_transparent_embossed/IMG_7218.jpg,pet1,pet1_transparent_embossed,ric1-v5,clahe_canny,none,0.0,False,[],41.83
pet1/pet1_transparent_embossed/IMG_7218.jpg,pet1,pet1_transparent_embossed,ric5-v1,clahe_canny,none,0.0,False,[],41.53
pet1/pet1_transparent_embossed/IMG_7218.jpg,pet1,pet1_transparent_embossed,ric1-ric5-v6,clahe_canny,none,0.0,False,[],42.68
pet1/pet1_transparent_embossed/IMG_7220.jpg,pet1,pet1_transparent_embossed,yolov8,baseline,none,0.0,False,[],43.52
pet1/pet1_transparent_embossed/IMG_7220.jpg,pet1,pet1_transparent_embossed,ric1-v5,baseline,none,0.0,False,[],42.53
pet1/pet1_transparent_embossed/IMG_7220.jpg,pet1,pet1_transparent_embossed,ric5-v1,baseline,pp5,0.294,False,"[{""label"": ""pp5"", ""confidence"": 0.29395413398742676, ""bbox"": [152, 165, 173, 180]}]",42.35
pet1/pet1_transparent_embossed/IMG_7220.jpg,pet1,pet1_transparent_embossed,ric1-ric5-v6,baseline,none,0.0,False,[],41.99
pet1/pet1_transparent_embossed/IMG_7220.jpg,pet1,pet1_transparent_embossed,yolov8,clahe,none,0.0,False,[],48.2
pet1/pet1_transparent_embossed/IMG_7220.jpg,pet1,pet1_transparent_embossed,ric1-v5,clahe,none,0.0,False,[],44.31
pet1/pet1_transparent_embossed/IMG_7220.jpg,pet1,pet1_transparent_embossed,ric5-v1,clahe,none,0.0,False,[],46.91
pet1/pet1_transparent_embossed/IMG_7220.jpg,pet1,pet1_transparent_embossed,ric1-ric5-v6,clahe,none,0.0,False,[],50.51
pet1/pet1_transparent_embossed/IMG_7220.jpg,pet1,pet1_transparent_embossed,yolov8,canny,bench,0.5263,False,"[{""label"": ""bench"", ""confidence"": 0.5262714624404907, ""bbox"": [0, 106, 209, 223]}]",43.4
pet1/pet1_transparent_embossed/IMG_7220.jpg,pet1,pet1_transparent_embossed,ric1-v5,canny,none,0.0,False,[],40.28
pet1/pet1_transparent_embossed/IMG_7220.jpg,pet1,pet1_transparent_embossed,ric5-v1,canny,pp5,0.5945,False,"[{""label"": ""pp5"", ""confidence"": 0.5945090055465698, ""bbox"": [37, 155, 78, 212]}, {""label"": ""pp5"", ""confidence"": 0.5673763155937195, ""bbox"": [37, 174, 74, 213]}, {""label"": ""pp5"", ""confidence"": 0.3835512399673462, ""bbox"": [35, 149, 91, 212]}]",42.42
pet1/pet1_transparent_embossed/IMG_7220.jpg,pet1,pet1_transparent_embossed,ric1-ric5-v6,canny,none,0.0,False,[],42.2
pet1/pet1_transparent_embossed/IMG_7220.jpg,pet1,pet1_transparent_embossed,yolov8,clahe_canny,none,0.0,False,[],43.89
pet1/pet1_transparent_embossed/IMG_7220.jpg,pet1,pet1_transparent_embossed,ric1-v5,clahe_canny,none,0.0,False,[],41.74
pet1/pet1_transparent_embossed/IMG_7220.jpg,pet1,pet1_transparent_embossed,ric5-v1,clahe_canny,none,0.0,False,[],42.86
pet1/pet1_transparent_embossed/IMG_7220.jpg,pet1,pet1_transparent_embossed,ric1-ric5-v6,clahe_canny,none,0.0,False,[],40.74
pet1/pet1_transparent_embossed/IMG_7222.jpg,pet1,pet1_transparent_embossed,yolov8,baseline,none,0.0,False,[],43.91
pet1/pet1_transparent_embossed/IMG_7222.jpg,pet1,pet1_transparent_embossed,ric1-v5,baseline,none,0.0,False,[],41.6
pet1/pet1_transparent_embossed/IMG_7222.jpg,pet1,pet1_transparent_embossed,ric5-v1,baseline,none,0.0,False,[],42.74
pet1/pet1_transparent_embossed/IMG_7222.jpg,pet1,pet1_transparent_embossed,ric1-ric5-v6,baseline,none,0.0,False,[],41.65
pet1/pet1_transparent_embossed/IMG_7222.jpg,pet1,pet1_transparent_embossed,yolov8,clahe,vase,0.2603,False,"[{""label"": ""vase"", ""confidence"": 0.26031115651130676, ""bbox"": [48, 25, 177, 139]}]",44.43
pet1/pet1_transparent_embossed/IMG_7222.jpg,pet1,pet1_transparent_embossed,ric1-v5,clahe,pet1,0.5623,True,"[{""label"": ""pet1"", ""confidence"": 0.5622960329055786, ""bbox"": [122, 171, 145, 197]}]",42.0
pet1/pet1_transparent_embossed/IMG_7222.jpg,pet1,pet1_transparent_embossed,ric5-v1,clahe,none,0.0,False,[],41.62
pet1/pet1_transparent_embossed/IMG_7222.jpg,pet1,pet1_transparent_embossed,ric1-ric5-v6,clahe,none,0.0,False,[],41.23
pet1/pet1_transparent_embossed/IMG_7222.jpg,pet1,pet1_transparent_embossed,yolov8,canny,none,0.0,False,[],42.41
pet1/pet1_transparent_embossed/IMG_7222.jpg,pet1,pet1_transparent_embossed,ric1-v5,canny,none,0.0,False,[],41.5
pet1/pet1_transparent_embossed/IMG_7222.jpg,pet1,pet1_transparent_embossed,ric5-v1,canny,pp5,0.6329,False,"[{""label"": ""pp5"", ""confidence"": 0.6329144239425659, ""bbox"": [179, 200, 224, 223]}, {""label"": ""pp5"", ""confidence"": 0.37993940711021423, ""bbox"": [163, 199, 224, 223]}]",48.03
pet1/pet1_transparent_embossed/IMG_7222.jpg,pet1,pet1_transparent_embossed,ric1-ric5-v6,canny,pp5,0.459,False,"[{""label"": ""pp5"", ""confidence"": 0.45902276039123535, ""bbox"": [199, 200, 223, 223]}]",47.44
pet1/pet1_transparent_embossed/IMG_7222.jpg,pet1,pet1_transparent_embossed,yolov8,clahe_canny,none,0.0,False,[],47.19
pet1/pet1_transparent_embossed/IMG_7222.jpg,pet1,pet1_transparent_embossed,ric1-v5,clahe_canny,none,0.0,False,[],45.59
pet1/pet1_transparent_embossed/IMG_7222.jpg,pet1,pet1_transparent_embossed,ric5-v1,clahe_canny,pp5,0.6763,False,"[{""label"": ""pp5"", ""confidence"": 0.676303505897522, ""bbox"": [179, 200, 224, 223]}, {""label"": ""pp5"", ""confidence"": 0.5494908690452576, ""bbox"": [162, 199, 224, 223]}]",43.83
pet1/pet1_transparent_embossed/IMG_7222.jpg,pet1,pet1_transparent_embossed,ric1-ric5-v6,clahe_canny,none,0.0,False,[],42.54
pet1/pet1_transparent_embossed/IMG_7224.jpg,pet1,pet1_transparent_embossed,yolov8,baseline,none,0.0,False,[],44.26
pet1/pet1_transparent_embossed/IMG_7224.jpg,pet1,pet1_transparent_embossed,ric1-v5,baseline,none,0.0,False,[],41.07
pet1/pet1_transparent_embossed/IMG_7224.jpg,pet1,pet1_transparent_embossed,ric5-v1,baseline,none,0.0,False,[],41.42
pet1/pet1_transparent_embossed/IMG_7224.jpg,pet1,pet1_transparent_embossed,ric1-ric5-v6,baseline,none,0.0,False,[],42.16
pet1/pet1_transparent_embossed/IMG_7224.jpg,pet1,pet1_transparent_embossed,yolov8,clahe,none,0.0,False,[],43.86
pet1/pet1_transparent_embossed/IMG_7224.jpg,pet1,pet1_transparent_embossed,ric1-v5,clahe,none,0.0,False,[],41.78
pet1/pet1_transparent_embossed/IMG_7224.jpg,pet1,pet1_transparent_embossed,ric5-v1,clahe,none,0.0,False,[],40.9
pet1/pet1_transparent_embossed/IMG_7224.jpg,pet1,pet1_transparent_embossed,ric1-ric5-v6,clahe,none,0.0,False,[],41.5
pet1/pet1_transparent_embossed/IMG_7224.jpg,pet1,pet1_transparent_embossed,yolov8,canny,none,0.0,False,[],45.22
pet1/pet1_transparent_embossed/IMG_7224.jpg,pet1,pet1_transparent_embossed,ric1-v5,canny,none,0.0,False,[],43.28
pet1/pet1_transparent_embossed/IMG_7224.jpg,pet1,pet1_transparent_embossed,ric5-v1,canny,none,0.0,False,[],43.39
pet1/pet1_transparent_embossed/IMG_7224.jpg,pet1,pet1_transparent_embossed,ric1-ric5-v6,canny,none,0.0,False,[],41.09
pet1/pet1_transparent_embossed/IMG_7224.jpg,pet1,pet1_transparent_embossed,yolov8,clahe_canny,none,0.0,False,[],43.84
pet1/pet1_transparent_embossed/IMG_7224.jpg,pet1,pet1_transparent_embossed,ric1-v5,clahe_canny,none,0.0,False,[],42.75
pet1/pet1_transparent_embossed/IMG_7224.jpg,pet1,pet1_transparent_embossed,ric5-v1,clahe_canny,none,0.0,False,[],41.68
pet1/pet1_transparent_embossed/IMG_7224.jpg,pet1,pet1_transparent_embossed,ric1-ric5-v6,clahe_canny,none,0.0,False,[],41.77
pet1/pet1_transparent_embossed/IMG_7249.jpg,pet1,pet1_transparent_embossed,yolov8,baseline,none,0.0,False,[],48.07
pet1/pet1_transparent_embossed/IMG_7249.jpg,pet1,pet1_transparent_embossed,ric1-v5,baseline,none,0.0,False,[],43.65
pet1/pet1_transparent_embossed/IMG_7249.jpg,pet1,pet1_transparent_embossed,ric5-v1,baseline,none,0.0,False,[],44.61
pet1/pet1_transparent_embossed/IMG_7249.jpg,pet1,pet1_transparent_embossed,ric1-ric5-v6,baseline,none,0.0,False,[],45.22
pet1/pet1_transparent_embossed/IMG_7249.jpg,pet1,pet1_transparent_embossed,yolov8,clahe,none,0.0,False,[],45.02
pet1/pet1_transparent_embossed/IMG_7249.jpg,pet1,pet1_transparent_embossed,ric1-v5,clahe,pet1,0.6075,True,"[{""label"": ""pet1"", ""confidence"": 0.6075118780136108, ""bbox"": [34, 39, 63, 67]}, {""label"": ""pet1"", ""confidence"": 0.4225453734397888, ""bbox"": [0, 203, 16, 222]}]",41.73
pet1/pet1_transparent_embossed/IMG_7249.jpg,pet1,pet1_transparent_embossed,ric5-v1,clahe,none,0.0,False,[],41.55
pet1/pet1_transparent_embossed/IMG_7249.jpg,pet1,pet1_transparent_embossed,ric1-ric5-v6,clahe,none,0.0,False,[],42.0
pet1/pet1_transparent_embossed/IMG_7249.jpg,pet1,pet1_transparent_embossed,yolov8,canny,none,0.0,False,[],44.01
pet1/pet1_transparent_embossed/IMG_7249.jpg,pet1,pet1_transparent_embossed,ric1-v5,canny,pet1,0.7168,True,"[{""label"": ""pet1"", ""confidence"": 0.7168334126472473, ""bbox"": [29, 35, 65, 70]}]",42.25
pet1/pet1_transparent_embossed/IMG_7249.jpg,pet1,pet1_transparent_embossed,ric5-v1,canny,pp5,0.8738,False,"[{""label"": ""pp5"", ""confidence"": 0.8737751245498657, ""bbox"": [30, 36, 63, 69]}]",42.19
pet1/pet1_transparent_embossed/IMG_7249.jpg,pet1,pet1_transparent_embossed,ric1-ric5-v6,canny,none,0.0,False,[],42.14
pet1/pet1_transparent_embossed/IMG_7249.jpg,pet1,pet1_transparent_embossed,yolov8,clahe_canny,none,0.0,False,[],43.15
pet1/pet1_transparent_embossed/IMG_7249.jpg,pet1,pet1_transparent_embossed,ric1-v5,clahe_canny,pet1,0.3482,True,"[{""label"": ""pet1"", ""confidence"": 0.34821152687072754, ""bbox"": [178, 0, 210, 29]}]",42.41
pet1/pet1_transparent_embossed/IMG_7249.jpg,pet1,pet1_transparent_embossed,ric5-v1,clahe_canny,pp5,0.6825,False,"[{""label"": ""pp5"", ""confidence"": 0.6824948787689209, ""bbox"": [56, 150, 93, 186]}, {""label"": ""pp5"", ""confidence"": 0.6633726358413696, ""bbox"": [56, 149, 92, 200]}]",43.33
pet1/pet1_transparent_embossed/IMG_7249.jpg,pet1,pet1_transparent_embossed,ric1-ric5-v6,clahe_canny,none,0.0,False,[],42.48
pet1/pet1_transparent_embossed/JQYE2561.jpg,pet1,pet1_transparent_embossed,yolov8,baseline,none,0.0,False,[],42.68
pet1/pet1_transparent_embossed/JQYE2561.jpg,pet1,pet1_transparent_embossed,ric1-v5,baseline,none,0.0,False,[],42.41
pet1/pet1_transparent_embossed/JQYE2561.jpg,pet1,pet1_transparent_embossed,ric5-v1,baseline,none,0.0,False,[],42.2
pet1/pet1_transparent_embossed/JQYE2561.jpg,pet1,pet1_transparent_embossed,ric1-ric5-v6,baseline,none,0.0,False,[],41.39
pet1/pet1_transparent_embossed/JQYE2561.jpg,pet1,pet1_transparent_embossed,yolov8,clahe,none,0.0,False,[],42.72
pet1/pet1_transparent_embossed/JQYE2561.jpg,pet1,pet1_transparent_embossed,ric1-v5,clahe,none,0.0,False,[],43.52
pet1/pet1_transparent_embossed/JQYE2561.jpg,pet1,pet1_transparent_embossed,ric5-v1,clahe,none,0.0,False,[],46.01
pet1/pet1_transparent_embossed/JQYE2561.jpg,pet1,pet1_transparent_embossed,ric1-ric5-v6,clahe,none,0.0,False,[],43.65
pet1/pet1_transparent_embossed/JQYE2561.jpg,pet1,pet1_transparent_embossed,yolov8,canny,none,0.0,False,[],47.13
pet1/pet1_transparent_embossed/JQYE2561.jpg,pet1,pet1_transparent_embossed,ric1-v5,canny,none,0.0,False,[],42.83
pet1/pet1_transparent_embossed/JQYE2561.jpg,pet1,pet1_transparent_embossed,ric5-v1,canny,none,0.0,False,[],45.36
pet1/pet1_transparent_embossed/JQYE2561.jpg,pet1,pet1_transparent_embossed,ric1-ric5-v6,canny,none,0.0,False,[],41.32
pet1/pet1_transparent_embossed/JQYE2561.jpg,pet1,pet1_transparent_embossed,yolov8,clahe_canny,none,0.0,False,[],43.64
pet1/pet1_transparent_embossed/JQYE2561.jpg,pet1,pet1_transparent_embossed,ric1-v5,clahe_canny,none,0.0,False,[],41.71
pet1/pet1_transparent_embossed/JQYE2561.jpg,pet1,pet1_transparent_embossed,ric5-v1,clahe_canny,none,0.0,False,[],41.64
pet1/pet1_transparent_embossed/JQYE2561.jpg,pet1,pet1_transparent_embossed,ric1-ric5-v6,clahe_canny,none,0.0,False,[],41.11
pet1/pet1_transparent_embossed/KIYA8573.jpg,pet1,pet1_transparent_embossed,yolov8,baseline,none,0.0,False,[],44.08
pet1/pet1_transparent_embossed/KIYA8573.jpg,pet1,pet1_transparent_embossed,ric1-v5,baseline,none,0.0,False,[],42.08
pet1/pet1_transparent_embossed/KIYA8573.jpg,pet1,pet1_transparent_embossed,ric5-v1,baseline,pp5,0.5668,False,"[{""label"": ""pp5"", ""confidence"": 0.5667604804039001, ""bbox"": [134, 73, 149, 84]}]",42.34
pet1/pet1_transparent_embossed/KIYA8573.jpg,pet1,pet1_transparent_embossed,ric1-ric5-v6,baseline,none,0.0,False,[],41.2
pet1/pet1_transparent_embossed/KIYA8573.jpg,pet1,pet1_transparent_embossed,yolov8,clahe,none,0.0,False,[],43.19
pet1/pet1_transparent_embossed/KIYA8573.jpg,pet1,pet1_transparent_embossed,ric1-v5,clahe,pet1,0.3939,True,"[{""label"": ""pet1"", ""confidence"": 0.3939161002635956, ""bbox"": [0, 48, 46, 102]}]",42.95
pet1/pet1_transparent_embossed/KIYA8573.jpg,pet1,pet1_transparent_embossed,ric5-v1,clahe,pp5,0.4042,False,"[{""label"": ""pp5"", ""confidence"": 0.40417665243148804, ""bbox"": [156, 204, 173, 218]}]",42.55
pet1/pet1_transparent_embossed/KIYA8573.jpg,pet1,pet1_transparent_embossed,ric1-ric5-v6,clahe,none,0.0,False,[],40.76
pet1/pet1_transparent_embossed/KIYA8573.jpg,pet1,pet1_transparent_embossed,yolov8,canny,none,0.0,False,[],43.29
pet1/pet1_transparent_embossed/KIYA8573.jpg,pet1,pet1_transparent_embossed,ric1-v5,canny,pet1,0.6518,True,"[{""label"": ""pet1"", ""confidence"": 0.6518232822418213, ""bbox"": [141, 84, 184, 131]}, {""label"": ""pet1"", ""confidence"": 0.3061264157295227, ""bbox"": [0, 48, 50, 102]}]",42.81
pet1/pet1_transparent_embossed/KIYA8573.jpg,pet1,pet1_transparent_embossed,ric5-v1,canny,pp5,0.6117,False,"[{""label"": ""pp5"", ""confidence"": 0.6117160320281982, ""bbox"": [158, 121, 196, 153]}, {""label"": ""pp5"", ""confidence"": 0.4061519205570221, ""bbox"": [147, 116, 197, 154]}, {""label"": ""pp5"", ""confidence"": 0.3560594618320465, ""bbox"": [154, 102, 197, 154]}, {""label"": ""pp5"", ""confidence"": 0.3539547026157379, ""bbox"": [1, 63, 42, 103]}]",41.92
pet1/pet1_transparent_embossed/KIYA8573.jpg,pet1,pet1_transparent_embossed,ric1-ric5-v6,canny,none,0.0,False,[],40.65
pet1/pet1_transparent_embossed/KIYA8573.jpg,pet1,pet1_transparent_embossed,yolov8,clahe_canny,none,0.0,False,[],45.02
pet1/pet1_transparent_embossed/KIYA8573.jpg,pet1,pet1_transparent_embossed,ric1-v5,clahe_canny,none,0.0,False,[],46.07
pet1/pet1_transparent_embossed/KIYA8573.jpg,pet1,pet1_transparent_embossed,ric5-v1,clahe_canny,none,0.0,False,[],44.82
pet1/pet1_transparent_embossed/KIYA8573.jpg,pet1,pet1_transparent_embossed,ric1-ric5-v6,clahe_canny,none,0.0,False,[],46.83
pet1/pet1test_1.JPG,pet1,pet1,yolov8,baseline,clock,0.3719,False,"[{""label"": ""clock"", ""confidence"": 0.37194493412971497, ""bbox"": [12, 7, 3011, 3888]}]",34.02
pet1/pet1test_1.JPG,pet1,pet1,ric1-v5,baseline,pet1,0.5165,True,"[{""label"": ""pet1"", ""confidence"": 0.5165313482284546, ""bbox"": [1145, 2065, 1570, 2615]}]",34.67
pet1/pet1test_1.JPG,pet1,pet1,ric5-v1,baseline,pp5,0.7516,False,"[{""label"": ""pp5"", ""confidence"": 0.7516166567802429, ""bbox"": [970, 610, 1300, 834]}, {""label"": ""pp5"", ""confidence"": 0.35547780990600586, ""bbox"": [1233, 2011, 1527, 2625]}]",31.39
pet1/pet1test_1.JPG,pet1,pet1,ric1-ric5-v6,baseline,pet1,0.44,True,"[{""label"": ""pet1"", ""confidence"": 0.4400239586830139, ""bbox"": [1225, 2077, 1581, 2609]}]",29.88
pet1/pet1test_1.JPG,pet1,pet1,yolov8,clahe,clock,0.3143,False,"[{""label"": ""clock"", ""confidence"": 0.31425726413726807, ""bbox"": [9, 31, 2496, 2861]}]",32.65
pet1/pet1test_1.JPG,pet1,pet1,ric1-v5,clahe,pet1,0.3433,True,"[{""label"": ""pet1"", ""confidence"": 0.3433079123497009, ""bbox"": [1143, 2031, 1609, 2618]}]",29.14
pet1/pet1test_1.JPG,pet1,pet1,ric5-v1,clahe,pp5,0.3216,False,"[{""label"": ""pp5"", ""confidence"": 0.3216223418712616, ""bbox"": [964, 616, 1313, 839]}, {""label"": ""pp5"", ""confidence"": 0.28991997241973877, ""bbox"": [1223, 1921, 1528, 2634]}]",30.58
pet1/pet1test_1.JPG,pet1,pet1,ric1-ric5-v6,clahe,pet1,0.7515,True,"[{""label"": ""pet1"", ""confidence"": 0.7514572143554688, ""bbox"": [1208, 2066, 1560, 2590]}]",30.83
pet1/pet1test_1.JPG,pet1,pet1,yolov8,canny,none,0.0,False,[],32.62
pet1/pet1test_1.JPG,pet1,pet1,ric1-v5,canny,pet1,0.7497,True,"[{""label"": ""pet1"", ""confidence"": 0.7496932744979858, ""bbox"": [1163, 2074, 1524, 2537]}]",29.68
pet1/pet1test_1.JPG,pet1,pet1,ric5-v1,canny,pp5,0.8036,False,"[{""label"": ""pp5"", ""confidence"": 0.8035722374916077, ""bbox"": [1237, 2072, 1561, 2570]}]",29.83
pet1/pet1test_1.JPG,pet1,pet1,ric1-ric5-v6,canny,pet1,0.7815,True,"[{""label"": ""pet1"", ""confidence"": 0.7815274000167847, ""bbox"": [1144, 2071, 1551, 2570]}]",29.54
pet1/pet1test_1.JPG,pet1,pet1,yolov8,clahe_canny,none,0.0,False,[],33.18
pet1/pet1test_1.JPG,pet1,pet1,ric1-v5,clahe_canny,pet1,0.5428,True,"[{""label"": ""pet1"", ""confidence"": 0.5428419709205627, ""bbox"": [1147, 1992, 1569, 2575]}, {""label"": ""pet1"", ""confidence"": 0.29251885414123535, ""bbox"": [1052, 1444, 1416, 1780]}]",30.86
pet1/pet1test_1.JPG,pet1,pet1,ric5-v1,clahe_canny,pp5,0.797,False,"[{""label"": ""pp5"", ""confidence"": 0.7969706654548645, ""bbox"": [1176, 1994, 1565, 2596]}]",32.78
pet1/pet1test_1.JPG,pet1,pet1,ric1-ric5-v6,clahe_canny,pp5,0.709,False,"[{""label"": ""pp5"", ""confidence"": 0.7089510560035706, ""bbox"": [1208, 2027, 1570, 2590]}]",36.1
pp5/pp5_not_transluent_embossed/EEIS5865.jpg,pp5,pp5_not_transluent_embossed,yolov8,baseline,none,0.0,False,[],45.91
pp5/pp5_not_transluent_embossed/EEIS5865.jpg,pp5,pp5_not_transluent_embossed,ric1-v5,baseline,none,0.0,False,[],44.99
pp5/pp5_not_transluent_embossed/EEIS5865.jpg,pp5,pp5_not_transluent_embossed,ric5-v1,baseline,none,0.0,False,[],46.5
pp5/pp5_not_transluent_embossed/EEIS5865.jpg,pp5,pp5_not_transluent_embossed,ric1-ric5-v6,baseline,none,0.0,False,[],51.55
pp5/pp5_not_transluent_embossed/EEIS5865.jpg,pp5,pp5_not_transluent_embossed,yolov8,clahe,none,0.0,False,[],47.64
pp5/pp5_not_transluent_embossed/EEIS5865.jpg,pp5,pp5_not_transluent_embossed,ric1-v5,clahe,pet1,0.5296,False,"[{""label"": ""pet1"", ""confidence"": 0.5295500755310059, ""bbox"": [91, 3, 139, 40]}]",41.21
pp5/pp5_not_transluent_embossed/EEIS5865.jpg,pp5,pp5_not_transluent_embossed,ric5-v1,clahe,none,0.0,False,[],41.99
pp5/pp5_not_transluent_embossed/EEIS5865.jpg,pp5,pp5_not_transluent_embossed,ric1-ric5-v6,clahe,pp5,0.2841,True,"[{""label"": ""pp5"", ""confidence"": 0.28407150506973267, ""bbox"": [94, 0, 139, 43]}]",41.55
pp5/pp5_not_transluent_embossed/EEIS5865.jpg,pp5,pp5_not_transluent_embossed,yolov8,canny,none,0.0,False,[],42.62
pp5/pp5_not_transluent_embossed/EEIS5865.jpg,pp5,pp5_not_transluent_embossed,ric1-v5,canny,none,0.0,False,[],40.33
pp5/pp5_not_transluent_embossed/EEIS5865.jpg,pp5,pp5_not_transluent_embossed,ric5-v1,canny,none,0.0,False,[],42.41
pp5/pp5_not_transluent_embossed/EEIS5865.jpg,pp5,pp5_not_transluent_embossed,ric1-ric5-v6,canny,none,0.0,False,[],41.8
pp5/pp5_not_transluent_embossed/EEIS5865.jpg,pp5,pp5_not_transluent_embossed,yolov8,clahe_canny,none,0.0,False,[],43.23
pp5/pp5_not_transluent_embossed/EEIS5865.jpg,pp5,pp5_not_transluent_embossed,ric1-v5,clahe_canny,pet1,0.6397,False,"[{""label"": ""pet1"", ""confidence"": 0.6396742463111877, ""bbox"": [195, 0, 223, 25]}]",42.31
pp5/pp5_not_transluent_embossed/EEIS5865.jpg,pp5,pp5_not_transluent_embossed,ric5-v1,clahe_canny,none,0.0,False,[],42.61
pp5/pp5_not_transluent_embossed/EEIS5865.jpg,pp5,pp5_not_transluent_embossed,ric1-ric5-v6,clahe_canny,none,0.0,False,[],42.53
pp5/pp5_not_transluent_embossed/GPTS7579.jpg,pp5,pp5_not_transluent_embossed,yolov8,baseline,none,0.0,False,[],43.34
pp5/pp5_not_transluent_embossed/GPTS7579.jpg,pp5,pp5_not_transluent_embossed,ric1-v5,baseline,none,0.0,False,[],41.73
pp5/pp5_not_transluent_embossed/GPTS7579.jpg,pp5,pp5_not_transluent_embossed,ric5-v1,baseline,none,0.0,False,[],41.11
pp5/pp5_not_transluent_embossed/GPTS7579.jpg,pp5,pp5_not_transluent_embossed,ric1-ric5-v6,baseline,none,0.0,False,[],40.98
pp5/pp5_not_transluent_embossed/GPTS7579.jpg,pp5,pp5_not_transluent_embossed,yolov8,clahe,none,0.0,False,[],44.14
pp5/pp5_not_transluent_embossed/GPTS7579.jpg,pp5,pp5_not_transluent_embossed,ric1-v5,clahe,pet1,0.3847,False,"[{""label"": ""pet1"", ""confidence"": 0.38468167185783386, ""bbox"": [71, 152, 94, 174]}]",68.92
pp5/pp5_not_transluent_embossed/GPTS7579.jpg,pp5,pp5_not_transluent_embossed,ric5-v1,clahe,none,0.0,False,[],46.36
pp5/pp5_not_transluent_embossed/GPTS7579.jpg,pp5,pp5_not_transluent_embossed,ric1-ric5-v6,clahe,none,0.0,False,[],42.27
pp5/pp5_not_transluent_embossed/GPTS7579.jpg,pp5,pp5_not_transluent_embossed,yolov8,canny,none,0.0,False,[],45.81
pp5/pp5_not_transluent_embossed/GPTS7579.jpg,pp5,pp5_not_transluent_embossed,ric1-v5,canny,none,0.0,False,[],47.5
pp5/pp5_not_transluent_embossed/GPTS7579.jpg,pp5,pp5_not_transluent_embossed,ric5-v1,canny,none,0.0,False,[],41.29
pp5/pp5_not_transluent_embossed/GPTS7579.jpg,pp5,pp5_not_transluent_embossed,ric1-ric5-v6,canny,none,0.0,False,[],42.69
pp5/pp5_not_transluent_embossed/GPTS7579.jpg,pp5,pp5_not_transluent_embossed,yolov8,clahe_canny,none,0.0,False,[],43.82
pp5/pp5_not_transluent_embossed/GPTS7579.jpg,pp5,pp5_not_transluent_embossed,ric1-v5,clahe_canny,none,0.0,False,[],40.74
pp5/pp5_not_transluent_embossed/GPTS7579.jpg,pp5,pp5_not_transluent_embossed,ric5-v1,clahe_canny,pp5,0.5162,True,"[{""label"": ""pp5"", ""confidence"": 0.5162410140037537, ""bbox"": [60, 125, 124, 189]}]",41.57
pp5/pp5_not_transluent_embossed/GPTS7579.jpg,pp5,pp5_not_transluent_embossed,ric1-ric5-v6,clahe_canny,none,0.0,False,[],42.25
pp5/pp5_not_transluent_embossed/IMG_6253.jpg,pp5,pp5_not_transluent_embossed,yolov8,baseline,none,0.0,False,[],43.69
pp5/pp5_not_transluent_embossed/IMG_6253.jpg,pp5,pp5_not_transluent_embossed,ric1-v5,baseline,none,0.0,False,[],42.08
pp5/pp5_not_transluent_embossed/IMG_6253.jpg,pp5,pp5_not_transluent_embossed,ric5-v1,baseline,none,0.0,False,[],42.49
pp5/pp5_not_transluent_embossed/IMG_6253.jpg,pp5,pp5_not_transluent_embossed,ric1-ric5-v6,baseline,none,0.0,False,[],41.28
pp5/pp5_not_transluent_embossed/IMG_6253.jpg,pp5,pp5_not_transluent_embossed,yolov8,clahe,none,0.0,False,[],43.94
pp5/pp5_not_transluent_embossed/IMG_6253.jpg,pp5,pp5_not_transluent_embossed,ric1-v5,clahe,none,0.0,False,[],41.15
pp5/pp5_not_transluent_embossed/IMG_6253.jpg,pp5,pp5_not_transluent_embossed,ric5-v1,clahe,none,0.0,False,[],40.2
pp5/pp5_not_transluent_embossed/IMG_6253.jpg,pp5,pp5_not_transluent_embossed,ric1-ric5-v6,clahe,none,0.0,False,[],40.82
pp5/pp5_not_transluent_embossed/IMG_6253.jpg,pp5,pp5_not_transluent_embossed,yolov8,canny,person,0.2768,False,"[{""label"": ""person"", ""confidence"": 0.2767721116542816, ""bbox"": [129, 83, 142, 116]}]",43.84
pp5/pp5_not_transluent_embossed/IMG_6253.jpg,pp5,pp5_not_transluent_embossed,ric1-v5,canny,none,0.0,False,[],41.77
pp5/pp5_not_transluent_embossed/IMG_6253.jpg,pp5,pp5_not_transluent_embossed,ric5-v1,canny,none,0.0,False,[],41.56
pp5/pp5_not_transluent_embossed/IMG_6253.jpg,pp5,pp5_not_transluent_embossed,ric1-ric5-v6,canny,none,0.0,False,[],41.46
pp5/pp5_not_transluent_embossed/IMG_6253.jpg,pp5,pp5_not_transluent_embossed,yolov8,clahe_canny,none,0.0,False,[],43.63
pp5/pp5_not_transluent_embossed/IMG_6253.jpg,pp5,pp5_not_transluent_embossed,ric1-v5,clahe_canny,none,0.0,False,[],43.88
pp5/pp5_not_transluent_embossed/IMG_6253.jpg,pp5,pp5_not_transluent_embossed,ric5-v1,clahe_canny,pp5,0.7241,True,"[{""label"": ""pp5"", ""confidence"": 0.72408127784729, ""bbox"": [81, 38, 134, 94]}]",44.73
pp5/pp5_not_transluent_embossed/IMG_6253.jpg,pp5,pp5_not_transluent_embossed,ric1-ric5-v6,clahe_canny,none,0.0,False,[],45.22
pp5/pp5_not_transluent_embossed/IMG_6256.jpg,pp5,pp5_not_transluent_embossed,yolov8,baseline,none,0.0,False,[],46.55
pp5/pp5_not_transluent_embossed/IMG_6256.jpg,pp5,pp5_not_transluent_embossed,ric1-v5,baseline,none,0.0,False,[],42.64
pp5/pp5_not_transluent_embossed/IMG_6256.jpg,pp5,pp5_not_transluent_embossed,ric5-v1,baseline,none,0.0,False,[],41.91
pp5/pp5_not_transluent_embossed/IMG_6256.jpg,pp5,pp5_not_transluent_embossed,ric1-ric5-v6,baseline,none,0.0,False,[],42.12
pp5/pp5_not_transluent_embossed/IMG_6256.jpg,pp5,pp5_not_transluent_embossed,yolov8,clahe,none,0.0,False,[],44.28
pp5/pp5_not_transluent_embossed/IMG_6256.jpg,pp5,pp5_not_transluent_embossed,ric1-v5,clahe,none,0.0,False,[],41.08
pp5/pp5_not_transluent_embossed/IMG_6256.jpg,pp5,pp5_not_transluent_embossed,ric5-v1,clahe,none,0.0,False,[],41.1
pp5/pp5_not_transluent_embossed/IMG_6256.jpg,pp5,pp5_not_transluent_embossed,ric1-ric5-v6,clahe,none,0.0,False,[],40.49
pp5/pp5_not_transluent_embossed/IMG_6256.jpg,pp5,pp5_not_transluent_embossed,yolov8,canny,none,0.0,False,[],43.79
pp5/pp5_not_transluent_embossed/IMG_6256.jpg,pp5,pp5_not_transluent_embossed,ric1-v5,canny,none,0.0,False,[],42.5
pp5/pp5_not_transluent_embossed/IMG_6256.jpg,pp5,pp5_not_transluent_embossed,ric5-v1,canny,none,0.0,False,[],43.39
pp5/pp5_not_transluent_embossed/IMG_6256.jpg,pp5,pp5_not_transluent_embossed,ric1-ric5-v6,canny,none,0.0,False,[],41.3
pp5/pp5_not_transluent_embossed/IMG_6256.jpg,pp5,pp5_not_transluent_embossed,yolov8,clahe_canny,none,0.0,False,[],43.51
pp5/pp5_not_transluent_embossed/IMG_6256.jpg,pp5,pp5_not_transluent_embossed,ric1-v5,clahe_canny,none,0.0,False,[],41.59
pp5/pp5_not_transluent_embossed/IMG_6256.jpg,pp5,pp5_not_transluent_embossed,ric5-v1,clahe_canny,none,0.0,False,[],41.62
pp5/pp5_not_transluent_embossed/IMG_6256.jpg,pp5,pp5_not_transluent_embossed,ric1-ric5-v6,clahe_canny,none,0.0,False,[],42.15
pp5/pp5_not_transluent_embossed/IMG_6264.jpg,pp5,pp5_not_transluent_embossed,yolov8,baseline,none,0.0,False,[],42.91
pp5/pp5_not_transluent_embossed/IMG_6264.jpg,pp5,pp5_not_transluent_embossed,ric1-v5,baseline,none,0.0,False,[],42.13
pp5/pp5_not_transluent_embossed/IMG_6264.jpg,pp5,pp5_not_transluent_embossed,ric5-v1,baseline,none,0.0,False,[],41.77
pp5/pp5_not_transluent_embossed/IMG_6264.jpg,pp5,pp5_not_transluent_embossed,ric1-ric5-v6,baseline,none,0.0,False,[],44.53
pp5/pp5_not_transluent_embossed/IMG_6264.jpg,pp5,pp5_not_transluent_embossed,yolov8,clahe,none,0.0,False,[],43.7
pp5/pp5_not_transluent_embossed/IMG_6264.jpg,pp5,pp5_not_transluent_embossed,ric1-v5,clahe,none,0.0,False,[],44.33
pp5/pp5_not_transluent_embossed/IMG_6264.jpg,pp5,pp5_not_transluent_embossed,ric5-v1,clahe,none,0.0,False,[],45.58
pp5/pp5_not_transluent_embossed/IMG_6264.jpg,pp5,pp5_not_transluent_embossed,ric1-ric5-v6,clahe,none,0.0,False,[],42.82
pp5/pp5_not_transluent_embossed/IMG_6264.jpg,pp5,pp5_not_transluent_embossed,yolov8,canny,airplane,0.4981,False,"[{""label"": ""airplane"", ""confidence"": 0.4980638325214386, ""bbox"": [73, 88, 100, 94]}, {""label"": ""airplane"", ""confidence"": 0.4839848279953003, ""bbox"": [123, 89, 149, 95]}, {""label"": ""airplane"", ""confidence"": 0.32526564598083496, ""bbox"": [65, 49, 78, 57]}, {""label"": ""airplane"", ""confidence"": 0.3242160677909851, ""bbox"": [142, 132, 171, 139]}]",43.16
pp5/pp5_not_transluent_embossed/IMG_6264.jpg,pp5,pp5_not_transluent_embossed,ric1-v5,canny,none,0.0,False,[],41.14
pp5/pp5_not_transluent_embossed/IMG_6264.jpg,pp5,pp5_not_transluent_embossed,ric5-v1,canny,none,0.0,False,[],41.8
pp5/pp5_not_transluent_embossed/IMG_6264.jpg,pp5,pp5_not_transluent_embossed,ric1-ric5-v6,canny,none,0.0,False,[],41.45
pp5/pp5_not_transluent_embossed/IMG_6264.jpg,pp5,pp5_not_transluent_embossed,yolov8,clahe_canny,none,0.0,False,[],43.86
pp5/pp5_not_transluent_embossed/IMG_6264.jpg,pp5,pp5_not_transluent_embossed,ric1-v5,clahe_canny,none,0.0,False,[],42.65
pp5/pp5_not_transluent_embossed/IMG_6264.jpg,pp5,pp5_not_transluent_embossed,ric5-v1,clahe_canny,none,0.0,False,[],42.33
pp5/pp5_not_transluent_embossed/IMG_6264.jpg,pp5,pp5_not_transluent_embossed,ric1-ric5-v6,clahe_canny,none,0.0,False,[],41.88
pp5/pp5_not_transluent_embossed/IMG_6315.jpg,pp5,pp5_not_transluent_embossed,yolov8,baseline,none,0.0,False,[],43.46
pp5/pp5_not_transluent_embossed/IMG_6315.jpg,pp5,pp5_not_transluent_embossed,ric1-v5,baseline,none,0.0,False,[],42.05
pp5/pp5_not_transluent_embossed/IMG_6315.jpg,pp5,pp5_not_transluent_embossed,ric5-v1,baseline,none,0.0,False,[],41.28
pp5/pp5_not_transluent_embossed/IMG_6315.jpg,pp5,pp5_not_transluent_embossed,ric1-ric5-v6,baseline,none,0.0,False,[],42.71
pp5/pp5_not_transluent_embossed/IMG_6315.jpg,pp5,pp5_not_transluent_embossed,yolov8,clahe,none,0.0,False,[],44.49
pp5/pp5_not_transluent_embossed/IMG_6315.jpg,pp5,pp5_not_transluent_embossed,ric1-v5,clahe,none,0.0,False,[],42.76
pp5/pp5_not_transluent_embossed/IMG_6315.jpg,pp5,pp5_not_transluent_embossed,ric5-v1,clahe,none,0.0,False,[],41.71
pp5/pp5_not_transluent_embossed/IMG_6315.jpg,pp5,pp5_not_transluent_embossed,ric1-ric5-v6,clahe,none,0.0,False,[],42.8
pp5/pp5_not_transluent_embossed/IMG_6315.jpg,pp5,pp5_not_transluent_embossed,yolov8,canny,none,0.0,False,[],44.54
pp5/pp5_not_transluent_embossed/IMG_6315.jpg,pp5,pp5_not_transluent_embossed,ric1-v5,canny,none,0.0,False,[],50.28
pp5/pp5_not_transluent_embossed/IMG_6315.jpg,pp5,pp5_not_transluent_embossed,ric5-v1,canny,none,0.0,False,[],44.39
pp5/pp5_not_transluent_embossed/IMG_6315.jpg,pp5,pp5_not_transluent_embossed,ric1-ric5-v6,canny,pp5,0.3853,True,"[{""label"": ""pp5"", ""confidence"": 0.38532179594039917, ""bbox"": [83, 201, 134, 224]}]",44.33
pp5/pp5_not_transluent_embossed/IMG_6315.jpg,pp5,pp5_not_transluent_embossed,yolov8,clahe_canny,none,0.0,False,[],48.22
pp5/pp5_not_transluent_embossed/IMG_6315.jpg,pp5,pp5_not_transluent_embossed,ric1-v5,clahe_canny,pet1,0.58,False,"[{""label"": ""pet1"", ""confidence"": 0.5799824595451355, ""bbox"": [20, 204, 56, 223]}]",44.17
pp5/pp5_not_transluent_embossed/IMG_6315.jpg,pp5,pp5_not_transluent_embossed,ric5-v1,clahe_canny,none,0.0,False,[],42.02
pp5/pp5_not_transluent_embossed/IMG_6315.jpg,pp5,pp5_not_transluent_embossed,ric1-ric5-v6,clahe_canny,pp5,0.7147,True,"[{""label"": ""pp5"", ""confidence"": 0.714715301990509, ""bbox"": [82, 193, 136, 224]}, {""label"": ""pp5"", ""confidence"": 0.6495898365974426, ""bbox"": [19, 206, 53, 223]}]",42.51
pp5/pp5_not_transluent_embossed/IMG_6316.jpg,pp5,pp5_not_transluent_embossed,yolov8,baseline,none,0.0,False,[],44.51
pp5/pp5_not_transluent_embossed/IMG_6316.jpg,pp5,pp5_not_transluent_embossed,ric1-v5,baseline,none,0.0,False,[],41.91
pp5/pp5_not_transluent_embossed/IMG_6316.jpg,pp5,pp5_not_transluent_embossed,ric5-v1,baseline,none,0.0,False,[],42.43
pp5/pp5_not_transluent_embossed/IMG_6316.jpg,pp5,pp5_not_transluent_embossed,ric1-ric5-v6,baseline,none,0.0,False,[],42.37
pp5/pp5_not_transluent_embossed/IMG_6316.jpg,pp5,pp5_not_transluent_embossed,yolov8,clahe,none,0.0,False,[],43.84
pp5/pp5_not_transluent_embossed/IMG_6316.jpg,pp5,pp5_not_transluent_embossed,ric1-v5,clahe,none,0.0,False,[],43.78
pp5/pp5_not_transluent_embossed/IMG_6316.jpg,pp5,pp5_not_transluent_embossed,ric5-v1,clahe,none,0.0,False,[],42.52
pp5/pp5_not_transluent_embossed/IMG_6316.jpg,pp5,pp5_not_transluent_embossed,ric1-ric5-v6,clahe,none,0.0,False,[],44.76
pp5/pp5_not_transluent_embossed/IMG_6316.jpg,pp5,pp5_not_transluent_embossed,yolov8,canny,none,0.0,False,[],44.07
pp5/pp5_not_transluent_embossed/IMG_6316.jpg,pp5,pp5_not_transluent_embossed,ric1-v5,canny,none,0.0,False,[],45.11
pp5/pp5_not_transluent_embossed/IMG_6316.jpg,pp5,pp5_not_transluent_embossed,ric5-v1,canny,none,0.0,False,[],44.06
pp5/pp5_not_transluent_embossed/IMG_6316.jpg,pp5,pp5_not_transluent_embossed,ric1-ric5-v6,canny,none,0.0,False,[],41.89
pp5/pp5_not_transluent_embossed/IMG_6316.jpg,pp5,pp5_not_transluent_embossed,yolov8,clahe_canny,none,0.0,False,[],44.94
pp5/pp5_not_transluent_embossed/IMG_6316.jpg,pp5,pp5_not_transluent_embossed,ric1-v5,clahe_canny,none,0.0,False,[],42.86
pp5/pp5_not_transluent_embossed/IMG_6316.jpg,pp5,pp5_not_transluent_embossed,ric5-v1,clahe_canny,none,0.0,False,[],42.16
pp5/pp5_not_transluent_embossed/IMG_6316.jpg,pp5,pp5_not_transluent_embossed,ric1-ric5-v6,clahe_canny,none,0.0,False,[],43.79
pp5/pp5_not_transluent_embossed/IMG_6317.jpg,pp5,pp5_not_transluent_embossed,yolov8,baseline,none,0.0,False,[],44.95
pp5/pp5_not_transluent_embossed/IMG_6317.jpg,pp5,pp5_not_transluent_embossed,ric1-v5,baseline,none,0.0,False,[],46.72
pp5/pp5_not_transluent_embossed/IMG_6317.jpg,pp5,pp5_not_transluent_embossed,ric5-v1,baseline,none,0.0,False,[],45.97
pp5/pp5_not_transluent_embossed/IMG_6317.jpg,pp5,pp5_not_transluent_embossed,ric1-ric5-v6,baseline,none,0.0,False,[],43.73
pp5/pp5_not_transluent_embossed/IMG_6317.jpg,pp5,pp5_not_transluent_embossed,yolov8,clahe,none,0.0,False,[],42.73
pp5/pp5_not_transluent_embossed/IMG_6317.jpg,pp5,pp5_not_transluent_embossed,ric1-v5,clahe,none,0.0,False,[],41.98
pp5/pp5_not_transluent_embossed/IMG_6317.jpg,pp5,pp5_not_transluent_embossed,ric5-v1,clahe,none,0.0,False,[],41.39
pp5/pp5_not_transluent_embossed/IMG_6317.jpg,pp5,pp5_not_transluent_embossed,ric1-ric5-v6,clahe,none,0.0,False,[],40.86
pp5/pp5_not_transluent_embossed/IMG_6317.jpg,pp5,pp5_not_transluent_embossed,yolov8,canny,none,0.0,False,[],44.54
pp5/pp5_not_transluent_embossed/IMG_6317.jpg,pp5,pp5_not_transluent_embossed,ric1-v5,canny,none,0.0,False,[],43.9
pp5/pp5_not_transluent_embossed/IMG_6317.jpg,pp5,pp5_not_transluent_embossed,ric5-v1,canny,none,0.0,False,[],42.2
pp5/pp5_not_transluent_embossed/IMG_6317.jpg,pp5,pp5_not_transluent_embossed,ric1-ric5-v6,canny,none,0.0,False,[],41.21
pp5/pp5_not_transluent_embossed/IMG_6317.jpg,pp5,pp5_not_transluent_embossed,yolov8,clahe_canny,none,0.0,False,[],42.5
pp5/pp5_not_transluent_embossed/IMG_6317.jpg,pp5,pp5_not_transluent_embossed,ric1-v5,clahe_canny,none,0.0,False,[],44.16
pp5/pp5_not_transluent_embossed/IMG_6317.jpg,pp5,pp5_not_transluent_embossed,ric5-v1,clahe_canny,none,0.0,False,[],41.57
pp5/pp5_not_transluent_embossed/IMG_6317.jpg,pp5,pp5_not_transluent_embossed,ric1-ric5-v6,clahe_canny,none,0.0,False,[],42.4
pp5/pp5_not_transluent_embossed/IMG_6323.jpg,pp5,pp5_not_transluent_embossed,yolov8,baseline,none,0.0,False,[],43.53
pp5/pp5_not_transluent_embossed/IMG_6323.jpg,pp5,pp5_not_transluent_embossed,ric1-v5,baseline,none,0.0,False,[],43.18
pp5/pp5_not_transluent_embossed/IMG_6323.jpg,pp5,pp5_not_transluent_embossed,ric5-v1,baseline,none,0.0,False,[],41.95
pp5/pp5_not_transluent_embossed/IMG_6323.jpg,pp5,pp5_not_transluent_embossed,ric1-ric5-v6,baseline,none,0.0,False,[],42.8
pp5/pp5_not_transluent_embossed/IMG_6323.jpg,pp5,pp5_not_transluent_embossed,yolov8,clahe,none,0.0,False,[],44.39
pp5/pp5_not_transluent_embossed/IMG_6323.jpg,pp5,pp5_not_transluent_embossed,ric1-v5,clahe,none,0.0,False,[],45.71
pp5/pp5_not_transluent_embossed/IMG_6323.jpg,pp5,pp5_not_transluent_embossed,ric5-v1,clahe,none,0.0,False,[],43.93
pp5/pp5_not_transluent_embossed/IMG_6323.jpg,pp5,pp5_not_transluent_embossed,ric1-ric5-v6,clahe,none,0.0,False,[],42.95
pp5/pp5_not_transluent_embossed/IMG_6323.jpg,pp5,pp5_not_transluent_embossed,yolov8,canny,person,0.5284,False,"[{""label"": ""person"", ""confidence"": 0.528361439704895, ""bbox"": [90, 66, 130, 95]}, {""label"": ""car"", ""confidence"": 0.46597692370414734, ""bbox"": [98, 136, 112, 142]}, {""label"": ""airplane"", ""confidence"": 0.30024951696395874, ""bbox"": [105, 109, 116, 115]}, {""label"": ""airplane"", ""confidence"": 0.277161180973053, ""bbox"": [113, 120, 143, 127]}]",48.4
pp5/pp5_not_transluent_embossed/IMG_6323.jpg,pp5,pp5_not_transluent_embossed,ric1-v5,canny,none,0.0,False,[],45.06
pp5/pp5_not_transluent_embossed/IMG_6323.jpg,pp5,pp5_not_transluent_embossed,ric5-v1,canny,none,0.0,False,[],41.91
pp5/pp5_not_transluent_embossed/IMG_6323.jpg,pp5,pp5_not_transluent_embossed,ric1-ric5-v6,canny,none,0.0,False,[],42.09
pp5/pp5_not_transluent_embossed/IMG_6323.jpg,pp5,pp5_not_transluent_embossed,yolov8,clahe_canny,none,0.0,False,[],43.05
pp5/pp5_not_transluent_embossed/IMG_6323.jpg,pp5,pp5_not_transluent_embossed,ric1-v5,clahe_canny,none,0.0,False,[],42.15
pp5/pp5_not_transluent_embossed/IMG_6323.jpg,pp5,pp5_not_transluent_embossed,ric5-v1,clahe_canny,pp5,0.7979,True,"[{""label"": ""pp5"", ""confidence"": 0.797916829586029, ""bbox"": [95, 134, 128, 166]}, {""label"": ""pp5"", ""confidence"": 0.26187607645988464, ""bbox"": [94, 119, 129, 167]}]",43.3
pp5/pp5_not_transluent_embossed/IMG_6323.jpg,pp5,pp5_not_transluent_embossed,ric1-ric5-v6,clahe_canny,pp5,0.5153,True,"[{""label"": ""pp5"", ""confidence"": 0.5153027176856995, ""bbox"": [96, 135, 128, 165]}]",42.37
pp5/pp5_not_transluent_embossed/IMG_6328.jpg,pp5,pp5_not_transluent_embossed,yolov8,baseline,none,0.0,False,[],43.85
pp5/pp5_not_transluent_embossed/IMG_6328.jpg,pp5,pp5_not_transluent_embossed,ric1-v5,baseline,none,0.0,False,[],42.89
pp5/pp5_not_transluent_embossed/IMG_6328.jpg,pp5,pp5_not_transluent_embossed,ric5-v1,baseline,none,0.0,False,[],41.8
pp5/pp5_not_transluent_embossed/IMG_6328.jpg,pp5,pp5_not_transluent_embossed,ric1-ric5-v6,baseline,none,0.0,False,[],45.18
pp5/pp5_not_transluent_embossed/IMG_6328.jpg,pp5,pp5_not_transluent_embossed,yolov8,clahe,none,0.0,False,[],43.19
pp5/pp5_not_transluent_embossed/IMG_6328.jpg,pp5,pp5_not_transluent_embossed,ric1-v5,clahe,none,0.0,False,[],42.07
pp5/pp5_not_transluent_embossed/IMG_6328.jpg,pp5,pp5_not_transluent_embossed,ric5-v1,clahe,none,0.0,False,[],42.61
pp5/pp5_not_transluent_embossed/IMG_6328.jpg,pp5,pp5_not_transluent_embossed,ric1-ric5-v6,clahe,none,0.0,False,[],42.75
pp5/pp5_not_transluent_embossed/IMG_6328.jpg,pp5,pp5_not_transluent_embossed,yolov8,canny,none,0.0,False,[],44.92
pp5/pp5_not_transluent_embossed/IMG_6328.jpg,pp5,pp5_not_transluent_embossed,ric1-v5,canny,none,0.0,False,[],42.24
pp5/pp5_not_transluent_embossed/IMG_6328.jpg,pp5,pp5_not_transluent_embossed,ric5-v1,canny,none,0.0,False,[],41.01
pp5/pp5_not_transluent_embossed/IMG_6328.jpg,pp5,pp5_not_transluent_embossed,ric1-ric5-v6,canny,none,0.0,False,[],45.07
pp5/pp5_not_transluent_embossed/IMG_6328.jpg,pp5,pp5_not_transluent_embossed,yolov8,clahe_canny,airplane,0.5398,False,"[{""label"": ""airplane"", ""confidence"": 0.5397880673408508, ""bbox"": [74, 176, 89, 187]}, {""label"": ""airplane"", ""confidence"": 0.30027297139167786, ""bbox"": [95, 185, 113, 195]}, {""label"": ""traffic light"", ""confidence"": 0.28433236479759216, ""bbox"": [79, 55, 91, 81]}]",46.52
pp5/pp5_not_transluent_embossed/IMG_6328.jpg,pp5,pp5_not_transluent_embossed,ric1-v5,clahe_canny,none,0.0,False,[],44.26
pp5/pp5_not_transluent_embossed/IMG_6328.jpg,pp5,pp5_not_transluent_embossed,ric5-v1,clahe_canny,none,0.0,False,[],46.78
pp5/pp5_not_transluent_embossed/IMG_6328.jpg,pp5,pp5_not_transluent_embossed,ric1-ric5-v6,clahe_canny,none,0.0,False,[],45.63
pp5/pp5_not_transluent_embossed/IMG_6333.jpg,pp5,pp5_not_transluent_embossed,yolov8,baseline,none,0.0,False,[],44.01
pp5/pp5_not_transluent_embossed/IMG_6333.jpg,pp5,pp5_not_transluent_embossed,ric1-v5,baseline,none,0.0,False,[],41.77
pp5/pp5_not_transluent_embossed/IMG_6333.jpg,pp5,pp5_not_transluent_embossed,ric5-v1,baseline,none,0.0,False,[],41.03
pp5/pp5_not_transluent_embossed/IMG_6333.jpg,pp5,pp5_not_transluent_embossed,ric1-ric5-v6,baseline,none,0.0,False,[],43.13
pp5/pp5_not_transluent_embossed/IMG_6333.jpg,pp5,pp5_not_transluent_embossed,yolov8,clahe,none,0.0,False,[],43.36
pp5/pp5_not_transluent_embossed/IMG_6333.jpg,pp5,pp5_not_transluent_embossed,ric1-v5,clahe,none,0.0,False,[],41.65
pp5/pp5_not_transluent_embossed/IMG_6333.jpg,pp5,pp5_not_transluent_embossed,ric5-v1,clahe,none,0.0,False,[],42.05
pp5/pp5_not_transluent_embossed/IMG_6333.jpg,pp5,pp5_not_transluent_embossed,ric1-ric5-v6,clahe,none,0.0,False,[],40.56
pp5/pp5_not_transluent_embossed/IMG_6333.jpg,pp5,pp5_not_transluent_embossed,yolov8,canny,none,0.0,False,[],43.75
pp5/pp5_not_transluent_embossed/IMG_6333.jpg,pp5,pp5_not_transluent_embossed,ric1-v5,canny,none,0.0,False,[],41.47
pp5/pp5_not_transluent_embossed/IMG_6333.jpg,pp5,pp5_not_transluent_embossed,ric5-v1,canny,none,0.0,False,[],42.11
pp5/pp5_not_transluent_embossed/IMG_6333.jpg,pp5,pp5_not_transluent_embossed,ric1-ric5-v6,canny,none,0.0,False,[],43.29
pp5/pp5_not_transluent_embossed/IMG_6333.jpg,pp5,pp5_not_transluent_embossed,yolov8,clahe_canny,none,0.0,False,[],45.17
pp5/pp5_not_transluent_embossed/IMG_6333.jpg,pp5,pp5_not_transluent_embossed,ric1-v5,clahe_canny,none,0.0,False,[],41.77
pp5/pp5_not_transluent_embossed/IMG_6333.jpg,pp5,pp5_not_transluent_embossed,ric5-v1,clahe_canny,pp5,0.5032,True,"[{""label"": ""pp5"", ""confidence"": 0.5031994581222534, ""bbox"": [66, 108, 131, 169]}, {""label"": ""pp5"", ""confidence"": 0.34750229120254517, ""bbox"": [83, 121, 128, 168]}]",44.13
pp5/pp5_not_transluent_embossed/IMG_6333.jpg,pp5,pp5_not_transluent_embossed,ric1-ric5-v6,clahe_canny,none,0.0,False,[],42.41
pp5/pp5_not_transluent_embossed/IMG_6350.jpg,pp5,pp5_not_transluent_embossed,yolov8,baseline,none,0.0,False,[],44.91
pp5/pp5_not_transluent_embossed/IMG_6350.jpg,pp5,pp5_not_transluent_embossed,ric1-v5,baseline,none,0.0,False,[],45.4
pp5/pp5_not_transluent_embossed/IMG_6350.jpg,pp5,pp5_not_transluent_embossed,ric5-v1,baseline,none,0.0,False,[],46.13
pp5/pp5_not_transluent_embossed/IMG_6350.jpg,pp5,pp5_not_transluent_embossed,ric1-ric5-v6,baseline,none,0.0,False,[],44.13
pp5/pp5_not_transluent_embossed/IMG_6350.jpg,pp5,pp5_not_transluent_embossed,yolov8,clahe,none,0.0,False,[],47.42
pp5/pp5_not_transluent_embossed/IMG_6350.jpg,pp5,pp5_not_transluent_embossed,ric1-v5,clahe,none,0.0,False,[],47.13
pp5/pp5_not_transluent_embossed/IMG_6350.jpg,pp5,pp5_not_transluent_embossed,ric5-v1,clahe,pp5,0.3859,True,"[{""label"": ""pp5"", ""confidence"": 0.3858681321144104, ""bbox"": [115, 98, 127, 113]}]",42.63
pp5/pp5_not_transluent_embossed/IMG_6350.jpg,pp5,pp5_not_transluent_embossed,ric1-ric5-v6,clahe,none,0.0,False,[],42.98
pp5/pp5_not_transluent_embossed/IMG_6350.jpg,pp5,pp5_not_transluent_embossed,yolov8,canny,person,0.3318,False,"[{""label"": ""person"", ""confidence"": 0.3318239748477936, ""bbox"": [40, 6, 195, 217]}]",43.81
pp5/pp5_not_transluent_embossed/IMG_6350.jpg,pp5,pp5_not_transluent_embossed,ric1-v5,canny,none,0.0,False,[],42.49
pp5/pp5_not_transluent_embossed/IMG_6350.jpg,pp5,pp5_not_transluent_embossed,ric5-v1,canny,pp5,0.3689,True,"[{""label"": ""pp5"", ""confidence"": 0.3688897490501404, ""bbox"": [11, 0, 49, 61]}, {""label"": ""pp5"", ""confidence"": 0.25136351585388184, ""bbox"": [103, 154, 157, 217]}]",41.03
pp5/pp5_not_transluent_embossed/IMG_6350.jpg,pp5,pp5_not_transluent_embossed,ric1-ric5-v6,canny,none,0.0,False,[],42.17
pp5/pp5_not_transluent_embossed/IMG_6350.jpg,pp5,pp5_not_transluent_embossed,yolov8,clahe_canny,none,0.0,False,[],44.19
pp5/pp5_not_transluent_embossed/IMG_6350.jpg,pp5,pp5_not_transluent_embossed,ric1-v5,clahe_canny,none,0.0,False,[],42.13
pp5/pp5_not_transluent_embossed/IMG_6350.jpg,pp5,pp5_not_transluent_embossed,ric5-v1,clahe_canny,pp5,0.6293,True,"[{""label"": ""pp5"", ""confidence"": 0.6292778253555298, ""bbox"": [10, 0, 42, 57]}]",41.92
pp5/pp5_not_transluent_embossed/IMG_6350.jpg,pp5,pp5_not_transluent_embossed,ric1-ric5-v6,clahe_canny,none,0.0,False,[],43.18
pp5/pp5_not_transluent_embossed/IMG_6352.jpg,pp5,pp5_not_transluent_embossed,yolov8,baseline,none,0.0,False,[],43.5
pp5/pp5_not_transluent_embossed/IMG_6352.jpg,pp5,pp5_not_transluent_embossed,ric1-v5,baseline,none,0.0,False,[],41.38
pp5/pp5_not_transluent_embossed/IMG_6352.jpg,pp5,pp5_not_transluent_embossed,ric5-v1,baseline,none,0.0,False,[],41.83
pp5/pp5_not_transluent_embossed/IMG_6352.jpg,pp5,pp5_not_transluent_embossed,ric1-ric5-v6,baseline,none,0.0,False,[],42.67
pp5/pp5_not_transluent_embossed/IMG_6352.jpg,pp5,pp5_not_transluent_embossed,yolov8,clahe,donut,0.432,False,"[{""label"": ""donut"", ""confidence"": 0.4320271909236908, ""bbox"": [117, 162, 153, 192]}]",44.49
pp5/pp5_not_transluent_embossed/IMG_6352.jpg,pp5,pp5_not_transluent_embossed,ric1-v5,clahe,none,0.0,False,[],42.75
pp5/pp5_not_transluent_embossed/IMG_6352.jpg,pp5,pp5_not_transluent_embossed,ric5-v1,clahe,none,0.0,False,[],41.7
pp5/pp5_not_transluent_embossed/IMG_6352.jpg,pp5,pp5_not_transluent_embossed,ric1-ric5-v6,clahe,none,0.0,False,[],41.54
pp5/pp5_not_transluent_embossed/IMG_6352.jpg,pp5,pp5_not_transluent_embossed,yolov8,canny,airplane,0.5546,False,"[{""label"": ""airplane"", ""confidence"": 0.5546339750289917, ""bbox"": [125, 171, 147, 184]}]",50.27
pp5/pp5_not_transluent_embossed/IMG_6352.jpg,pp5,pp5_not_transluent_embossed,ric1-v5,canny,none,0.0,False,[],45.08
pp5/pp5_not_transluent_embossed/IMG_6352.jpg,pp5,pp5_not_transluent_embossed,ric5-v1,canny,none,0.0,False,[],46.95
pp5/pp5_not_transluent_embossed/IMG_6352.jpg,pp5,pp5_not_transluent_embossed,ric1-ric5-v6,canny,none,0.0,False,[],45.47
pp5/pp5_not_transluent_embossed/IMG_6352.jpg,pp5,pp5_not_transluent_embossed,yolov8,clahe_canny,none,0.0,False,[],44.7
pp5/pp5_not_transluent_embossed/IMG_6352.jpg,pp5,pp5_not_transluent_embossed,ric1-v5,clahe_canny,none,0.0,False,[],42.52
pp5/pp5_not_transluent_embossed/IMG_6352.jpg,pp5,pp5_not_transluent_embossed,ric5-v1,clahe_canny,pp5,0.6096,True,"[{""label"": ""pp5"", ""confidence"": 0.6095922589302063, ""bbox"": [85, 159, 153, 210]}]",41.97
pp5/pp5_not_transluent_embossed/IMG_6352.jpg,pp5,pp5_not_transluent_embossed,ric1-ric5-v6,clahe_canny,pp5,0.359,True,"[{""label"": ""pp5"", ""confidence"": 0.35898593068122864, ""bbox"": [82, 0, 128, 16]}]",41.86
pp5/pp5_not_transluent_embossed/IMG_6353.jpg,pp5,pp5_not_transluent_embossed,yolov8,baseline,none,0.0,False,[],43.59
pp5/pp5_not_transluent_embossed/IMG_6353.jpg,pp5,pp5_not_transluent_embossed,ric1-v5,baseline,none,0.0,False,[],41.35
pp5/pp5_not_transluent_embossed/IMG_6353.jpg,pp5,pp5_not_transluent_embossed,ric5-v1,baseline,none,0.0,False,[],43.49
pp5/pp5_not_transluent_embossed/IMG_6353.jpg,pp5,pp5_not_transluent_embossed,ric1-ric5-v6,baseline,none,0.0,False,[],41.47
pp5/pp5_not_transluent_embossed/IMG_6353.jpg,pp5,pp5_not_transluent_embossed,yolov8,clahe,none,0.0,False,[],44.41
pp5/pp5_not_transluent_embossed/IMG_6353.jpg,pp5,pp5_not_transluent_embossed,ric1-v5,clahe,none,0.0,False,[],43.18
pp5/pp5_not_transluent_embossed/IMG_6353.jpg,pp5,pp5_not_transluent_embossed,ric5-v1,clahe,none,0.0,False,[],42.55
pp5/pp5_not_transluent_embossed/IMG_6353.jpg,pp5,pp5_not_transluent_embossed,ric1-ric5-v6,clahe,none,0.0,False,[],41.96
pp5/pp5_not_transluent_embossed/IMG_6353.jpg,pp5,pp5_not_transluent_embossed,yolov8,canny,none,0.0,False,[],44.3
pp5/pp5_not_transluent_embossed/IMG_6353.jpg,pp5,pp5_not_transluent_embossed,ric1-v5,canny,none,0.0,False,[],43.02
pp5/pp5_not_transluent_embossed/IMG_6353.jpg,pp5,pp5_not_transluent_embossed,ric5-v1,canny,none,0.0,False,[],42.1
pp5/pp5_not_transluent_embossed/IMG_6353.jpg,pp5,pp5_not_transluent_embossed,ric1-ric5-v6,canny,none,0.0,False,[],68.2
pp5/pp5_not_transluent_embossed/IMG_6353.jpg,pp5,pp5_not_transluent_embossed,yolov8,clahe_canny,traffic light,0.2644,False,"[{""label"": ""traffic light"", ""confidence"": 0.2643524706363678, ""bbox"": [70, 50, 79, 76]}]",44.42
pp5/pp5_not_transluent_embossed/IMG_6353.jpg,pp5,pp5_not_transluent_embossed,ric1-v5,clahe_canny,none,0.0,False,[],48.24
pp5/pp5_not_transluent_embossed/IMG_6353.jpg,pp5,pp5_not_transluent_embossed,ric5-v1,clahe_canny,none,0.0,False,[],43.98
pp5/pp5_not_transluent_embossed/IMG_6353.jpg,pp5,pp5_not_transluent_embossed,ric1-ric5-v6,clahe_canny,none,0.0,False,[],49.81
pp5/pp5_not_transluent_embossed/IMG_6428.jpg,pp5,pp5_not_transluent_embossed,yolov8,baseline,none,0.0,False,[],47.03
pp5/pp5_not_transluent_embossed/IMG_6428.jpg,pp5,pp5_not_transluent_embossed,ric1-v5,baseline,none,0.0,False,[],42.93
pp5/pp5_not_transluent_embossed/IMG_6428.jpg,pp5,pp5_not_transluent_embossed,ric5-v1,baseline,none,0.0,False,[],43.08
pp5/pp5_not_transluent_embossed/IMG_6428.jpg,pp5,pp5_not_transluent_embossed,ric1-ric5-v6,baseline,none,0.0,False,[],41.95
pp5/pp5_not_transluent_embossed/IMG_6428.jpg,pp5,pp5_not_transluent_embossed,yolov8,clahe,none,0.0,False,[],44.05
pp5/pp5_not_transluent_embossed/IMG_6428.jpg,pp5,pp5_not_transluent_embossed,ric1-v5,clahe,none,0.0,False,[],42.56
pp5/pp5_not_transluent_embossed/IMG_6428.jpg,pp5,pp5_not_transluent_embossed,ric5-v1,clahe,none,0.0,False,[],43.52
pp5/pp5_not_transluent_embossed/IMG_6428.jpg,pp5,pp5_not_transluent_embossed,ric1-ric5-v6,clahe,none,0.0,False,[],42.41
pp5/pp5_not_transluent_embossed/IMG_6428.jpg,pp5,pp5_not_transluent_embossed,yolov8,canny,none,0.0,False,[],43.73
pp5/pp5_not_transluent_embossed/IMG_6428.jpg,pp5,pp5_not_transluent_embossed,ric1-v5,canny,none,0.0,False,[],42.79
pp5/pp5_not_transluent_embossed/IMG_6428.jpg,pp5,pp5_not_transluent_embossed,ric5-v1,canny,none,0.0,False,[],42.61
pp5/pp5_not_transluent_embossed/IMG_6428.jpg,pp5,pp5_not_transluent_embossed,ric1-ric5-v6,canny,none,0.0,False,[],42.96
pp5/pp5_not_transluent_embossed/IMG_6428.jpg,pp5,pp5_not_transluent_embossed,yolov8,clahe_canny,none,0.0,False,[],44.07
pp5/pp5_not_transluent_embossed/IMG_6428.jpg,pp5,pp5_not_transluent_embossed,ric1-v5,clahe_canny,none,0.0,False,[],42.31
pp5/pp5_not_transluent_embossed/IMG_6428.jpg,pp5,pp5_not_transluent_embossed,ric5-v1,clahe_canny,pp5,0.746,True,"[{""label"": ""pp5"", ""confidence"": 0.7459788918495178, ""bbox"": [102, 161, 137, 196]}, {""label"": ""pp5"", ""confidence"": 0.3874610662460327, ""bbox"": [87, 163, 114, 192]}, {""label"": ""pp5"", ""confidence"": 0.2792952060699463, ""bbox"": [86, 163, 138, 193]}]",42.15
pp5/pp5_not_transluent_embossed/IMG_6428.jpg,pp5,pp5_not_transluent_embossed,ric1-ric5-v6,clahe_canny,none,0.0,False,[],42.38
pp5/pp5_not_transluent_embossed/IMG_6759.jpg,pp5,pp5_not_transluent_embossed,yolov8,baseline,none,0.0,False,[],44.92
pp5/pp5_not_transluent_embossed/IMG_6759.jpg,pp5,pp5_not_transluent_embossed,ric1-v5,baseline,none,0.0,False,[],42.2
pp5/pp5_not_transluent_embossed/IMG_6759.jpg,pp5,pp5_not_transluent_embossed,ric5-v1,baseline,none,0.0,False,[],62.47
pp5/pp5_not_transluent_embossed/IMG_6759.jpg,pp5,pp5_not_transluent_embossed,ric1-ric5-v6,baseline,none,0.0,False,[],45.79
pp5/pp5_not_transluent_embossed/IMG_6759.jpg,pp5,pp5_not_transluent_embossed,yolov8,clahe,person,0.3857,False,"[{""label"": ""person"", ""confidence"": 0.38569068908691406, ""bbox"": [27, 15, 170, 151]}]",46.34
pp5/pp5_not_transluent_embossed/IMG_6759.jpg,pp5,pp5_not_transluent_embossed,ric1-v5,clahe,none,0.0,False,[],48.42
pp5/pp5_not_transluent_embossed/IMG_6759.jpg,pp5,pp5_not_transluent_embossed,ric5-v1,clahe,none,0.0,False,[],45.56
pp5/pp5_not_transluent_embossed/IMG_6759.jpg,pp5,pp5_not_transluent_embossed,ric1-ric5-v6,clahe,none,0.0,False,[],42.98
pp5/pp5_not_transluent_embossed/IMG_6759.jpg,pp5,pp5_not_transluent_embossed,yolov8,canny,none,0.0,False,[],44.58
pp5/pp5_not_transluent_embossed/IMG_6759.jpg,pp5,pp5_not_transluent_embossed,ric1-v5,canny,none,0.0,False,[],42.04
pp5/pp5_not_transluent_embossed/IMG_6759.jpg,pp5,pp5_not_transluent_embossed,ric5-v1,canny,none,0.0,False,[],42.77
pp5/pp5_not_transluent_embossed/IMG_6759.jpg,pp5,pp5_not_transluent_embossed,ric1-ric5-v6,canny,none,0.0,False,[],42.85
pp5/pp5_not_transluent_embossed/IMG_6759.jpg,pp5,pp5_not_transluent_embossed,yolov8,clahe_canny,none,0.0,False,[],44.79
pp5/pp5_not_transluent_embossed/IMG_6759.jpg,pp5,pp5_not_transluent_embossed,ric1-v5,clahe_canny,none,0.0,False,[],42.6
pp5/pp5_not_transluent_embossed/IMG_6759.jpg,pp5,pp5_not_transluent_embossed,ric5-v1,clahe_canny,pp5,0.648,True,"[{""label"": ""pp5"", ""confidence"": 0.6480287909507751, ""bbox"": [56, 159, 100, 213]}, {""label"": ""pp5"", ""confidence"": 0.34913361072540283, ""bbox"": [70, 158, 137, 208]}, {""label"": ""pp5"", ""confidence"": 0.25399264693260193, ""bbox"": [89, 157, 136, 208]}]",43.34
pp5/pp5_not_transluent_embossed/IMG_6759.jpg,pp5,pp5_not_transluent_embossed,ric1-ric5-v6,clahe_canny,none,0.0,False,[],43.63
pp5/pp5_not_transluent_embossed/IMG_7164.jpg,pp5,pp5_not_transluent_embossed,yolov8,baseline,person,0.2585,False,"[{""label"": ""person"", ""confidence"": 0.2585017681121826, ""bbox"": [59, 53, 153, 146]}]",45.12
pp5/pp5_not_transluent_embossed/IMG_7164.jpg,pp5,pp5_not_transluent_embossed,ric1-v5,baseline,none,0.0,False,[],41.98
pp5/pp5_not_transluent_embossed/IMG_7164.jpg,pp5,pp5_not_transluent_embossed,ric5-v1,baseline,none,0.0,False,[],42.24
pp5/pp5_not_transluent_embossed/IMG_7164.jpg,pp5,pp5_not_transluent_embossed,ric1-ric5-v6,baseline,none,0.0,False,[],42.77
pp5/pp5_not_transluent_embossed/IMG_7164.jpg,pp5,pp5_not_transluent_embossed,yolov8,clahe,person,0.3775,False,"[{""label"": ""person"", ""confidence"": 0.37750962376594543, ""bbox"": [120, 161, 128, 176]}, {""label"": ""person"", ""confidence"": 0.30802014470100403, ""bbox"": [96, 128, 104, 144]}]",44.22
pp5/pp5_not_transluent_embossed/IMG_7164.jpg,pp5,pp5_not_transluent_embossed,ric1-v5,clahe,none,0.0,False,[],43.14
pp5/pp5_not_transluent_embossed/IMG_7164.jpg,pp5,pp5_not_transluent_embossed,ric5-v1,clahe,none,0.0,False,[],43.34
pp5/pp5_not_transluent_embossed/IMG_7164.jpg,pp5,pp5_not_transluent_embossed,ric1-ric5-v6,clahe,none,0.0,False,[],43.13
pp5/pp5_not_transluent_embossed/IMG_7164.jpg,pp5,pp5_not_transluent_embossed,yolov8,canny,traffic light,0.2638,False,"[{""label"": ""traffic light"", ""confidence"": 0.263813316822052, ""bbox"": [113, 85, 119, 91]}]",45.32
pp5/pp5_not_transluent_embossed/IMG_7164.jpg,pp5,pp5_not_transluent_embossed,ric1-v5,canny,none,0.0,False,[],45.91
pp5/pp5_not_transluent_embossed/IMG_7164.jpg,pp5,pp5_not_transluent_embossed,ric5-v1,canny,none,0.0,False,[],44.0
pp5/pp5_not_transluent_embossed/IMG_7164.jpg,pp5,pp5_not_transluent_embossed,ric1-ric5-v6,canny,none,0.0,False,[],47.12
pp5/pp5_not_transluent_embossed/IMG_7164.jpg,pp5,pp5_not_transluent_embossed,yolov8,clahe_canny,none,0.0,False,[],45.63
pp5/pp5_not_transluent_embossed/IMG_7164.jpg,pp5,pp5_not_transluent_embossed,ric1-v5,clahe_canny,none,0.0,False,[],43.12
pp5/pp5_not_transluent_embossed/IMG_7164.jpg,pp5,pp5_not_transluent_embossed,ric5-v1,clahe_canny,pp5,0.6351,True,"[{""label"": ""pp5"", ""confidence"": 0.6350801587104797, ""bbox"": [92, 154, 134, 184]}]",43.69
pp5/pp5_not_transluent_embossed/IMG_7164.jpg,pp5,pp5_not_transluent_embossed,ric1-ric5-v6,clahe_canny,none,0.0,False,[],41.6
pp5/pp5_not_transluent_embossed/IMG_7270.jpg,pp5,pp5_not_transluent_embossed,yolov8,baseline,none,0.0,False,[],45.4
pp5/pp5_not_transluent_embossed/IMG_7270.jpg,pp5,pp5_not_transluent_embossed,ric1-v5,baseline,none,0.0,False,[],42.17
pp5/pp5_not_transluent_embossed/IMG_7270.jpg,pp5,pp5_not_transluent_embossed,ric5-v1,baseline,none,0.0,False,[],41.93
pp5/pp5_not_transluent_embossed/IMG_7270.jpg,pp5,pp5_not_transluent_embossed,ric1-ric5-v6,baseline,none,0.0,False,[],43.01
pp5/pp5_not_transluent_embossed/IMG_7270.jpg,pp5,pp5_not_transluent_embossed,yolov8,clahe,none,0.0,False,[],44.4
pp5/pp5_not_transluent_embossed/IMG_7270.jpg,pp5,pp5_not_transluent_embossed,ric1-v5,clahe,none,0.0,False,[],42.07
pp5/pp5_not_transluent_embossed/IMG_7270.jpg,pp5,pp5_not_transluent_embossed,ric5-v1,clahe,none,0.0,False,[],43.75
pp5/pp5_not_transluent_embossed/IMG_7270.jpg,pp5,pp5_not_transluent_embossed,ric1-ric5-v6,clahe,none,0.0,False,[],41.95
pp5/pp5_not_transluent_embossed/IMG_7270.jpg,pp5,pp5_not_transluent_embossed,yolov8,canny,person,0.7853,False,"[{""label"": ""person"", ""confidence"": 0.7853326797485352, ""bbox"": [113, 113, 133, 142]}]",44.9
pp5/pp5_not_transluent_embossed/IMG_7270.jpg,pp5,pp5_not_transluent_embossed,ric1-v5,canny,none,0.0,False,[],42.61
pp5/pp5_not_transluent_embossed/IMG_7270.jpg,pp5,pp5_not_transluent_embossed,ric5-v1,canny,none,0.0,False,[],42.47
pp5/pp5_not_transluent_embossed/IMG_7270.jpg,pp5,pp5_not_transluent_embossed,ric1-ric5-v6,canny,none,0.0,False,[],42.76
pp5/pp5_not_transluent_embossed/IMG_7270.jpg,pp5,pp5_not_transluent_embossed,yolov8,clahe_canny,none,0.0,False,[],44.74
pp5/pp5_not_transluent_embossed/IMG_7270.jpg,pp5,pp5_not_transluent_embossed,ric1-v5,clahe_canny,none,0.0,False,[],43.17
pp5/pp5_not_transluent_embossed/IMG_7270.jpg,pp5,pp5_not_transluent_embossed,ric5-v1,clahe_canny,none,0.0,False,[],43.34
pp5/pp5_not_transluent_embossed/IMG_7270.jpg,pp5,pp5_not_transluent_embossed,ric1-ric5-v6,clahe_canny,none,0.0,False,[],45.11
pp5/pp5_printed/IMG_6338.jpg,pp5,pp5_printed,yolov8,baseline,none,0.0,False,[],47.28
pp5/pp5_printed/IMG_6338.jpg,pp5,pp5_printed,ric1-v5,baseline,none,0.0,False,[],45.32
pp5/pp5_printed/IMG_6338.jpg,pp5,pp5_printed,ric5-v1,baseline,none,0.0,False,[],44.7
pp5/pp5_printed/IMG_6338.jpg,pp5,pp5_printed,ric1-ric5-v6,baseline,none,0.0,False,[],41.53
pp5/pp5_printed/IMG_6338.jpg,pp5,pp5_printed,yolov8,clahe,none,0.0,False,[],44.74
pp5/pp5_printed/IMG_6338.jpg,pp5,pp5_printed,ric1-v5,clahe,pet1,0.4851,False,"[{""label"": ""pet1"", ""confidence"": 0.4850520193576813, ""bbox"": [94, 37, 118, 62]}]",42.79
pp5/pp5_printed/IMG_6338.jpg,pp5,pp5_printed,ric5-v1,clahe,pp5,0.4236,True,"[{""label"": ""pp5"", ""confidence"": 0.42364490032196045, ""bbox"": [87, 181, 111, 215]}]",43.06
pp5/pp5_printed/IMG_6338.jpg,pp5,pp5_printed,ric1-ric5-v6,clahe,none,0.0,False,[],42.9
pp5/pp5_printed/IMG_6338.jpg,pp5,pp5_printed,yolov8,canny,none,0.0,False,[],44.31
pp5/pp5_printed/IMG_6338.jpg,pp5,pp5_printed,ric1-v5,canny,none,0.0,False,[],42.96
pp5/pp5_printed/IMG_6338.jpg,pp5,pp5_printed,ric5-v1,canny,pp5,0.7504,True,"[{""label"": ""pp5"", ""confidence"": 0.7503519654273987, ""bbox"": [91, 180, 139, 215]}, {""label"": ""pp5"", ""confidence"": 0.27542644739151, ""bbox"": [85, 181, 113, 215]}, {""label"": ""pp5"", ""confidence"": 0.2609006464481354, ""bbox"": [85, 181, 125, 215]}]",42.34
pp5/pp5_printed/IMG_6338.jpg,pp5,pp5_printed,ric1-ric5-v6,canny,none,0.0,False,[],42.05
pp5/pp5_printed/IMG_6338.jpg,pp5,pp5_printed,yolov8,clahe_canny,none,0.0,False,[],44.55
pp5/pp5_printed/IMG_6338.jpg,pp5,pp5_printed,ric1-v5,clahe_canny,none,0.0,False,[],42.76
pp5/pp5_printed/IMG_6338.jpg,pp5,pp5_printed,ric5-v1,clahe_canny,pp5,0.6008,True,"[{""label"": ""pp5"", ""confidence"": 0.6007691621780396, ""bbox"": [87, 178, 112, 215]}, {""label"": ""pp5"", ""confidence"": 0.37456509470939636, ""bbox"": [92, 172, 145, 220]}]",43.02
pp5/pp5_printed/IMG_6338.jpg,pp5,pp5_printed,ric1-ric5-v6,clahe_canny,none,0.0,False,[],44.27
pp5/pp5_printed/IMG_6496.jpg,pp5,pp5_printed,yolov8,baseline,none,0.0,False,[],45.4
pp5/pp5_printed/IMG_6496.jpg,pp5,pp5_printed,ric1-v5,baseline,pet1,0.3338,False,"[{""label"": ""pet1"", ""confidence"": 0.3337736129760742, ""bbox"": [101, 32, 141, 74]}]",42.74
pp5/pp5_printed/IMG_6496.jpg,pp5,pp5_printed,ric5-v1,baseline,none,0.0,False,[],43.14
pp5/pp5_printed/IMG_6496.jpg,pp5,pp5_printed,ric1-ric5-v6,baseline,none,0.0,False,[],42.55
pp5/pp5_printed/IMG_6496.jpg,pp5,pp5_printed,yolov8,clahe,none,0.0,False,[],46.06
pp5/pp5_printed/IMG_6496.jpg,pp5,pp5_printed,ric1-v5,clahe,pet1,0.4014,False,"[{""label"": ""pet1"", ""confidence"": 0.40141966938972473, ""bbox"": [103, 115, 119, 131]}]",45.57
pp5/pp5_printed/IMG_6496.jpg,pp5,pp5_printed,ric5-v1,clahe,none,0.0,False,[],46.09
pp5/pp5_printed/IMG_6496.jpg,pp5,pp5_printed,ric1-ric5-v6,clahe,none,0.0,False,[],46.33
pp5/pp5_printed/IMG_6496.jpg,pp5,pp5_printed,yolov8,canny,none,0.0,False,[],45.07
pp5/pp5_printed/IMG_6496.jpg,pp5,pp5_printed,ric1-v5,canny,none,0.0,False,[],42.57
pp5/pp5_printed/IMG_6496.jpg,pp5,pp5_printed,ric5-v1,canny,none,0.0,False,[],41.66
pp5/pp5_printed/IMG_6496.jpg,pp5,pp5_printed,ric1-ric5-v6,canny,none,0.0,False,[],41.87
pp5/pp5_printed/IMG_6496.jpg,pp5,pp5_printed,yolov8,clahe_canny,none,0.0,False,[],45.02
pp5/pp5_printed/IMG_6496.jpg,pp5,pp5_printed,ric1-v5,clahe_canny,none,0.0,False,[],44.28
pp5/pp5_printed/IMG_6496.jpg,pp5,pp5_printed,ric5-v1,clahe_canny,none,0.0,False,[],41.94
pp5/pp5_printed/IMG_6496.jpg,pp5,pp5_printed,ric1-ric5-v6,clahe_canny,none,0.0,False,[],41.85
pp5/pp5_printed/IMG_6614.jpg,pp5,pp5_printed,yolov8,baseline,none,0.0,False,[],44.16
pp5/pp5_printed/IMG_6614.jpg,pp5,pp5_printed,ric1-v5,baseline,none,0.0,False,[],42.06
pp5/pp5_printed/IMG_6614.jpg,pp5,pp5_printed,ric5-v1,baseline,none,0.0,False,[],42.23
pp5/pp5_printed/IMG_6614.jpg,pp5,pp5_printed,ric1-ric5-v6,baseline,none,0.0,False,[],42.26
pp5/pp5_printed/IMG_6614.jpg,pp5,pp5_printed,yolov8,clahe,none,0.0,False,[],45.1
pp5/pp5_printed/IMG_6614.jpg,pp5,pp5_printed,ric1-v5,clahe,pet1,0.3871,False,"[{""label"": ""pet1"", ""confidence"": 0.3870558738708496, ""bbox"": [94, 27, 134, 59]}, {""label"": ""pet1"", ""confidence"": 0.2828291058540344, ""bbox"": [97, 159, 111, 177]}]",41.65
pp5/pp5_printed/IMG_6614.jpg,pp5,pp5_printed,ric5-v1,clahe,none,0.0,False,[],42.57
pp5/pp5_printed/IMG_6614.jpg,pp5,pp5_printed,ric1-ric5-v6,clahe,none,0.0,False,[],41.93
pp5/pp5_printed/IMG_6614.jpg,pp5,pp5_printed,yolov8,canny,none,0.0,False,[],43.04
pp5/pp5_printed/IMG_6614.jpg,pp5,pp5_printed,ric1-v5,canny,pet1,0.3086,False,"[{""label"": ""pet1"", ""confidence"": 0.3086353838443756, ""bbox"": [91, 215, 113, 223]}]",42.66
pp5/pp5_printed/IMG_6614.jpg,pp5,pp5_printed,ric5-v1,canny,none,0.0,False,[],43.67
pp5/pp5_printed/IMG_6614.jpg,pp5,pp5_printed,ric1-ric5-v6,canny,none,0.0,False,[],46.45
pp5/pp5_printed/IMG_6614.jpg,pp5,pp5_printed,yolov8,clahe_canny,none,0.0,False,[],51.12
pp5/pp5_printed/IMG_6614.jpg,pp5,pp5_printed,ric1-v5,clahe_canny,none,0.0,False,[],46.62
pp5/pp5_printed/IMG_6614.jpg,pp5,pp5_printed,ric5-v1,clahe_canny,none,0.0,False,[],45.19
pp5/pp5_printed/IMG_6614.jpg,pp5,pp5_printed,ric1-ric5-v6,clahe_canny,none,0.0,False,[],41.9
pp5/pp5_printed/IMG_6627.jpg,pp5,pp5_printed,yolov8,baseline,none,0.0,False,[],44.46
pp5/pp5_printed/IMG_6627.jpg,pp5,pp5_printed,ric1-v5,baseline,pet1,0.728,False,"[{""label"": ""pet1"", ""confidence"": 0.7279755473136902, ""bbox"": [175, 108, 201, 142]}, {""label"": ""pet1"", ""confidence"": 0.5482417941093445, ""bbox"": [112, 97, 128, 115]}, {""label"": ""pet1"", ""confidence"": 0.2797069847583771, ""bbox"": [111, 97, 129, 127]}]",43.47
pp5/pp5_printed/IMG_6627.jpg,pp5,pp5_printed,ric5-v1,baseline,none,0.0,False,[],43.71
pp5/pp5_printed/IMG_6627.jpg,pp5,pp5_printed,ric1-ric5-v6,baseline,none,0.0,False,[],42.64
pp5/pp5_printed/IMG_6627.jpg,pp5,pp5_printed,yolov8,clahe,clock,0.2979,False,"[{""label"": ""clock"", ""confidence"": 0.2978593111038208, ""bbox"": [58, 197, 162, 223]}]",43.44
pp5/pp5_printed/IMG_6627.jpg,pp5,pp5_printed,ric1-v5,clahe,pet1,0.8353,False,"[{""label"": ""pet1"", ""confidence"": 0.8353184461593628, ""bbox"": [175, 109, 201, 139]}, {""label"": ""pet1"", ""confidence"": 0.2629801332950592, ""bbox"": [170, 154, 219, 196]}]",42.62
pp5/pp5_printed/IMG_6627.jpg,pp5,pp5_printed,ric5-v1,clahe,pp5,0.453,True,"[{""label"": ""pp5"", ""confidence"": 0.4529964029788971, ""bbox"": [136, 17, 157, 46]}]",43.13
pp5/pp5_printed/IMG_6627.jpg,pp5,pp5_printed,ric1-ric5-v6,clahe,none,0.0,False,[],42.34
pp5/pp5_printed/IMG_6627.jpg,pp5,pp5_printed,yolov8,canny,none,0.0,False,[],45.02
pp5/pp5_printed/IMG_6627.jpg,pp5,pp5_printed,ric1-v5,canny,pet1,0.6599,False,"[{""label"": ""pet1"", ""confidence"": 0.6598994135856628, ""bbox"": [173, 107, 206, 144]}]",42.56
pp5/pp5_printed/IMG_6627.jpg,pp5,pp5_printed,ric5-v1,canny,pp5,0.7442,True,"[{""label"": ""pp5"", ""confidence"": 0.7442404627799988, ""bbox"": [125, 16, 165, 59]}]",43.51
pp5/pp5_printed/IMG_6627.jpg,pp5,pp5_printed,ric1-ric5-v6,canny,pp5,0.8577,True,"[{""label"": ""pp5"", ""confidence"": 0.8576858639717102, ""bbox"": [121, 16, 165, 58]}]",41.61
pp5/pp5_printed/IMG_6627.jpg,pp5,pp5_printed,yolov8,clahe_canny,none,0.0,False,[],44.25
pp5/pp5_printed/IMG_6627.jpg,pp5,pp5_printed,ric1-v5,clahe_canny,none,0.0,False,[],42.11
pp5/pp5_printed/IMG_6627.jpg,pp5,pp5_printed,ric5-v1,clahe_canny,none,0.0,False,[],41.63
pp5/pp5_printed/IMG_6627.jpg,pp5,pp5_printed,ric1-ric5-v6,clahe_canny,none,0.0,False,[],42.28
pp5/pp5_printed/IMG_7250.jpg,pp5,pp5_printed,yolov8,baseline,none,0.0,False,[],46.99
pp5/pp5_printed/IMG_7250.jpg,pp5,pp5_printed,ric1-v5,baseline,none,0.0,False,[],43.73
pp5/pp5_printed/IMG_7250.jpg,pp5,pp5_printed,ric5-v1,baseline,none,0.0,False,[],44.77
pp5/pp5_printed/IMG_7250.jpg,pp5,pp5_printed,ric1-ric5-v6,baseline,none,0.0,False,[],45.69
pp5/pp5_printed/IMG_7250.jpg,pp5,pp5_printed,yolov8,clahe,none,0.0,False,[],45.37
pp5/pp5_printed/IMG_7250.jpg,pp5,pp5_printed,ric1-v5,clahe,none,0.0,False,[],43.16
pp5/pp5_printed/IMG_7250.jpg,pp5,pp5_printed,ric5-v1,clahe,none,0.0,False,[],41.79
pp5/pp5_printed/IMG_7250.jpg,pp5,pp5_printed,ric1-ric5-v6,clahe,none,0.0,False,[],42.78
pp5/pp5_printed/IMG_7250.jpg,pp5,pp5_printed,yolov8,canny,none,0.0,False,[],44.14
pp5/pp5_printed/IMG_7250.jpg,pp5,pp5_printed,ric1-v5,canny,none,0.0,False,[],42.4
pp5/pp5_printed/IMG_7250.jpg,pp5,pp5_printed,ric5-v1,canny,none,0.0,False,[],41.38
pp5/pp5_printed/IMG_7250.jpg,pp5,pp5_printed,ric1-ric5-v6,canny,pp5,0.465,True,"[{""label"": ""pp5"", ""confidence"": 0.46496766805648804, ""bbox"": [82, 186, 102, 202]}]",42.55
pp5/pp5_printed/IMG_7250.jpg,pp5,pp5_printed,yolov8,clahe_canny,none,0.0,False,[],44.45
pp5/pp5_printed/IMG_7250.jpg,pp5,pp5_printed,ric1-v5,clahe_canny,none,0.0,False,[],51.22
pp5/pp5_printed/IMG_7250.jpg,pp5,pp5_printed,ric5-v1,clahe_canny,none,0.0,False,[],42.26
pp5/pp5_printed/IMG_7250.jpg,pp5,pp5_printed,ric1-ric5-v6,clahe_canny,none,0.0,False,[],43.76
pp5/pp5_printed/IMG_7252.jpg,pp5,pp5_printed,yolov8,baseline,none,0.0,False,[],45.3
pp5/pp5_printed/IMG_7252.jpg,pp5,pp5_printed,ric1-v5,baseline,none,0.0,False,[],42.1
pp5/pp5_printed/IMG_7252.jpg,pp5,pp5_printed,ric5-v1,baseline,none,0.0,False,[],42.39
pp5/pp5_printed/IMG_7252.jpg,pp5,pp5_printed,ric1-ric5-v6,baseline,pp5,0.4188,True,"[{""label"": ""pp5"", ""confidence"": 0.4188042879104614, ""bbox"": [37, 191, 53, 209]}]",41.76
pp5/pp5_printed/IMG_7252.jpg,pp5,pp5_printed,yolov8,clahe,none,0.0,False,[],43.9
pp5/pp5_printed/IMG_7252.jpg,pp5,pp5_printed,ric1-v5,clahe,pet1,0.7149,False,"[{""label"": ""pet1"", ""confidence"": 0.7149141430854797, ""bbox"": [0, 183, 17, 211]}, {""label"": ""pet1"", ""confidence"": 0.6122541427612305, ""bbox"": [18, 168, 42, 196]}, {""label"": ""pet1"", ""confidence"": 0.5540644526481628, ""bbox"": [102, 112, 116, 128]}, {""label"": ""pet1"", ""confidence"": 0.5021993517875671, ""bbox"": [0, 126, 26, 166]}]",42.4
pp5/pp5_printed/IMG_7252.jpg,pp5,pp5_printed,ric5-v1,clahe,none,0.0,False,[],47.67
pp5/pp5_printed/IMG_7252.jpg,pp5,pp5_printed,ric1-ric5-v6,clahe,none,0.0,False,[],43.27
pp5/pp5_printed/IMG_7252.jpg,pp5,pp5_printed,yolov8,canny,none,0.0,False,[],46.25
pp5/pp5_printed/IMG_7252.jpg,pp5,pp5_printed,ric1-v5,canny,none,0.0,False,[],45.53
pp5/pp5_printed/IMG_7252.jpg,pp5,pp5_printed,ric5-v1,canny,none,0.0,False,[],43.25
pp5/pp5_printed/IMG_7252.jpg,pp5,pp5_printed,ric1-ric5-v6,canny,none,0.0,False,[],42.23
pp5/pp5_printed/IMG_7252.jpg,pp5,pp5_printed,yolov8,clahe_canny,none,0.0,False,[],43.96
pp5/pp5_printed/IMG_7252.jpg,pp5,pp5_printed,ric1-v5,clahe_canny,none,0.0,False,[],42.67
pp5/pp5_printed/IMG_7252.jpg,pp5,pp5_printed,ric5-v1,clahe_canny,none,0.0,False,[],43.26
pp5/pp5_printed/IMG_7252.jpg,pp5,pp5_printed,ric1-ric5-v6,clahe_canny,none,0.0,False,[],42.91
pp5/pp5_printed/IVTT7280 (1).jpg,pp5,pp5_printed,yolov8,baseline,remote,0.3993,False,"[{""label"": ""remote"", ""confidence"": 0.39931854605674744, ""bbox"": [135, 314, 198, 401]}]",44.45
pp5/pp5_printed/IVTT7280 (1).jpg,pp5,pp5_printed,ric1-v5,baseline,none,0.0,False,[],41.24
pp5/pp5_printed/IVTT7280 (1).jpg,pp5,pp5_printed,ric5-v1,baseline,none,0.0,False,[],41.5
pp5/pp5_printed/IVTT7280 (1).jpg,pp5,pp5_printed,ric1-ric5-v6,baseline,none,0.0,False,[],43.08
pp5/pp5_printed/IVTT7280 (1).jpg,pp5,pp5_printed,yolov8,clahe,none,0.0,False,[],43.55
pp5/pp5_printed/IVTT7280 (1).jpg,pp5,pp5_printed,ric1-v5,clahe,pet1,0.3066,False,"[{""label"": ""pet1"", ""confidence"": 0.3066243827342987, ""bbox"": [31, 282, 99, 338]}]",40.67
pp5/pp5_printed/IVTT7280 (1).jpg,pp5,pp5_printed,ric5-v1,clahe,none,0.0,False,[],42.97
pp5/pp5_printed/IVTT7280 (1).jpg,pp5,pp5_printed,ric1-ric5-v6,clahe,none,0.0,False,[],41.63
pp5/pp5_printed/IVTT7280 (1).jpg,pp5,pp5_printed,yolov8,canny,clock,0.3751,False,"[{""label"": ""clock"", ""confidence"": 0.37507912516593933, ""bbox"": [141, 135, 197, 217]}]",44.45
pp5/pp5_printed/IVTT7280 (1).jpg,pp5,pp5_printed,ric1-v5,canny,none,0.0,False,[],41.41
pp5/pp5_printed/IVTT7280 (1).jpg,pp5,pp5_printed,ric5-v1,canny,none,0.0,False,[],42.35
pp5/pp5_printed/IVTT7280 (1).jpg,pp5,pp5_printed,ric1-ric5-v6,canny,none,0.0,False,[],41.37
pp5/pp5_printed/IVTT7280 (1).jpg,pp5,pp5_printed,yolov8,clahe_canny,none,0.0,False,[],47.09
pp5/pp5_printed/IVTT7280 (1).jpg,pp5,pp5_printed,ric1-v5,clahe_canny,none,0.0,False,[],44.55
pp5/pp5_printed/IVTT7280 (1).jpg,pp5,pp5_printed,ric5-v1,clahe_canny,none,0.0,False,[],43.25
pp5/pp5_printed/IVTT7280 (1).jpg,pp5,pp5_printed,ric1-ric5-v6,clahe_canny,none,0.0,False,[],46.87
pp5/pp5_printed/IVTT7280.jpg,pp5,pp5_printed,yolov8,baseline,remote,0.3993,False,"[{""label"": ""remote"", ""confidence"": 0.39931854605674744, ""bbox"": [135, 314, 198, 401]}]",46.66
pp5/pp5_printed/IVTT7280.jpg,pp5,pp5_printed,ric1-v5,baseline,none,0.0,False,[],42.47
pp5/pp5_printed/IVTT7280.jpg,pp5,pp5_printed,ric5-v1,baseline,none,0.0,False,[],41.71
pp5/pp5_printed/IVTT7280.jpg,pp5,pp5_printed,ric1-ric5-v6,baseline,none,0.0,False,[],69.18
pp5/pp5_printed/IVTT7280.jpg,pp5,pp5_printed,yolov8,clahe,none,0.0,False,[],43.78
pp5/pp5_printed/IVTT7280.jpg,pp5,pp5_printed,ric1-v5,clahe,pet1,0.3066,False,"[{""label"": ""pet1"", ""confidence"": 0.3066243827342987, ""bbox"": [31, 282, 99, 338]}]",43.84
pp5/pp5_printed/IVTT7280.jpg,pp5,pp5_printed,ric5-v1,clahe,none,0.0,False,[],42.72
pp5/pp5_printed/IVTT7280.jpg,pp5,pp5_printed,ric1-ric5-v6,clahe,none,0.0,False,[],42.7
pp5/pp5_printed/IVTT7280.jpg,pp5,pp5_printed,yolov8,canny,clock,0.3751,False,"[{""label"": ""clock"", ""confidence"": 0.37507912516593933, ""bbox"": [141, 135, 197, 217]}]",44.36
pp5/pp5_printed/IVTT7280.jpg,pp5,pp5_printed,ric1-v5,canny,none,0.0,False,[],42.54
pp5/pp5_printed/IVTT7280.jpg,pp5,pp5_printed,ric5-v1,canny,none,0.0,False,[],41.63
pp5/pp5_printed/IVTT7280.jpg,pp5,pp5_printed,ric1-ric5-v6,canny,none,0.0,False,[],41.88
pp5/pp5_printed/IVTT7280.jpg,pp5,pp5_printed,yolov8,clahe_canny,none,0.0,False,[],45.11
pp5/pp5_printed/IVTT7280.jpg,pp5,pp5_printed,ric1-v5,clahe_canny,none,0.0,False,[],43.99
pp5/pp5_printed/IVTT7280.jpg,pp5,pp5_printed,ric5-v1,clahe_canny,none,0.0,False,[],42.45
pp5/pp5_printed/IVTT7280.jpg,pp5,pp5_printed,ric1-ric5-v6,clahe_canny,none,0.0,False,[],42.69
pp5/pp5_special/IMG20220602104017.jpg,pp5,pp5_special,yolov8,baseline,none,0.0,False,[],43.06
pp5/pp5_special/IMG20220602104017.jpg,pp5,pp5_special,ric1-v5,baseline,none,0.0,False,[],41.85
pp5/pp5_special/IMG20220602104017.jpg,pp5,pp5_special,ric5-v1,baseline,none,0.0,False,[],45.54
pp5/pp5_special/IMG20220602104017.jpg,pp5,pp5_special,ric1-ric5-v6,baseline,none,0.0,False,[],44.72
pp5/pp5_special/IMG20220602104017.jpg,pp5,pp5_special,yolov8,clahe,none,0.0,False,[],48.2
pp5/pp5_special/IMG20220602104017.jpg,pp5,pp5_special,ric1-v5,clahe,pet1,0.2635,False,"[{""label"": ""pet1"", ""confidence"": 0.26347076892852783, ""bbox"": [197, 201, 240, 256]}]",44.49
pp5/pp5_special/IMG20220602104017.jpg,pp5,pp5_special,ric5-v1,clahe,pp5,0.6607,True,"[{""label"": ""pp5"", ""confidence"": 0.6606586575508118, ""bbox"": [198, 204, 239, 255]}, {""label"": ""pp5"", ""confidence"": 0.2741934061050415, ""bbox"": [201, 98, 246, 140]}]",42.07
pp5/pp5_special/IMG20220602104017.jpg,pp5,pp5_special,ric1-ric5-v6,clahe,none,0.0,False,[],41.92
pp5/pp5_special/IMG20220602104017.jpg,pp5,pp5_special,yolov8,canny,airplane,0.6218,False,"[{""label"": ""airplane"", ""confidence"": 0.6217525005340576, ""bbox"": [155, 277, 182, 293]}, {""label"": ""kite"", ""confidence"": 0.5622608661651611, ""bbox"": [293, 237, 333, 263]}, {""label"": ""kite"", ""confidence"": 0.39097827672958374, ""bbox"": [351, 310, 376, 322]}, {""label"": ""airplane"", ""confidence"": 0.3479823172092438, ""bbox"": [351, 310, 376, 322]}, {""label"": ""airplane"", ""confidence"": 0.34408360719680786, ""bbox"": [87, 166, 176, 185]}]",43.29
pp5/pp5_special/IMG20220602104017.jpg,pp5,pp5_special,ric1-v5,canny,none,0.0,False,[],42.69
pp5/pp5_special/IMG20220602104017.jpg,pp5,pp5_special,ric5-v1,canny,none,0.0,False,[],42.01
pp5/pp5_special/IMG20220602104017.jpg,pp5,pp5_special,ric1-ric5-v6,canny,none,0.0,False,[],42.91
pp5/pp5_special/IMG20220602104017.jpg,pp5,pp5_special,yolov8,clahe_canny,none,0.0,False,[],44.61
pp5/pp5_special/IMG20220602104017.jpg,pp5,pp5_special,ric1-v5,clahe_canny,none,0.0,False,[],42.29
pp5/pp5_special/IMG20220602104017.jpg,pp5,pp5_special,ric5-v1,clahe_canny,none,0.0,False,[],43.64
pp5/pp5_special/IMG20220602104017.jpg,pp5,pp5_special,ric1-ric5-v6,clahe_canny,none,0.0,False,[],43.01
pp5/pp5_special/IMG_6276.jpg,pp5,pp5_special,yolov8,baseline,none,0.0,False,[],45.06
pp5/pp5_special/IMG_6276.jpg,pp5,pp5_special,ric1-v5,baseline,none,0.0,False,[],41.34
pp5/pp5_special/IMG_6276.jpg,pp5,pp5_special,ric5-v1,baseline,none,0.0,False,[],42.34
pp5/pp5_special/IMG_6276.jpg,pp5,pp5_special,ric1-ric5-v6,baseline,none,0.0,False,[],42.19
pp5/pp5_special/IMG_6276.jpg,pp5,pp5_special,yolov8,clahe,none,0.0,False,[],45.12
pp5/pp5_special/IMG_6276.jpg,pp5,pp5_special,ric1-v5,clahe,none,0.0,False,[],43.42
pp5/pp5_special/IMG_6276.jpg,pp5,pp5_special,ric5-v1,clahe,none,0.0,False,[],41.38
pp5/pp5_special/IMG_6276.jpg,pp5,pp5_special,ric1-ric5-v6,clahe,none,0.0,False,[],42.54
pp5/pp5_special/IMG_6276.jpg,pp5,pp5_special,yolov8,canny,traffic light,0.531,False,"[{""label"": ""traffic light"", ""confidence"": 0.5310303568840027, ""bbox"": [91, 96, 126, 129]}]",48.03
pp5/pp5_special/IMG_6276.jpg,pp5,pp5_special,ric1-v5,canny,none,0.0,False,[],50.02
pp5/pp5_special/IMG_6276.jpg,pp5,pp5_special,ric5-v1,canny,none,0.0,False,[],47.14
pp5/pp5_special/IMG_6276.jpg,pp5,pp5_special,ric1-ric5-v6,canny,none,0.0,False,[],45.74
pp5/pp5_special/IMG_6276.jpg,pp5,pp5_special,yolov8,clahe_canny,none,0.0,False,[],44.14
pp5/pp5_special/IMG_6276.jpg,pp5,pp5_special,ric1-v5,clahe_canny,none,0.0,False,[],42.29
pp5/pp5_special/IMG_6276.jpg,pp5,pp5_special,ric5-v1,clahe_canny,none,0.0,False,[],42.44
pp5/pp5_special/IMG_6276.jpg,pp5,pp5_special,ric1-ric5-v6,clahe_canny,none,0.0,False,[],42.03
pp5/pp5_special/IMG_6354.jpg,pp5,pp5_special,yolov8,baseline,scissors,0.4022,False,"[{""label"": ""scissors"", ""confidence"": 0.4021749496459961, ""bbox"": [20, 48, 180, 209]}]",43.99
pp5/pp5_special/IMG_6354.jpg,pp5,pp5_special,ric1-v5,baseline,none,0.0,False,[],43.0
pp5/pp5_special/IMG_6354.jpg,pp5,pp5_special,ric5-v1,baseline,none,0.0,False,[],42.45
pp5/pp5_special/IMG_6354.jpg,pp5,pp5_special,ric1-ric5-v6,baseline,none,0.0,False,[],42.94
pp5/pp5_special/IMG_6354.jpg,pp5,pp5_special,yolov8,clahe,none,0.0,False,[],45.17
pp5/pp5_special/IMG_6354.jpg,pp5,pp5_special,ric1-v5,clahe,none,0.0,False,[],42.21
pp5/pp5_special/IMG_6354.jpg,pp5,pp5_special,ric5-v1,clahe,none,0.0,False,[],43.48
pp5/pp5_special/IMG_6354.jpg,pp5,pp5_special,ric1-ric5-v6,clahe,none,0.0,False,[],42.18
pp5/pp5_special/IMG_6354.jpg,pp5,pp5_special,yolov8,canny,none,0.0,False,[],44.51
pp5/pp5_special/IMG_6354.jpg,pp5,pp5_special,ric1-v5,canny,none,0.0,False,[],43.69
pp5/pp5_special/IMG_6354.jpg,pp5,pp5_special,ric5-v1,canny,pp5,0.4758,True,"[{""label"": ""pp5"", ""confidence"": 0.47581857442855835, ""bbox"": [75, 139, 135, 204]}]",42.49
pp5/pp5_special/IMG_6354.jpg,pp5,pp5_special,ric1-ric5-v6,canny,none,0.0,False,[],41.59
pp5/pp5_special/IMG_6354.jpg,pp5,pp5_special,yolov8,clahe_canny,none,0.0,False,[],44.35
pp5/pp5_special/IMG_6354.jpg,pp5,pp5_special,ric1-v5,clahe_canny,none,0.0,False,[],42.47
pp5/pp5_special/IMG_6354.jpg,pp5,pp5_special,ric5-v1,clahe_canny,pp5,0.8473,True,"[{""label"": ""pp5"", ""confidence"": 0.8472742438316345, ""bbox"": [81, 149, 136, 209]}, {""label"": ""pp5"", ""confidence"": 0.5798431634902954, ""bbox"": [72, 158, 107, 208]}, {""label"": ""pp5"", ""confidence"": 0.3223138451576233, ""bbox"": [71, 154, 122, 208]}]",46.03
pp5/pp5_special/IMG_6354.jpg,pp5,pp5_special,ric1-ric5-v6,clahe_canny,none,0.0,False,[],43.98
pp5/pp5_special/IMG_9721.jpg,pp5,pp5_special,yolov8,baseline,none,0.0,False,[],46.93
pp5/pp5_special/IMG_9721.jpg,pp5,pp5_special,ric1-v5,baseline,none,0.0,False,[],45.63
pp5/pp5_special/IMG_9721.jpg,pp5,pp5_special,ric5-v1,baseline,none,0.0,False,[],42.76
pp5/pp5_special/IMG_9721.jpg,pp5,pp5_special,ric1-ric5-v6,baseline,none,0.0,False,[],42.5
pp5/pp5_special/IMG_9721.jpg,pp5,pp5_special,yolov8,clahe,none,0.0,False,[],44.44
pp5/pp5_special/IMG_9721.jpg,pp5,pp5_special,ric1-v5,clahe,none,0.0,False,[],42.5
pp5/pp5_special/IMG_9721.jpg,pp5,pp5_special,ric5-v1,clahe,none,0.0,False,[],43.94
pp5/pp5_special/IMG_9721.jpg,pp5,pp5_special,ric1-ric5-v6,clahe,none,0.0,False,[],42.07
pp5/pp5_special/IMG_9721.jpg,pp5,pp5_special,yolov8,canny,none,0.0,False,[],44.11
pp5/pp5_special/IMG_9721.jpg,pp5,pp5_special,ric1-v5,canny,none,0.0,False,[],42.61
pp5/pp5_special/IMG_9721.jpg,pp5,pp5_special,ric5-v1,canny,none,0.0,False,[],43.13
pp5/pp5_special/IMG_9721.jpg,pp5,pp5_special,ric1-ric5-v6,canny,none,0.0,False,[],43.62
pp5/pp5_special/IMG_9721.jpg,pp5,pp5_special,yolov8,clahe_canny,none,0.0,False,[],43.18
pp5/pp5_special/IMG_9721.jpg,pp5,pp5_special,ric1-v5,clahe_canny,none,0.0,False,[],44.17
pp5/pp5_special/IMG_9721.jpg,pp5,pp5_special,ric5-v1,clahe_canny,none,0.0,False,[],42.29
pp5/pp5_special/IMG_9721.jpg,pp5,pp5_special,ric1-ric5-v6,clahe_canny,none,0.0,False,[],41.51
pp5/pp5_special/IMG_9725.jpg,pp5,pp5_special,yolov8,baseline,none,0.0,False,[],45.54
pp5/pp5_special/IMG_9725.jpg,pp5,pp5_special,ric1-v5,baseline,none,0.0,False,[],42.6
pp5/pp5_special/IMG_9725.jpg,pp5,pp5_special,ric5-v1,baseline,none,0.0,False,[],41.34
pp5/pp5_special/IMG_9725.jpg,pp5,pp5_special,ric1-ric5-v6,baseline,none,0.0,False,[],42.18
pp5/pp5_special/IMG_9725.jpg,pp5,pp5_special,yolov8,clahe,none,0.0,False,[],48.34
pp5/pp5_special/IMG_9725.jpg,pp5,pp5_special,ric1-v5,clahe,none,0.0,False,[],42.75
pp5/pp5_special/IMG_9725.jpg,pp5,pp5_special,ric5-v1,clahe,none,0.0,False,[],46.49
pp5/pp5_special/IMG_9725.jpg,pp5,pp5_special,ric1-ric5-v6,clahe,none,0.0,False,[],46.37
pp5/pp5_special/IMG_9725.jpg,pp5,pp5_special,yolov8,canny,none,0.0,False,[],43.05
pp5/pp5_special/IMG_9725.jpg,pp5,pp5_special,ric1-v5,canny,none,0.0,False,[],42.48
pp5/pp5_special/IMG_9725.jpg,pp5,pp5_special,ric5-v1,canny,none,0.0,False,[],43.18
pp5/pp5_special/IMG_9725.jpg,pp5,pp5_special,ric1-ric5-v6,canny,none,0.0,False,[],42.22
pp5/pp5_special/IMG_9725.jpg,pp5,pp5_special,yolov8,clahe_canny,none,0.0,False,[],45.19
pp5/pp5_special/IMG_9725.jpg,pp5,pp5_special,ric1-v5,clahe_canny,pet1,0.4398,False,"[{""label"": ""pet1"", ""confidence"": 0.43976449966430664, ""bbox"": [75, 24, 101, 45]}]",41.78
pp5/pp5_special/IMG_9725.jpg,pp5,pp5_special,ric5-v1,clahe_canny,pp5,0.6329,True,"[{""label"": ""pp5"", ""confidence"": 0.6328694820404053, ""bbox"": [115, 72, 152, 106]}]",42.78
pp5/pp5_special/IMG_9725.jpg,pp5,pp5_special,ric1-ric5-v6,clahe_canny,none,0.0,False,[],42.36
pp5/pp5_special/IMG_9727.jpg,pp5,pp5_special,yolov8,baseline,none,0.0,False,[],44.08
pp5/pp5_special/IMG_9727.jpg,pp5,pp5_special,ric1-v5,baseline,none,0.0,False,[],41.68
pp5/pp5_special/IMG_9727.jpg,pp5,pp5_special,ric5-v1,baseline,none,0.0,False,[],41.76
pp5/pp5_special/IMG_9727.jpg,pp5,pp5_special,ric1-ric5-v6,baseline,none,0.0,False,[],40.83
pp5/pp5_special/IMG_9727.jpg,pp5,pp5_special,yolov8,clahe,none,0.0,False,[],43.96
pp5/pp5_special/IMG_9727.jpg,pp5,pp5_special,ric1-v5,clahe,none,0.0,False,[],42.64
pp5/pp5_special/IMG_9727.jpg,pp5,pp5_special,ric5-v1,clahe,none,0.0,False,[],41.77
pp5/pp5_special/IMG_9727.jpg,pp5,pp5_special,ric1-ric5-v6,clahe,none,0.0,False,[],42.75
pp5/pp5_special/IMG_9727.jpg,pp5,pp5_special,yolov8,canny,none,0.0,False,[],43.8
pp5/pp5_special/IMG_9727.jpg,pp5,pp5_special,ric1-v5,canny,none,0.0,False,[],42.2
pp5/pp5_special/IMG_9727.jpg,pp5,pp5_special,ric5-v1,canny,none,0.0,False,[],44.8
pp5/pp5_special/IMG_9727.jpg,pp5,pp5_special,ric1-ric5-v6,canny,pp5,0.4999,True,"[{""label"": ""pp5"", ""confidence"": 0.49994051456451416, ""bbox"": [109, 141, 143, 166]}]",44.11
pp5/pp5_special/IMG_9727.jpg,pp5,pp5_special,yolov8,clahe_canny,none,0.0,False,[],46.28
pp5/pp5_special/IMG_9727.jpg,pp5,pp5_special,ric1-v5,clahe_canny,none,0.0,False,[],47.26
pp5/pp5_special/IMG_9727.jpg,pp5,pp5_special,ric5-v1,clahe_canny,none,0.0,False,[],43.5
pp5/pp5_special/IMG_9727.jpg,pp5,pp5_special,ric1-ric5-v6,clahe_canny,none,0.0,False,[],42.01
pp5/pp5_special/IMG_9729.jpg,pp5,pp5_special,yolov8,baseline,none,0.0,False,[],44.75
pp5/pp5_special/IMG_9729.jpg,pp5,pp5_special,ric1-v5,baseline,none,0.0,False,[],41.74
pp5/pp5_special/IMG_9729.jpg,pp5,pp5_special,ric5-v1,baseline,none,0.0,False,[],42.28
pp5/pp5_special/IMG_9729.jpg,pp5,pp5_special,ric1-ric5-v6,baseline,none,0.0,False,[],42.1
pp5/pp5_special/IMG_9729.jpg,pp5,pp5_special,yolov8,clahe,person,0.3502,False,"[{""label"": ""person"", ""confidence"": 0.3501901626586914, ""bbox"": [150, 201, 188, 223]}]",43.39
pp5/pp5_special/IMG_9729.jpg,pp5,pp5_special,ric1-v5,clahe,none,0.0,False,[],41.09
pp5/pp5_special/IMG_9729.jpg,pp5,pp5_special,ric5-v1,clahe,none,0.0,False,[],43.55
pp5/pp5_special/IMG_9729.jpg,pp5,pp5_special,ric1-ric5-v6,clahe,none,0.0,False,[],41.67
pp5/pp5_special/IMG_9729.jpg,pp5,pp5_special,yolov8,canny,none,0.0,False,[],43.82
pp5/pp5_special/IMG_9729.jpg,pp5,pp5_special,ric1-v5,canny,none,0.0,False,[],43.5
pp5/pp5_special/IMG_9729.jpg,pp5,pp5_special,ric5-v1,canny,none,0.0,False,[],41.93
pp5/pp5_special/IMG_9729.jpg,pp5,pp5_special,ric1-ric5-v6,canny,none,0.0,False,[],42.12
pp5/pp5_special/IMG_9729.jpg,pp5,pp5_special,yolov8,clahe_canny,none,0.0,False,[],43.75
pp5/pp5_special/IMG_9729.jpg,pp5,pp5_special,ric1-v5,clahe_canny,none,0.0,False,[],42.4
pp5/pp5_special/IMG_9729.jpg,pp5,pp5_special,ric5-v1,clahe_canny,none,0.0,False,[],40.86
pp5/pp5_special/IMG_9729.jpg,pp5,pp5_special,ric1-ric5-v6,clahe_canny,none,0.0,False,[],42.05
pp5/pp5_special/JGHG2968.jpg,pp5,pp5_special,yolov8,baseline,none,0.0,False,[],47.96
pp5/pp5_special/JGHG2968.jpg,pp5,pp5_special,ric1-v5,baseline,none,0.0,False,[],45.01
pp5/pp5_special/JGHG2968.jpg,pp5,pp5_special,ric5-v1,baseline,none,0.0,False,[],44.85
pp5/pp5_special/JGHG2968.jpg,pp5,pp5_special,ric1-ric5-v6,baseline,none,0.0,False,[],45.27
pp5/pp5_special/JGHG2968.jpg,pp5,pp5_special,yolov8,clahe,none,0.0,False,[],46.19
pp5/pp5_special/JGHG2968.jpg,pp5,pp5_special,ric1-v5,clahe,none,0.0,False,[],42.19
pp5/pp5_special/JGHG2968.jpg,pp5,pp5_special,ric5-v1,clahe,pp5,0.3886,True,"[{""label"": ""pp5"", ""confidence"": 0.3885740339756012, ""bbox"": [174, 32, 194, 55]}]",42.17
pp5/pp5_special/JGHG2968.jpg,pp5,pp5_special,ric1-ric5-v6,clahe,none,0.0,False,[],42.32
pp5/pp5_special/JGHG2968.jpg,pp5,pp5_special,yolov8,canny,none,0.0,False,[],45.51
pp5/pp5_special/JGHG2968.jpg,pp5,pp5_special,ric1-v5,canny,pet1,0.3551,False,"[{""label"": ""pet1"", ""confidence"": 0.3551129102706909, ""bbox"": [0, 0, 34, 29]}]",41.68
pp5/pp5_special/JGHG2968.jpg,pp5,pp5_special,ric5-v1,canny,none,0.0,False,[],42.64
pp5/pp5_special/JGHG2968.jpg,pp5,pp5_special,ric1-ric5-v6,canny,none,0.0,False,[],42.79
pp5/pp5_special/JGHG2968.jpg,pp5,pp5_special,yolov8,clahe_canny,none,0.0,False,[],45.37
pp5/pp5_special/JGHG2968.jpg,pp5,pp5_special,ric1-v5,clahe_canny,none,0.0,False,[],41.18
pp5/pp5_special/JGHG2968.jpg,pp5,pp5_special,ric5-v1,clahe_canny,pp5,0.3932,True,"[{""label"": ""pp5"", ""confidence"": 0.393169105052948, ""bbox"": [0, 81, 19, 123]}]",42.75
pp5/pp5_special/JGHG2968.jpg,pp5,pp5_special,ric1-ric5-v6,clahe_canny,none,0.0,False,[],42.66
pp5/pp5_special/KJHC2625.jpg,pp5,pp5_special,yolov8,baseline,none,0.0,False,[],44.28
pp5/pp5_special/KJHC2625.jpg,pp5,pp5_special,ric1-v5,baseline,none,0.0,False,[],42.79
pp5/pp5_special/KJHC2625.jpg,pp5,pp5_special,ric5-v1,baseline,pp5,0.5356,True,"[{""label"": ""pp5"", ""confidence"": 0.5355702042579651, ""bbox"": [86, 99, 107, 118]}]",42.19
pp5/pp5_special/KJHC2625.jpg,pp5,pp5_special,ric1-ric5-v6,baseline,pp5,0.4498,True,"[{""label"": ""pp5"", ""confidence"": 0.4497985541820526, ""bbox"": [0, 99, 36, 124]}]",41.03
pp5/pp5_special/KJHC2625.jpg,pp5,pp5_special,yolov8,clahe,none,0.0,False,[],44.82
pp5/pp5_special/KJHC2625.jpg,pp5,pp5_special,ric1-v5,clahe,none,0.0,False,[],42.96
pp5/pp5_special/KJHC2625.jpg,pp5,pp5_special,ric5-v1,clahe,none,0.0,False,[],46.89
pp5/pp5_special/KJHC2625.jpg,pp5,pp5_special,ric1-ric5-v6,clahe,none,0.0,False,[],47.17
pp5/pp5_special/KJHC2625.jpg,pp5,pp5_special,yolov8,canny,none,0.0,False,[],47.02
pp5/pp5_special/KJHC2625.jpg,pp5,pp5_special,ric1-v5,canny,pet1,0.8376,False,"[{""label"": ""pet1"", ""confidence"": 0.8376061320304871, ""bbox"": [59, 126, 85, 148]}]",44.84
pp5/pp5_special/KJHC2625.jpg,pp5,pp5_special,ric5-v1,canny,none,0.0,False,[],43.83
pp5/pp5_special/KJHC2625.jpg,pp5,pp5_special,ric1-ric5-v6,canny,none,0.0,False,[],42.15
pp5/pp5_special/KJHC2625.jpg,pp5,pp5_special,yolov8,clahe_canny,none,0.0,False,[],45.56
pp5/pp5_special/KJHC2625.jpg,pp5,pp5_special,ric1-v5,clahe_canny,none,0.0,False,[],41.79
pp5/pp5_special/KJHC2625.jpg,pp5,pp5_special,ric5-v1,clahe_canny,pp5,0.2708,True,"[{""label"": ""pp5"", ""confidence"": 0.27084895968437195, ""bbox"": [0, 132, 25, 159]}]",41.82
pp5/pp5_special/KJHC2625.jpg,pp5,pp5_special,ric1-ric5-v6,clahe_canny,none,0.0,False,[],42.51
pp5/pp5_special/NLGL7509.jpg,pp5,pp5_special,yolov8,baseline,none,0.0,False,[],42.84
pp5/pp5_special/NLGL7509.jpg,pp5,pp5_special,ric1-v5,baseline,none,0.0,False,[],42.75
pp5/pp5_special/NLGL7509.jpg,pp5,pp5_special,ric5-v1,baseline,none,0.0,False,[],42.74
pp5/pp5_special/NLGL7509.jpg,pp5,pp5_special,ric1-ric5-v6,baseline,none,0.0,False,[],41.35
pp5/pp5_special/NLGL7509.jpg,pp5,pp5_special,yolov8,clahe,toilet,0.2825,False,"[{""label"": ""toilet"", ""confidence"": 0.2824662923812866, ""bbox"": [84, 172, 137, 223]}]",44.45
pp5/pp5_special/NLGL7509.jpg,pp5,pp5_special,ric1-v5,clahe,pet1,0.662,False,"[{""label"": ""pet1"", ""confidence"": 0.6619548201560974, ""bbox"": [120, 207, 132, 223]}]",41.76
pp5/pp5_special/NLGL7509.jpg,pp5,pp5_special,ric5-v1,clahe,none,0.0,False,[],42.61
pp5/pp5_special/NLGL7509.jpg,pp5,pp5_special,ric1-ric5-v6,clahe,none,0.0,False,[],41.7
pp5/pp5_special/NLGL7509.jpg,pp5,pp5_special,yolov8,canny,none,0.0,False,[],42.9
pp5/pp5_special/NLGL7509.jpg,pp5,pp5_special,ric1-v5,canny,none,0.0,False,[],41.69
pp5/pp5_special/NLGL7509.jpg,pp5,pp5_special,ric5-v1,canny,none,0.0,False,[],40.65
pp5/pp5_special/NLGL7509.jpg,pp5,pp5_special,ric1-ric5-v6,canny,none,0.0,False,[],43.22
pp5/pp5_special/NLGL7509.jpg,pp5,pp5_special,yolov8,clahe_canny,none,0.0,False,[],47.3
pp5/pp5_special/NLGL7509.jpg,pp5,pp5_special,ric1-v5,clahe_canny,none,0.0,False,[],45.45
pp5/pp5_special/NLGL7509.jpg,pp5,pp5_special,ric5-v1,clahe_canny,pp5,0.6344,True,"[{""label"": ""pp5"", ""confidence"": 0.6343581080436707, ""bbox"": [83, 172, 132, 216]}]",45.42
pp5/pp5_special/NLGL7509.jpg,pp5,pp5_special,ric1-ric5-v6,clahe_canny,none,0.0,False,[],45.22
pp5/pp5_special/RQLB2348.jpg,pp5,pp5_special,yolov8,baseline,none,0.0,False,[],44.99
pp5/pp5_special/RQLB2348.jpg,pp5,pp5_special,ric1-v5,baseline,none,0.0,False,[],43.01
pp5/pp5_special/RQLB2348.jpg,pp5,pp5_special,ric5-v1,baseline,none,0.0,False,[],42.28
pp5/pp5_special/RQLB2348.jpg,pp5,pp5_special,ric1-ric5-v6,baseline,none,0.0,False,[],42.2
pp5/pp5_special/RQLB2348.jpg,pp5,pp5_special,yolov8,clahe,airplane,0.2673,False,"[{""label"": ""airplane"", ""confidence"": 0.26730936765670776, ""bbox"": [12, 41, 203, 219]}]",44.59
pp5/pp5_special/RQLB2348.jpg,pp5,pp5_special,ric1-v5,clahe,none,0.0,False,[],41.87
pp5/pp5_special/RQLB2348.jpg,pp5,pp5_special,ric5-v1,clahe,pp5,0.3899,True,"[{""label"": ""pp5"", ""confidence"": 0.3899405598640442, ""bbox"": [120, 178, 151, 208]}]",43.44
pp5/pp5_special/RQLB2348.jpg,pp5,pp5_special,ric1-ric5-v6,clahe,none,0.0,False,[],43.0
pp5/pp5_special/RQLB2348.jpg,pp5,pp5_special,yolov8,canny,none,0.0,False,[],43.52
pp5/pp5_special/RQLB2348.jpg,pp5,pp5_special,ric1-v5,canny,none,0.0,False,[],41.37
pp5/pp5_special/RQLB2348.jpg,pp5,pp5_special,ric5-v1,canny,pp5,0.2531,True,"[{""label"": ""pp5"", ""confidence"": 0.2530538737773895, ""bbox"": [90, 120, 127, 159]}]",42.99
pp5/pp5_special/RQLB2348.jpg,pp5,pp5_special,ric1-ric5-v6,canny,none,0.0,False,[],42.88
pp5/pp5_special/RQLB2348.jpg,pp5,pp5_special,yolov8,clahe_canny,none,0.0,False,[],44.48
pp5/pp5_special/RQLB2348.jpg,pp5,pp5_special,ric1-v5,clahe_canny,none,0.0,False,[],43.76
pp5/pp5_special/RQLB2348.jpg,pp5,pp5_special,ric5-v1,clahe_canny,pp5,0.6307,True,"[{""label"": ""pp5"", ""confidence"": 0.6307483315467834, ""bbox"": [194, 0, 223, 55]}]",42.52
pp5/pp5_special/RQLB2348.jpg,pp5,pp5_special,ric1-ric5-v6,clahe_canny,none,0.0,False,[],42.27
pp5/pp5_transluent_embossed/IBLP0622.jpg,pp5,pp5_transluent_embossed,yolov8,baseline,none,0.0,False,[],64.37
pp5/pp5_transluent_embossed/IBLP0622.jpg,pp5,pp5_transluent_embossed,ric1-v5,baseline,none,0.0,False,[],45.61
pp5/pp5_transluent_embossed/IBLP0622.jpg,pp5,pp5_transluent_embossed,ric5-v1,baseline,none,0.0,False,[],47.91
pp5/pp5_transluent_embossed/IBLP0622.jpg,pp5,pp5_transluent_embossed,ric1-ric5-v6,baseline,none,0.0,False,[],44.69
pp5/pp5_transluent_embossed/IBLP0622.jpg,pp5,pp5_transluent_embossed,yolov8,clahe,none,0.0,False,[],48.92
pp5/pp5_transluent_embossed/IBLP0622.jpg,pp5,pp5_transluent_embossed,ric1-v5,clahe,none,0.0,False,[],46.87
pp5/pp5_transluent_embossed/IBLP0622.jpg,pp5,pp5_transluent_embossed,ric5-v1,clahe,none,0.0,False,[],42.53
pp5/pp5_transluent_embossed/IBLP0622.jpg,pp5,pp5_transluent_embossed,ric1-ric5-v6,clahe,none,0.0,False,[],41.83
pp5/pp5_transluent_embossed/IBLP0622.jpg,pp5,pp5_transluent_embossed,yolov8,canny,none,0.0,False,[],44.57
pp5/pp5_transluent_embossed/IBLP0622.jpg,pp5,pp5_transluent_embossed,ric1-v5,canny,none,0.0,False,[],43.49
pp5/pp5_transluent_embossed/IBLP0622.jpg,pp5,pp5_transluent_embossed,ric5-v1,canny,none,0.0,False,[],41.92
pp5/pp5_transluent_embossed/IBLP0622.jpg,pp5,pp5_transluent_embossed,ric1-ric5-v6,canny,none,0.0,False,[],42.99
pp5/pp5_transluent_embossed/IBLP0622.jpg,pp5,pp5_transluent_embossed,yolov8,clahe_canny,none,0.0,False,[],43.84
pp5/pp5_transluent_embossed/IBLP0622.jpg,pp5,pp5_transluent_embossed,ric1-v5,clahe_canny,none,0.0,False,[],43.69
pp5/pp5_transluent_embossed/IBLP0622.jpg,pp5,pp5_transluent_embossed,ric5-v1,clahe_canny,none,0.0,False,[],41.97
pp5/pp5_transluent_embossed/IBLP0622.jpg,pp5,pp5_transluent_embossed,ric1-ric5-v6,clahe_canny,none,0.0,False,[],42.21
pp5/pp5_transluent_embossed/IMG20220601155556 (1).jpg,pp5,pp5_transluent_embossed,yolov8,baseline,none,0.0,False,[],43.59
pp5/pp5_transluent_embossed/IMG20220601155556 (1).jpg,pp5,pp5_transluent_embossed,ric1-v5,baseline,none,0.0,False,[],42.88
pp5/pp5_transluent_embossed/IMG20220601155556 (1).jpg,pp5,pp5_transluent_embossed,ric5-v1,baseline,none,0.0,False,[],42.02
pp5/pp5_transluent_embossed/IMG20220601155556 (1).jpg,pp5,pp5_transluent_embossed,ric1-ric5-v6,baseline,none,0.0,False,[],41.71
pp5/pp5_transluent_embossed/IMG20220601155556 (1).jpg,pp5,pp5_transluent_embossed,yolov8,clahe,none,0.0,False,[],45.23
pp5/pp5_transluent_embossed/IMG20220601155556 (1).jpg,pp5,pp5_transluent_embossed,ric1-v5,clahe,none,0.0,False,[],42.31
pp5/pp5_transluent_embossed/IMG20220601155556 (1).jpg,pp5,pp5_transluent_embossed,ric5-v1,clahe,none,0.0,False,[],42.96
pp5/pp5_transluent_embossed/IMG20220601155556 (1).jpg,pp5,pp5_transluent_embossed,ric1-ric5-v6,clahe,none,0.0,False,[],42.13
pp5/pp5_transluent_embossed/IMG20220601155556 (1).jpg,pp5,pp5_transluent_embossed,yolov8,canny,kite,0.5045,False,"[{""label"": ""kite"", ""confidence"": 0.5045250654220581, ""bbox"": [105, 161, 179, 237]}, {""label"": ""bird"", ""confidence"": 0.354571133852005, ""bbox"": [310, 154, 329, 177]}]",50.31
pp5/pp5_transluent_embossed/IMG20220601155556 (1).jpg,pp5,pp5_transluent_embossed,ric1-v5,canny,none,0.0,False,[],42.68
pp5/pp5_transluent_embossed/IMG20220601155556 (1).jpg,pp5,pp5_transluent_embossed,ric5-v1,canny,none,0.0,False,[],47.74
pp5/pp5_transluent_embossed/IMG20220601155556 (1).jpg,pp5,pp5_transluent_embossed,ric1-ric5-v6,canny,none,0.0,False,[],45.52
pp5/pp5_transluent_embossed/IMG20220601155556 (1).jpg,pp5,pp5_transluent_embossed,yolov8,clahe_canny,none,0.0,False,[],43.26
pp5/pp5_transluent_embossed/IMG20220601155556 (1).jpg,pp5,pp5_transluent_embossed,ric1-v5,clahe_canny,none,0.0,False,[],41.98
pp5/pp5_transluent_embossed/IMG20220601155556 (1).jpg,pp5,pp5_transluent_embossed,ric5-v1,clahe_canny,pp5,0.4503,True,"[{""label"": ""pp5"", ""confidence"": 0.4503087103366852, ""bbox"": [188, 48, 305, 187]}, {""label"": ""pp5"", ""confidence"": 0.37978076934814453, ""bbox"": [135, 267, 233, 363]}]",42.43
pp5/pp5_transluent_embossed/IMG20220601155556 (1).jpg,pp5,pp5_transluent_embossed,ric1-ric5-v6,clahe_canny,none,0.0,False,[],42.35
pp5/pp5_transluent_embossed/IMG20220601155556.jpg,pp5,pp5_transluent_embossed,yolov8,baseline,none,0.0,False,[],44.76
pp5/pp5_transluent_embossed/IMG20220601155556.jpg,pp5,pp5_transluent_embossed,ric1-v5,baseline,none,0.0,False,[],42.54
pp5/pp5_transluent_embossed/IMG20220601155556.jpg,pp5,pp5_transluent_embossed,ric5-v1,baseline,none,0.0,False,[],42.51
pp5/pp5_transluent_embossed/IMG20220601155556.jpg,pp5,pp5_transluent_embossed,ric1-ric5-v6,baseline,none,0.0,False,[],43.96
pp5/pp5_transluent_embossed/IMG20220601155556.jpg,pp5,pp5_transluent_embossed,yolov8,clahe,none,0.0,False,[],45.13
pp5/pp5_transluent_embossed/IMG20220601155556.jpg,pp5,pp5_transluent_embossed,ric1-v5,clahe,none,0.0,False,[],42.02
pp5/pp5_transluent_embossed/IMG20220601155556.jpg,pp5,pp5_transluent_embossed,ric5-v1,clahe,none,0.0,False,[],42.5
pp5/pp5_transluent_embossed/IMG20220601155556.jpg,pp5,pp5_transluent_embossed,ric1-ric5-v6,clahe,none,0.0,False,[],42.79
pp5/pp5_transluent_embossed/IMG20220601155556.jpg,pp5,pp5_transluent_embossed,yolov8,canny,kite,0.5045,False,"[{""label"": ""kite"", ""confidence"": 0.5045250654220581, ""bbox"": [105, 161, 179, 237]}, {""label"": ""bird"", ""confidence"": 0.354571133852005, ""bbox"": [310, 154, 329, 177]}]",43.02
pp5/pp5_transluent_embossed/IMG20220601155556.jpg,pp5,pp5_transluent_embossed,ric1-v5,canny,none,0.0,False,[],40.99
pp5/pp5_transluent_embossed/IMG20220601155556.jpg,pp5,pp5_transluent_embossed,ric5-v1,canny,none,0.0,False,[],41.23
pp5/pp5_transluent_embossed/IMG20220601155556.jpg,pp5,pp5_transluent_embossed,ric1-ric5-v6,canny,none,0.0,False,[],41.88
pp5/pp5_transluent_embossed/IMG20220601155556.jpg,pp5,pp5_transluent_embossed,yolov8,clahe_canny,none,0.0,False,[],43.21
pp5/pp5_transluent_embossed/IMG20220601155556.jpg,pp5,pp5_transluent_embossed,ric1-v5,clahe_canny,none,0.0,False,[],42.98
pp5/pp5_transluent_embossed/IMG20220601155556.jpg,pp5,pp5_transluent_embossed,ric5-v1,clahe_canny,pp5,0.4503,True,"[{""label"": ""pp5"", ""confidence"": 0.4503087103366852, ""bbox"": [188, 48, 305, 187]}, {""label"": ""pp5"", ""confidence"": 0.37978076934814453, ""bbox"": [135, 267, 233, 363]}]",47.23
pp5/pp5_transluent_embossed/IMG20220601155556.jpg,pp5,pp5_transluent_embossed,ric1-ric5-v6,clahe_canny,none,0.0,False,[],44.05
pp5/pp5_transluent_embossed/IMG20220601155655 (1).jpg,pp5,pp5_transluent_embossed,yolov8,baseline,none,0.0,False,[],45.79
pp5/pp5_transluent_embossed/IMG20220601155655 (1).jpg,pp5,pp5_transluent_embossed,ric1-v5,baseline,none,0.0,False,[],45.17
pp5/pp5_transluent_embossed/IMG20220601155655 (1).jpg,pp5,pp5_transluent_embossed,ric5-v1,baseline,none,0.0,False,[],41.81
pp5/pp5_transluent_embossed/IMG20220601155655 (1).jpg,pp5,pp5_transluent_embossed,ric1-ric5-v6,baseline,none,0.0,False,[],42.11
pp5/pp5_transluent_embossed/IMG20220601155655 (1).jpg,pp5,pp5_transluent_embossed,yolov8,clahe,none,0.0,False,[],45.08
pp5/pp5_transluent_embossed/IMG20220601155655 (1).jpg,pp5,pp5_transluent_embossed,ric1-v5,clahe,none,0.0,False,[],41.92
pp5/pp5_transluent_embossed/IMG20220601155655 (1).jpg,pp5,pp5_transluent_embossed,ric5-v1,clahe,none,0.0,False,[],44.03
pp5/pp5_transluent_embossed/IMG20220601155655 (1).jpg,pp5,pp5_transluent_embossed,ric1-ric5-v6,clahe,none,0.0,False,[],42.39
pp5/pp5_transluent_embossed/IMG20220601155655 (1).jpg,pp5,pp5_transluent_embossed,yolov8,canny,none,0.0,False,[],44.44
pp5/pp5_transluent_embossed/IMG20220601155655 (1).jpg,pp5,pp5_transluent_embossed,ric1-v5,canny,none,0.0,False,[],42.93
pp5/pp5_transluent_embossed/IMG20220601155655 (1).jpg,pp5,pp5_transluent_embossed,ric5-v1,canny,none,0.0,False,[],42.15
pp5/pp5_transluent_embossed/IMG20220601155655 (1).jpg,pp5,pp5_transluent_embossed,ric1-ric5-v6,canny,none,0.0,False,[],42.37
pp5/pp5_transluent_embossed/IMG20220601155655 (1).jpg,pp5,pp5_transluent_embossed,yolov8,clahe_canny,none,0.0,False,[],43.28
pp5/pp5_transluent_embossed/IMG20220601155655 (1).jpg,pp5,pp5_transluent_embossed,ric1-v5,clahe_canny,none,0.0,False,[],41.69
pp5/pp5_transluent_embossed/IMG20220601155655 (1).jpg,pp5,pp5_transluent_embossed,ric5-v1,clahe_canny,pp5,0.7122,True,"[{""label"": ""pp5"", ""confidence"": 0.7121626138687134, ""bbox"": [145, 139, 262, 248]}, {""label"": ""pp5"", ""confidence"": 0.7100440263748169, ""bbox"": [169, 147, 266, 234]}]",41.84
pp5/pp5_transluent_embossed/IMG20220601155655 (1).jpg,pp5,pp5_transluent_embossed,ric1-ric5-v6,clahe_canny,none,0.0,False,[],42.01
pp5/pp5_transluent_embossed/IMG20220601155655.jpg,pp5,pp5_transluent_embossed,yolov8,baseline,none,0.0,False,[],44.15
pp5/pp5_transluent_embossed/IMG20220601155655.jpg,pp5,pp5_transluent_embossed,ric1-v5,baseline,none,0.0,False,[],41.45
pp5/pp5_transluent_embossed/IMG20220601155655.jpg,pp5,pp5_transluent_embossed,ric5-v1,baseline,none,0.0,False,[],42.45
pp5/pp5_transluent_embossed/IMG20220601155655.jpg,pp5,pp5_transluent_embossed,ric1-ric5-v6,baseline,none,0.0,False,[],42.54
pp5/pp5_transluent_embossed/IMG20220601155655.jpg,pp5,pp5_transluent_embossed,yolov8,clahe,none,0.0,False,[],73.04
pp5/pp5_transluent_embossed/IMG20220601155655.jpg,pp5,pp5_transluent_embossed,ric1-v5,clahe,none,0.0,False,[],43.5
pp5/pp5_transluent_embossed/IMG20220601155655.jpg,pp5,pp5_transluent_embossed,ric5-v1,clahe,none,0.0,False,[],46.37
pp5/pp5_transluent_embossed/IMG20220601155655.jpg,pp5,pp5_transluent_embossed,ric1-ric5-v6,clahe,none,0.0,False,[],46.46
pp5/pp5_transluent_embossed/IMG20220601155655.jpg,pp5,pp5_transluent_embossed,yolov8,canny,none,0.0,False,[],44.54
pp5/pp5_transluent_embossed/IMG20220601155655.jpg,pp5,pp5_transluent_embossed,ric1-v5,canny,none,0.0,False,[],41.1
pp5/pp5_transluent_embossed/IMG20220601155655.jpg,pp5,pp5_transluent_embossed,ric5-v1,canny,none,0.0,False,[],42.73
pp5/pp5_transluent_embossed/IMG20220601155655.jpg,pp5,pp5_transluent_embossed,ric1-ric5-v6,canny,none,0.0,False,[],41.6
pp5/pp5_transluent_embossed/IMG20220601155655.jpg,pp5,pp5_transluent_embossed,yolov8,clahe_canny,none,0.0,False,[],42.66
pp5/pp5_transluent_embossed/IMG20220601155655.jpg,pp5,pp5_transluent_embossed,ric1-v5,clahe_canny,none,0.0,False,[],41.45
pp5/pp5_transluent_embossed/IMG20220601155655.jpg,pp5,pp5_transluent_embossed,ric5-v1,clahe_canny,pp5,0.7122,True,"[{""label"": ""pp5"", ""confidence"": 0.7121626138687134, ""bbox"": [145, 139, 262, 248]}, {""label"": ""pp5"", ""confidence"": 0.7100440263748169, ""bbox"": [169, 147, 266, 234]}]",42.24
pp5/pp5_transluent_embossed/IMG20220601155655.jpg,pp5,pp5_transluent_embossed,ric1-ric5-v6,clahe_canny,none,0.0,False,[],41.38
pp5/pp5_transluent_embossed/IMG20220601155811 (1).jpg,pp5,pp5_transluent_embossed,yolov8,baseline,none,0.0,False,[],43.98
pp5/pp5_transluent_embossed/IMG20220601155811 (1).jpg,pp5,pp5_transluent_embossed,ric1-v5,baseline,none,0.0,False,[],41.73
pp5/pp5_transluent_embossed/IMG20220601155811 (1).jpg,pp5,pp5_transluent_embossed,ric5-v1,baseline,none,0.0,False,[],42.05
pp5/pp5_transluent_embossed/IMG20220601155811 (1).jpg,pp5,pp5_transluent_embossed,ric1-ric5-v6,baseline,none,0.0,False,[],42.49
pp5/pp5_transluent_embossed/IMG20220601155811 (1).jpg,pp5,pp5_transluent_embossed,yolov8,clahe,none,0.0,False,[],43.85
pp5/pp5_transluent_embossed/IMG20220601155811 (1).jpg,pp5,pp5_transluent_embossed,ric1-v5,clahe,none,0.0,False,[],43.24
pp5/pp5_transluent_embossed/IMG20220601155811 (1).jpg,pp5,pp5_transluent_embossed,ric5-v1,clahe,none,0.0,False,[],42.05
pp5/pp5_transluent_embossed/IMG20220601155811 (1).jpg,pp5,pp5_transluent_embossed,ric1-ric5-v6,clahe,none,0.0,False,[],41.48
pp5/pp5_transluent_embossed/IMG20220601155811 (1).jpg,pp5,pp5_transluent_embossed,yolov8,canny,none,0.0,False,[],44.61
pp5/pp5_transluent_embossed/IMG20220601155811 (1).jpg,pp5,pp5_transluent_embossed,ric1-v5,canny,none,0.0,False,[],44.56
pp5/pp5_transluent_embossed/IMG20220601155811 (1).jpg,pp5,pp5_transluent_embossed,ric5-v1,canny,none,0.0,False,[],45.89
pp5/pp5_transluent_embossed/IMG20220601155811 (1).jpg,pp5,pp5_transluent_embossed,ric1-ric5-v6,canny,none,0.0,False,[],44.51
pp5/pp5_transluent_embossed/IMG20220601155811 (1).jpg,pp5,pp5_transluent_embossed,yolov8,clahe_canny,airplane,0.6121,False,"[{""label"": ""airplane"", ""confidence"": 0.6120778322219849, ""bbox"": [313, 246, 359, 258]}, {""label"": ""airplane"", ""confidence"": 0.4625726044178009, ""bbox"": [333, 273, 367, 283]}]",47.41
pp5/pp5_transluent_embossed/IMG20220601155811 (1).jpg,pp5,pp5_transluent_embossed,ric1-v5,clahe_canny,none,0.0,False,[],45.04
pp5/pp5_transluent_embossed/IMG20220601155811 (1).jpg,pp5,pp5_transluent_embossed,ric5-v1,clahe_canny,pp5,0.3909,True,"[{""label"": ""pp5"", ""confidence"": 0.390939861536026, ""bbox"": [309, 227, 382, 296]}]",42.94
pp5/pp5_transluent_embossed/IMG20220601155811 (1).jpg,pp5,pp5_transluent_embossed,ric1-ric5-v6,clahe_canny,none,0.0,False,[],41.81
pp5/pp5_transluent_embossed/IMG20220601155811.jpg,pp5,pp5_transluent_embossed,yolov8,baseline,none,0.0,False,[],44.33
pp5/pp5_transluent_embossed/IMG20220601155811.jpg,pp5,pp5_transluent_embossed,ric1-v5,baseline,none,0.0,False,[],42.26
pp5/pp5_transluent_embossed/IMG20220601155811.jpg,pp5,pp5_transluent_embossed,ric5-v1,baseline,none,0.0,False,[],41.93
pp5/pp5_transluent_embossed/IMG20220601155811.jpg,pp5,pp5_transluent_embossed,ric1-ric5-v6,baseline,none,0.0,False,[],43.97
pp5/pp5_transluent_embossed/IMG20220601155811.jpg,pp5,pp5_transluent_embossed,yolov8,clahe,none,0.0,False,[],46.21
pp5/pp5_transluent_embossed/IMG20220601155811.jpg,pp5,pp5_transluent_embossed,ric1-v5,clahe,none,0.0,False,[],42.05
pp5/pp5_transluent_embossed/IMG20220601155811.jpg,pp5,pp5_transluent_embossed,ric5-v1,clahe,none,0.0,False,[],42.16
pp5/pp5_transluent_embossed/IMG20220601155811.jpg,pp5,pp5_transluent_embossed,ric1-ric5-v6,clahe,none,0.0,False,[],42.89
pp5/pp5_transluent_embossed/IMG20220601155811.jpg,pp5,pp5_transluent_embossed,yolov8,canny,none,0.0,False,[],44.29
pp5/pp5_transluent_embossed/IMG20220601155811.jpg,pp5,pp5_transluent_embossed,ric1-v5,canny,none,0.0,False,[],43.44
pp5/pp5_transluent_embossed/IMG20220601155811.jpg,pp5,pp5_transluent_embossed,ric5-v1,canny,none,0.0,False,[],41.99
pp5/pp5_transluent_embossed/IMG20220601155811.jpg,pp5,pp5_transluent_embossed,ric1-ric5-v6,canny,none,0.0,False,[],40.43
pp5/pp5_transluent_embossed/IMG20220601155811.jpg,pp5,pp5_transluent_embossed,yolov8,clahe_canny,airplane,0.6121,False,"[{""label"": ""airplane"", ""confidence"": 0.6120778322219849, ""bbox"": [313, 246, 359, 258]}, {""label"": ""airplane"", ""confidence"": 0.4625726044178009, ""bbox"": [333, 273, 367, 283]}]",43.84
pp5/pp5_transluent_embossed/IMG20220601155811.jpg,pp5,pp5_transluent_embossed,ric1-v5,clahe_canny,none,0.0,False,[],41.95
pp5/pp5_transluent_embossed/IMG20220601155811.jpg,pp5,pp5_transluent_embossed,ric5-v1,clahe_canny,pp5,0.3909,True,"[{""label"": ""pp5"", ""confidence"": 0.390939861536026, ""bbox"": [309, 227, 382, 296]}]",43.49
pp5/pp5_transluent_embossed/IMG20220601155811.jpg,pp5,pp5_transluent_embossed,ric1-ric5-v6,clahe_canny,none,0.0,False,[],47.29
pp5/pp5_transluent_embossed/IMG20220601161556 (1).jpg,pp5,pp5_transluent_embossed,yolov8,baseline,bear,0.3063,False,"[{""label"": ""bear"", ""confidence"": 0.3062705993652344, ""bbox"": [8, 10, 404, 392]}]",45.53
pp5/pp5_transluent_embossed/IMG20220601161556 (1).jpg,pp5,pp5_transluent_embossed,ric1-v5,baseline,none,0.0,False,[],45.12
pp5/pp5_transluent_embossed/IMG20220601161556 (1).jpg,pp5,pp5_transluent_embossed,ric5-v1,baseline,none,0.0,False,[],45.84
pp5/pp5_transluent_embossed/IMG20220601161556 (1).jpg,pp5,pp5_transluent_embossed,ric1-ric5-v6,baseline,none,0.0,False,[],43.4
pp5/pp5_transluent_embossed/IMG20220601161556 (1).jpg,pp5,pp5_transluent_embossed,yolov8,clahe,none,0.0,False,[],44.59
pp5/pp5_transluent_embossed/IMG20220601161556 (1).jpg,pp5,pp5_transluent_embossed,ric1-v5,clahe,pet1,0.2695,False,"[{""label"": ""pet1"", ""confidence"": 0.2694694399833679, ""bbox"": [301, 89, 330, 129]}]",41.66
pp5/pp5_transluent_embossed/IMG20220601161556 (1).jpg,pp5,pp5_transluent_embossed,ric5-v1,clahe,none,0.0,False,[],42.2
pp5/pp5_transluent_embossed/IMG20220601161556 (1).jpg,pp5,pp5_transluent_embossed,ric1-ric5-v6,clahe,none,0.0,False,[],43.29
pp5/pp5_transluent_embossed/IMG20220601161556 (1).jpg,pp5,pp5_transluent_embossed,yolov8,canny,traffic light,0.5095,False,"[{""label"": ""traffic light"", ""confidence"": 0.5094557404518127, ""bbox"": [225, 251, 263, 298]}]",45.07
pp5/pp5_transluent_embossed/IMG20220601161556 (1).jpg,pp5,pp5_transluent_embossed,ric1-v5,canny,none,0.0,False,[],41.69
pp5/pp5_transluent_embossed/IMG20220601161556 (1).jpg,pp5,pp5_transluent_embossed,ric5-v1,canny,none,0.0,False,[],43.35
pp5/pp5_transluent_embossed/IMG20220601161556 (1).jpg,pp5,pp5_transluent_embossed,ric1-ric5-v6,canny,none,0.0,False,[],43.35
pp5/pp5_transluent_embossed/IMG20220601161556 (1).jpg,pp5,pp5_transluent_embossed,yolov8,clahe_canny,none,0.0,False,[],43.81
pp5/pp5_transluent_embossed/IMG20220601161556 (1).jpg,pp5,pp5_transluent_embossed,ric1-v5,clahe_canny,none,0.0,False,[],41.6
pp5/pp5_transluent_embossed/IMG20220601161556 (1).jpg,pp5,pp5_transluent_embossed,ric5-v1,clahe_canny,pp5,0.2855,True,"[{""label"": ""pp5"", ""confidence"": 0.28545552492141724, ""bbox"": [103, 74, 146, 143]}]",42.75
pp5/pp5_transluent_embossed/IMG20220601161556 (1).jpg,pp5,pp5_transluent_embossed,ric1-ric5-v6,clahe_canny,none,0.0,False,[],42.77
pp5/pp5_transluent_embossed/IMG20220601161556.jpg,pp5,pp5_transluent_embossed,yolov8,baseline,bear,0.3063,False,"[{""label"": ""bear"", ""confidence"": 0.3062705993652344, ""bbox"": [8, 10, 404, 392]}]",43.71
pp5/pp5_transluent_embossed/IMG20220601161556.jpg,pp5,pp5_transluent_embossed,ric1-v5,baseline,none,0.0,False,[],42.32
pp5/pp5_transluent_embossed/IMG20220601161556.jpg,pp5,pp5_transluent_embossed,ric5-v1,baseline,none,0.0,False,[],43.1
pp5/pp5_transluent_embossed/IMG20220601161556.jpg,pp5,pp5_transluent_embossed,ric1-ric5-v6,baseline,none,0.0,False,[],42.22
pp5/pp5_transluent_embossed/IMG20220601161556.jpg,pp5,pp5_transluent_embossed,yolov8,clahe,none,0.0,False,[],43.42
pp5/pp5_transluent_embossed/IMG20220601161556.jpg,pp5,pp5_transluent_embossed,ric1-v5,clahe,pet1,0.2695,False,"[{""label"": ""pet1"", ""confidence"": 0.2694694399833679, ""bbox"": [301, 89, 330, 129]}]",46.8
pp5/pp5_transluent_embossed/IMG20220601161556.jpg,pp5,pp5_transluent_embossed,ric5-v1,clahe,none,0.0,False,[],43.4
pp5/pp5_transluent_embossed/IMG20220601161556.jpg,pp5,pp5_transluent_embossed,ric1-ric5-v6,clahe,none,0.0,False,[],44.8
pp5/pp5_transluent_embossed/IMG20220601161556.jpg,pp5,pp5_transluent_embossed,yolov8,canny,traffic light,0.5095,False,"[{""label"": ""traffic light"", ""confidence"": 0.5094557404518127, ""bbox"": [225, 251, 263, 298]}]",47.04
pp5/pp5_transluent_embossed/IMG20220601161556.jpg,pp5,pp5_transluent_embossed,ric1-v5,canny,none,0.0,False,[],41.8
pp5/pp5_transluent_embossed/IMG20220601161556.jpg,pp5,pp5_transluent_embossed,ric5-v1,canny,none,0.0,False,[],42.98
pp5/pp5_transluent_embossed/IMG20220601161556.jpg,pp5,pp5_transluent_embossed,ric1-ric5-v6,canny,none,0.0,False,[],42.27
pp5/pp5_transluent_embossed/IMG20220601161556.jpg,pp5,pp5_transluent_embossed,yolov8,clahe_canny,none,0.0,False,[],43.72
pp5/pp5_transluent_embossed/IMG20220601161556.jpg,pp5,pp5_transluent_embossed,ric1-v5,clahe_canny,none,0.0,False,[],42.03
pp5/pp5_transluent_embossed/IMG20220601161556.jpg,pp5,pp5_transluent_embossed,ric5-v1,clahe_canny,pp5,0.2855,True,"[{""label"": ""pp5"", ""confidence"": 0.28545552492141724, ""bbox"": [103, 74, 146, 143]}]",41.74
pp5/pp5_transluent_embossed/IMG20220601161556.jpg,pp5,pp5_transluent_embossed,ric1-ric5-v6,clahe_canny,none,0.0,False,[],41.08
pp5/pp5_transluent_embossed/IMG20220601180313.jpg,pp5,pp5_transluent_embossed,yolov8,baseline,none,0.0,False,[],43.91
pp5/pp5_transluent_embossed/IMG20220601180313.jpg,pp5,pp5_transluent_embossed,ric1-v5,baseline,none,0.0,False,[],41.81
pp5/pp5_transluent_embossed/IMG20220601180313.jpg,pp5,pp5_transluent_embossed,ric5-v1,baseline,none,0.0,False,[],42.57
pp5/pp5_transluent_embossed/IMG20220601180313.jpg,pp5,pp5_transluent_embossed,ric1-ric5-v6,baseline,none,0.0,False,[],41.21
pp5/pp5_transluent_embossed/IMG20220601180313.jpg,pp5,pp5_transluent_embossed,yolov8,clahe,none,0.0,False,[],43.25
pp5/pp5_transluent_embossed/IMG20220601180313.jpg,pp5,pp5_transluent_embossed,ric1-v5,clahe,pet1,0.7374,False,"[{""label"": ""pet1"", ""confidence"": 0.7374235987663269, ""bbox"": [232, 55, 268, 107]}]",42.61
pp5/pp5_transluent_embossed/IMG20220601180313.jpg,pp5,pp5_transluent_embossed,ric5-v1,clahe,none,0.0,False,[],42.28
pp5/pp5_transluent_embossed/IMG20220601180313.jpg,pp5,pp5_transluent_embossed,ric1-ric5-v6,clahe,none,0.0,False,[],43.29
pp5/pp5_transluent_embossed/IMG20220601180313.jpg,pp5,pp5_transluent_embossed,yolov8,canny,person,0.526,False,"[{""label"": ""person"", ""confidence"": 0.5259885191917419, ""bbox"": [24, 20, 361, 377]}]",44.59
pp5/pp5_transluent_embossed/IMG20220601180313.jpg,pp5,pp5_transluent_embossed,ric1-v5,canny,none,0.0,False,[],41.77
pp5/pp5_transluent_embossed/IMG20220601180313.jpg,pp5,pp5_transluent_embossed,ric5-v1,canny,none,0.0,False,[],42.3
pp5/pp5_transluent_embossed/IMG20220601180313.jpg,pp5,pp5_transluent_embossed,ric1-ric5-v6,canny,none,0.0,False,[],44.08
pp5/pp5_transluent_embossed/IMG20220601180313.jpg,pp5,pp5_transluent_embossed,yolov8,clahe_canny,none,0.0,False,[],46.8
pp5/pp5_transluent_embossed/IMG20220601180313.jpg,pp5,pp5_transluent_embossed,ric1-v5,clahe_canny,pet1,0.276,False,"[{""label"": ""pet1"", ""confidence"": 0.2760365903377533, ""bbox"": [0, 0, 61, 48]}, {""label"": ""pet1"", ""confidence"": 0.265638142824173, ""bbox"": [231, 54, 266, 110]}, {""label"": ""pet1"", ""confidence"": 0.25385919213294983, ""bbox"": [321, 1, 355, 54]}]",42.46
pp5/pp5_transluent_embossed/IMG20220601180313.jpg,pp5,pp5_transluent_embossed,ric5-v1,clahe_canny,none,0.0,False,[],46.21
pp5/pp5_transluent_embossed/IMG20220601180313.jpg,pp5,pp5_transluent_embossed,ric1-ric5-v6,clahe_canny,none,0.0,False,[],45.56
pp5/pp5_transluent_embossed/IMG20220601181658.jpg,pp5,pp5_transluent_embossed,yolov8,baseline,none,0.0,False,[],44.53
pp5/pp5_transluent_embossed/IMG20220601181658.jpg,pp5,pp5_transluent_embossed,ric1-v5,baseline,pet1,0.3918,False,"[{""label"": ""pet1"", ""confidence"": 0.39178168773651123, ""bbox"": [105, 132, 139, 173]}]",41.77
pp5/pp5_transluent_embossed/IMG20220601181658.jpg,pp5,pp5_transluent_embossed,ric5-v1,baseline,none,0.0,False,[],41.22
pp5/pp5_transluent_embossed/IMG20220601181658.jpg,pp5,pp5_transluent_embossed,ric1-ric5-v6,baseline,none,0.0,False,[],43.07
pp5/pp5_transluent_embossed/IMG20220601181658.jpg,pp5,pp5_transluent_embossed,yolov8,clahe,none,0.0,False,[],45.46
pp5/pp5_transluent_embossed/IMG20220601181658.jpg,pp5,pp5_transluent_embossed,ric1-v5,clahe,none,0.0,False,[],41.78
pp5/pp5_transluent_embossed/IMG20220601181658.jpg,pp5,pp5_transluent_embossed,ric5-v1,clahe,pp5,0.5141,True,"[{""label"": ""pp5"", ""confidence"": 0.5141371488571167, ""bbox"": [156, 215, 183, 235]}]",41.83
pp5/pp5_transluent_embossed/IMG20220601181658.jpg,pp5,pp5_transluent_embossed,ric1-ric5-v6,clahe,none,0.0,False,[],43.52
pp5/pp5_transluent_embossed/IMG20220601181658.jpg,pp5,pp5_transluent_embossed,yolov8,canny,none,0.0,False,[],44.31
pp5/pp5_transluent_embossed/IMG20220601181658.jpg,pp5,pp5_transluent_embossed,ric1-v5,canny,none,0.0,False,[],43.32
pp5/pp5_transluent_embossed/IMG20220601181658.jpg,pp5,pp5_transluent_embossed,ric5-v1,canny,none,0.0,False,[],41.6
pp5/pp5_transluent_embossed/IMG20220601181658.jpg,pp5,pp5_transluent_embossed,ric1-ric5-v6,canny,none,0.0,False,[],43.19
pp5/pp5_transluent_embossed/IMG20220601181658.jpg,pp5,pp5_transluent_embossed,yolov8,clahe_canny,none,0.0,False,[],61.55
pp5/pp5_transluent_embossed/IMG20220601181658.jpg,pp5,pp5_transluent_embossed,ric1-v5,clahe_canny,none,0.0,False,[],49.32
pp5/pp5_transluent_embossed/IMG20220601181658.jpg,pp5,pp5_transluent_embossed,ric5-v1,clahe_canny,none,0.0,False,[],43.05
pp5/pp5_transluent_embossed/IMG20220601181658.jpg,pp5,pp5_transluent_embossed,ric1-ric5-v6,clahe_canny,none,0.0,False,[],43.34
pp5/pp5_transluent_embossed/IMG20220601181725.jpg,pp5,pp5_transluent_embossed,yolov8,baseline,none,0.0,False,[],44.24
pp5/pp5_transluent_embossed/IMG20220601181725.jpg,pp5,pp5_transluent_embossed,ric1-v5,baseline,pet1,0.5304,False,"[{""label"": ""pet1"", ""confidence"": 0.530403196811676, ""bbox"": [195, 212, 239, 289]}, {""label"": ""pet1"", ""confidence"": 0.5087154507637024, ""bbox"": [195, 212, 239, 268]}]",50.3
pp5/pp5_transluent_embossed/IMG20220601181725.jpg,pp5,pp5_transluent_embossed,ric5-v1,baseline,none,0.0,False,[],43.81
pp5/pp5_transluent_embossed/IMG20220601181725.jpg,pp5,pp5_transluent_embossed,ric1-ric5-v6,baseline,none,0.0,False,[],44.65
pp5/pp5_transluent_embossed/IMG20220601181725.jpg,pp5,pp5_transluent_embossed,yolov8,clahe,none,0.0,False,[],47.5
pp5/pp5_transluent_embossed/IMG20220601181725.jpg,pp5,pp5_transluent_embossed,ric1-v5,clahe,none,0.0,False,[],66.96
pp5/pp5_transluent_embossed/IMG20220601181725.jpg,pp5,pp5_transluent_embossed,ric5-v1,clahe,none,0.0,False,[],42.6
pp5/pp5_transluent_embossed/IMG20220601181725.jpg,pp5,pp5_transluent_embossed,ric1-ric5-v6,clahe,none,0.0,False,[],46.55
pp5/pp5_transluent_embossed/IMG20220601181725.jpg,pp5,pp5_transluent_embossed,yolov8,canny,none,0.0,False,[],43.79
pp5/pp5_transluent_embossed/IMG20220601181725.jpg,pp5,pp5_transluent_embossed,ric1-v5,canny,none,0.0,False,[],42.67
pp5/pp5_transluent_embossed/IMG20220601181725.jpg,pp5,pp5_transluent_embossed,ric5-v1,canny,none,0.0,False,[],42.49
pp5/pp5_transluent_embossed/IMG20220601181725.jpg,pp5,pp5_transluent_embossed,ric1-ric5-v6,canny,none,0.0,False,[],43.33
pp5/pp5_transluent_embossed/IMG20220601181725.jpg,pp5,pp5_transluent_embossed,yolov8,clahe_canny,kite,0.3091,False,"[{""label"": ""kite"", ""confidence"": 0.30909040570259094, ""bbox"": [376, 334, 388, 344]}]",44.11
pp5/pp5_transluent_embossed/IMG20220601181725.jpg,pp5,pp5_transluent_embossed,ric1-v5,clahe_canny,none,0.0,False,[],41.4
pp5/pp5_transluent_embossed/IMG20220601181725.jpg,pp5,pp5_transluent_embossed,ric5-v1,clahe_canny,none,0.0,False,[],42.32
pp5/pp5_transluent_embossed/IMG20220601181725.jpg,pp5,pp5_transluent_embossed,ric1-ric5-v6,clahe_canny,none,0.0,False,[],41.93
pp5/pp5_transluent_embossed/IMG20220601181855 (1).jpg,pp5,pp5_transluent_embossed,yolov8,baseline,none,0.0,False,[],44.32
pp5/pp5_transluent_embossed/IMG20220601181855 (1).jpg,pp5,pp5_transluent_embossed,ric1-v5,baseline,pet1,0.4787,False,"[{""label"": ""pet1"", ""confidence"": 0.478678822517395, ""bbox"": [204, 202, 236, 246]}]",42.94
pp5/pp5_transluent_embossed/IMG20220601181855 (1).jpg,pp5,pp5_transluent_embossed,ric5-v1,baseline,none,0.0,False,[],42.09
pp5/pp5_transluent_embossed/IMG20220601181855 (1).jpg,pp5,pp5_transluent_embossed,ric1-ric5-v6,baseline,none,0.0,False,[],42.34
pp5/pp5_transluent_embossed/IMG20220601181855 (1).jpg,pp5,pp5_transluent_embossed,yolov8,clahe,none,0.0,False,[],45.38
pp5/pp5_transluent_embossed/IMG20220601181855 (1).jpg,pp5,pp5_transluent_embossed,ric1-v5,clahe,none,0.0,False,[],41.72
pp5/pp5_transluent_embossed/IMG20220601181855 (1).jpg,pp5,pp5_transluent_embossed,ric5-v1,clahe,none,0.0,False,[],47.17
pp5/pp5_transluent_embossed/IMG20220601181855 (1).jpg,pp5,pp5_transluent_embossed,ric1-ric5-v6,clahe,none,0.0,False,[],43.73
pp5/pp5_transluent_embossed/IMG20220601181855 (1).jpg,pp5,pp5_transluent_embossed,yolov8,canny,none,0.0,False,[],46.55
pp5/pp5_transluent_embossed/IMG20220601181855 (1).jpg,pp5,pp5_transluent_embossed,ric1-v5,canny,none,0.0,False,[],46.03
pp5/pp5_transluent_embossed/IMG20220601181855 (1).jpg,pp5,pp5_transluent_embossed,ric5-v1,canny,pp5,0.6771,True,"[{""label"": ""pp5"", ""confidence"": 0.6770625114440918, ""bbox"": [178, 170, 267, 295]}]",45.37
pp5/pp5_transluent_embossed/IMG20220601181855 (1).jpg,pp5,pp5_transluent_embossed,ric1-ric5-v6,canny,pp5,0.519,True,"[{""label"": ""pp5"", ""confidence"": 0.5189676880836487, ""bbox"": [185, 193, 244, 312]}]",42.96
pp5/pp5_transluent_embossed/IMG20220601181855 (1).jpg,pp5,pp5_transluent_embossed,yolov8,clahe_canny,none,0.0,False,[],43.87
pp5/pp5_transluent_embossed/IMG20220601181855 (1).jpg,pp5,pp5_transluent_embossed,ric1-v5,clahe_canny,pet1,0.5512,False,"[{""label"": ""pet1"", ""confidence"": 0.5511549711227417, ""bbox"": [60, 39, 116, 90]}]",42.89
pp5/pp5_transluent_embossed/IMG20220601181855 (1).jpg,pp5,pp5_transluent_embossed,ric5-v1,clahe_canny,pp5,0.6111,True,"[{""label"": ""pp5"", ""confidence"": 0.611077606678009, ""bbox"": [164, 70, 283, 180]}, {""label"": ""pp5"", ""confidence"": 0.4949389696121216, ""bbox"": [207, 89, 282, 177]}, {""label"": ""pp5"", ""confidence"": 0.3542274534702301, ""bbox"": [178, 203, 265, 299]}, {""label"": ""pp5"", ""confidence"": 0.25223979353904724, ""bbox"": [19, 332, 98, 416]}]",40.97
pp5/pp5_transluent_embossed/IMG20220601181855 (1).jpg,pp5,pp5_transluent_embossed,ric1-ric5-v6,clahe_canny,pp5,0.7495,True,"[{""label"": ""pp5"", ""confidence"": 0.7495084404945374, ""bbox"": [164, 203, 263, 306]}, {""label"": ""pp5"", ""confidence"": 0.4736248254776001, ""bbox"": [205, 129, 318, 238]}]",42.49
pp5/pp5_transluent_embossed/IMG20220601181855.jpg,pp5,pp5_transluent_embossed,yolov8,baseline,clock,0.27,False,"[{""label"": ""clock"", ""confidence"": 0.27001380920410156, ""bbox"": [158, 96, 280, 243]}]",44.01
pp5/pp5_transluent_embossed/IMG20220601181855.jpg,pp5,pp5_transluent_embossed,ric1-v5,baseline,none,0.0,False,[],43.6
pp5/pp5_transluent_embossed/IMG20220601181855.jpg,pp5,pp5_transluent_embossed,ric5-v1,baseline,none,0.0,False,[],42.24
pp5/pp5_transluent_embossed/IMG20220601181855.jpg,pp5,pp5_transluent_embossed,ric1-ric5-v6,baseline,none,0.0,False,[],41.14
pp5/pp5_transluent_embossed/IMG20220601181855.jpg,pp5,pp5_transluent_embossed,yolov8,clahe,none,0.0,False,[],43.99
pp5/pp5_transluent_embossed/IMG20220601181855.jpg,pp5,pp5_transluent_embossed,ric1-v5,clahe,pet1,0.5089,False,"[{""label"": ""pet1"", ""confidence"": 0.5089285969734192, ""bbox"": [194, 209, 221, 244]}]",42.96
pp5/pp5_transluent_embossed/IMG20220601181855.jpg,pp5,pp5_transluent_embossed,ric5-v1,clahe,none,0.0,False,[],42.64
pp5/pp5_transluent_embossed/IMG20220601181855.jpg,pp5,pp5_transluent_embossed,ric1-ric5-v6,clahe,none,0.0,False,[],42.42
pp5/pp5_transluent_embossed/IMG20220601181855.jpg,pp5,pp5_transluent_embossed,yolov8,canny,none,0.0,False,[],45.31
pp5/pp5_transluent_embossed/IMG20220601181855.jpg,pp5,pp5_transluent_embossed,ric1-v5,canny,none,0.0,False,[],42.94
pp5/pp5_transluent_embossed/IMG20220601181855.jpg,pp5,pp5_transluent_embossed,ric5-v1,canny,none,0.0,False,[],41.84
pp5/pp5_transluent_embossed/IMG20220601181855.jpg,pp5,pp5_transluent_embossed,ric1-ric5-v6,canny,none,0.0,False,[],42.92
pp5/pp5_transluent_embossed/IMG20220601181855.jpg,pp5,pp5_transluent_embossed,yolov8,clahe_canny,traffic light,0.2644,False,"[{""label"": ""traffic light"", ""confidence"": 0.26443350315093994, ""bbox"": [44, 112, 67, 164]}]",49.18
pp5/pp5_transluent_embossed/IMG20220601181855.jpg,pp5,pp5_transluent_embossed,ric1-v5,clahe_canny,none,0.0,False,[],44.44
pp5/pp5_transluent_embossed/IMG20220601181855.jpg,pp5,pp5_transluent_embossed,ric5-v1,clahe_canny,pp5,0.562,True,"[{""label"": ""pp5"", ""confidence"": 0.5620431900024414, ""bbox"": [169, 238, 273, 331]}, {""label"": ""pp5"", ""confidence"": 0.46809035539627075, ""bbox"": [190, 238, 271, 345]}, {""label"": ""pp5"", ""confidence"": 0.45521557331085205, ""bbox"": [219, 239, 273, 335]}, {""label"": ""pp5"", ""confidence"": 0.4207092821598053, ""bbox"": [174, 218, 280, 325]}]",44.4
pp5/pp5_transluent_embossed/IMG20220601181855.jpg,pp5,pp5_transluent_embossed,ric1-ric5-v6,clahe_canny,none,0.0,False,[],45.76
pp5/pp5_transluent_embossed/IMG20220601182119.jpg,pp5,pp5_transluent_embossed,yolov8,baseline,person,0.2561,False,"[{""label"": ""person"", ""confidence"": 0.2561311423778534, ""bbox"": [87, 102, 276, 263]}]",45.41
pp5/pp5_transluent_embossed/IMG20220601182119.jpg,pp5,pp5_transluent_embossed,ric1-v5,baseline,none,0.0,False,[],43.49
pp5/pp5_transluent_embossed/IMG20220601182119.jpg,pp5,pp5_transluent_embossed,ric5-v1,baseline,none,0.0,False,[],43.26
pp5/pp5_transluent_embossed/IMG20220601182119.jpg,pp5,pp5_transluent_embossed,ric1-ric5-v6,baseline,none,0.0,False,[],42.28
pp5/pp5_transluent_embossed/IMG20220601182119.jpg,pp5,pp5_transluent_embossed,yolov8,clahe,person,0.338,False,"[{""label"": ""person"", ""confidence"": 0.3379892110824585, ""bbox"": [86, 102, 280, 266]}]",43.6
pp5/pp5_transluent_embossed/IMG20220601182119.jpg,pp5,pp5_transluent_embossed,ric1-v5,clahe,none,0.0,False,[],43.41
pp5/pp5_transluent_embossed/IMG20220601182119.jpg,pp5,pp5_transluent_embossed,ric5-v1,clahe,pp5,0.2856,True,"[{""label"": ""pp5"", ""confidence"": 0.28564324975013733, ""bbox"": [135, 282, 180, 314]}]",43.15
pp5/pp5_transluent_embossed/IMG20220601182119.jpg,pp5,pp5_transluent_embossed,ric1-ric5-v6,clahe,none,0.0,False,[],43.82
pp5/pp5_transluent_embossed/IMG20220601182119.jpg,pp5,pp5_transluent_embossed,yolov8,canny,none,0.0,False,[],45.14
pp5/pp5_transluent_embossed/IMG20220601182119.jpg,pp5,pp5_transluent_embossed,ric1-v5,canny,none,0.0,False,[],42.56
pp5/pp5_transluent_embossed/IMG20220601182119.jpg,pp5,pp5_transluent_embossed,ric5-v1,canny,pp5,0.8102,True,"[{""label"": ""pp5"", ""confidence"": 0.8102014660835266, ""bbox"": [109, 80, 225, 192]}, {""label"": ""pp5"", ""confidence"": 0.33973005414009094, ""bbox"": [84, 68, 234, 206]}]",42.41
pp5/pp5_transluent_embossed/IMG20220601182119.jpg,pp5,pp5_transluent_embossed,ric1-ric5-v6,canny,pp5,0.6886,True,"[{""label"": ""pp5"", ""confidence"": 0.6885547637939453, ""bbox"": [128, 225, 244, 343]}, {""label"": ""pp5"", ""confidence"": 0.6308557391166687, ""bbox"": [112, 102, 224, 215]}]",43.23
pp5/pp5_transluent_embossed/IMG20220601182119.jpg,pp5,pp5_transluent_embossed,yolov8,clahe_canny,none,0.0,False,[],44.75
pp5/pp5_transluent_embossed/IMG20220601182119.jpg,pp5,pp5_transluent_embossed,ric1-v5,clahe_canny,none,0.0,False,[],42.51
pp5/pp5_transluent_embossed/IMG20220601182119.jpg,pp5,pp5_transluent_embossed,ric5-v1,clahe_canny,none,0.0,False,[],41.94
pp5/pp5_transluent_embossed/IMG20220601182119.jpg,pp5,pp5_transluent_embossed,ric1-ric5-v6,clahe_canny,none,0.0,False,[],42.59
pp5/pp5_transluent_embossed/IMG20220602103942.jpg,pp5,pp5_transluent_embossed,yolov8,baseline,none,0.0,False,[],45.32
pp5/pp5_transluent_embossed/IMG20220602103942.jpg,pp5,pp5_transluent_embossed,ric1-v5,baseline,pet1,0.2886,False,"[{""label"": ""pet1"", ""confidence"": 0.28859543800354004, ""bbox"": [185, 75, 238, 136]}]",41.63
pp5/pp5_transluent_embossed/IMG20220602103942.jpg,pp5,pp5_transluent_embossed,ric5-v1,baseline,none,0.0,False,[],47.54
pp5/pp5_transluent_embossed/IMG20220602103942.jpg,pp5,pp5_transluent_embossed,ric1-ric5-v6,baseline,none,0.0,False,[],43.01
pp5/pp5_transluent_embossed/IMG20220602103942.jpg,pp5,pp5_transluent_embossed,yolov8,clahe,none,0.0,False,[],46.89
pp5/pp5_transluent_embossed/IMG20220602103942.jpg,pp5,pp5_transluent_embossed,ric1-v5,clahe,pet1,0.7526,False,"[{""label"": ""pet1"", ""confidence"": 0.7525895833969116, ""bbox"": [125, 159, 168, 207]}, {""label"": ""pet1"", ""confidence"": 0.6065676808357239, ""bbox"": [185, 299, 219, 339]}, {""label"": ""pet1"", ""confidence"": 0.32264459133148193, ""bbox"": [195, 162, 229, 220]}]",47.01
pp5/pp5_transluent_embossed/IMG20220602103942.jpg,pp5,pp5_transluent_embossed,ric5-v1,clahe,pp5,0.7004,True,"[{""label"": ""pp5"", ""confidence"": 0.7003927826881409, ""bbox"": [200, 236, 245, 288]}]",43.58
pp5/pp5_transluent_embossed/IMG20220602103942.jpg,pp5,pp5_transluent_embossed,ric1-ric5-v6,clahe,pp5,0.7762,True,"[{""label"": ""pp5"", ""confidence"": 0.7761566638946533, ""bbox"": [201, 236, 246, 286]}]",42.94
pp5/pp5_transluent_embossed/IMG20220602103942.jpg,pp5,pp5_transluent_embossed,yolov8,canny,none,0.0,False,[],44.0
pp5/pp5_transluent_embossed/IMG20220602103942.jpg,pp5,pp5_transluent_embossed,ric1-v5,canny,none,0.0,False,[],42.12
pp5/pp5_transluent_embossed/IMG20220602103942.jpg,pp5,pp5_transluent_embossed,ric5-v1,canny,none,0.0,False,[],41.78
pp5/pp5_transluent_embossed/IMG20220602103942.jpg,pp5,pp5_transluent_embossed,ric1-ric5-v6,canny,pp5,0.3419,True,"[{""label"": ""pp5"", ""confidence"": 0.3418518006801605, ""bbox"": [113, 107, 247, 218]}]",41.87
pp5/pp5_transluent_embossed/IMG20220602103942.jpg,pp5,pp5_transluent_embossed,yolov8,clahe_canny,none,0.0,False,[],44.66
pp5/pp5_transluent_embossed/IMG20220602103942.jpg,pp5,pp5_transluent_embossed,ric1-v5,clahe_canny,none,0.0,False,[],43.73
pp5/pp5_transluent_embossed/IMG20220602103942.jpg,pp5,pp5_transluent_embossed,ric5-v1,clahe_canny,none,0.0,False,[],42.39
pp5/pp5_transluent_embossed/IMG20220602103942.jpg,pp5,pp5_transluent_embossed,ric1-ric5-v6,clahe_canny,none,0.0,False,[],42.47
pp5/pp5_transluent_embossed/IMG20220602112923 (1).jpg,pp5,pp5_transluent_embossed,yolov8,baseline,none,0.0,False,[],43.33
pp5/pp5_transluent_embossed/IMG20220602112923 (1).jpg,pp5,pp5_transluent_embossed,ric1-v5,baseline,none,0.0,False,[],43.56
pp5/pp5_transluent_embossed/IMG20220602112923 (1).jpg,pp5,pp5_transluent_embossed,ric5-v1,baseline,none,0.0,False,[],43.15
pp5/pp5_transluent_embossed/IMG20220602112923 (1).jpg,pp5,pp5_transluent_embossed,ric1-ric5-v6,baseline,none,0.0,False,[],43.98
pp5/pp5_transluent_embossed/IMG20220602112923 (1).jpg,pp5,pp5_transluent_embossed,yolov8,clahe,none,0.0,False,[],43.4
pp5/pp5_transluent_embossed/IMG20220602112923 (1).jpg,pp5,pp5_transluent_embossed,ric1-v5,clahe,none,0.0,False,[],42.49
pp5/pp5_transluent_embossed/IMG20220602112923 (1).jpg,pp5,pp5_transluent_embossed,ric5-v1,clahe,none,0.0,False,[],41.39
pp5/pp5_transluent_embossed/IMG20220602112923 (1).jpg,pp5,pp5_transluent_embossed,ric1-ric5-v6,clahe,none,0.0,False,[],42.49
pp5/pp5_transluent_embossed/IMG20220602112923 (1).jpg,pp5,pp5_transluent_embossed,yolov8,canny,airplane,0.4709,False,"[{""label"": ""airplane"", ""confidence"": 0.4709378778934479, ""bbox"": [161, 324, 180, 347]}, {""label"": ""kite"", ""confidence"": 0.4662122428417206, ""bbox"": [333, 251, 353, 266]}, {""label"": ""airplane"", ""confidence"": 0.40325480699539185, ""bbox"": [231, 189, 257, 206]}, {""label"": ""airplane"", ""confidence"": 0.38354557752609253, ""bbox"": [190, 356, 216, 367]}, {""label"": ""airplane"", ""confidence"": 0.2934184670448303, ""bbox"": [231, 190, 270, 208]}]",48.67
pp5/pp5_transluent_embossed/IMG20220602112923 (1).jpg,pp5,pp5_transluent_embossed,ric1-v5,canny,none,0.0,False,[],42.09
pp5/pp5_transluent_embossed/IMG20220602112923 (1).jpg,pp5,pp5_transluent_embossed,ric5-v1,canny,none,0.0,False,[],45.38
pp5/pp5_transluent_embossed/IMG20220602112923 (1).jpg,pp5,pp5_transluent_embossed,ric1-ric5-v6,canny,none,0.0,False,[],45.6
pp5/pp5_transluent_embossed/IMG20220602112923 (1).jpg,pp5,pp5_transluent_embossed,yolov8,clahe_canny,none,0.0,False,[],45.14
pp5/pp5_transluent_embossed/IMG20220602112923 (1).jpg,pp5,pp5_transluent_embossed,ric1-v5,clahe_canny,pet1,0.7344,False,"[{""label"": ""pet1"", ""confidence"": 0.7343934774398804, ""bbox"": [279, 392, 317, 415]}, {""label"": ""pet1"", ""confidence"": 0.386788547039032, ""bbox"": [101, 275, 167, 333]}]",41.89
pp5/pp5_transluent_embossed/IMG20220602112923 (1).jpg,pp5,pp5_transluent_embossed,ric5-v1,clahe_canny,pp5,0.5929,True,"[{""label"": ""pp5"", ""confidence"": 0.5928623080253601, ""bbox"": [0, 204, 58, 288]}]",42.59
pp5/pp5_transluent_embossed/IMG20220602112923 (1).jpg,pp5,pp5_transluent_embossed,ric1-ric5-v6,clahe_canny,pp5,0.2877,True,"[{""label"": ""pp5"", ""confidence"": 0.2876671254634857, ""bbox"": [0, 328, 31, 399]}]",40.92
pp5/pp5_transluent_embossed/IMG20220602112923.jpg,pp5,pp5_transluent_embossed,yolov8,baseline,none,0.0,False,[],45.27
pp5/pp5_transluent_embossed/IMG20220602112923.jpg,pp5,pp5_transluent_embossed,ric1-v5,baseline,none,0.0,False,[],42.54
pp5/pp5_transluent_embossed/IMG20220602112923.jpg,pp5,pp5_transluent_embossed,ric5-v1,baseline,none,0.0,False,[],43.42
pp5/pp5_transluent_embossed/IMG20220602112923.jpg,pp5,pp5_transluent_embossed,ric1-ric5-v6,baseline,none,0.0,False,[],41.63
pp5/pp5_transluent_embossed/IMG20220602112923.jpg,pp5,pp5_transluent_embossed,yolov8,clahe,none,0.0,False,[],43.94
pp5/pp5_transluent_embossed/IMG20220602112923.jpg,pp5,pp5_transluent_embossed,ric1-v5,clahe,none,0.0,False,[],41.67
pp5/pp5_transluent_embossed/IMG20220602112923.jpg,pp5,pp5_transluent_embossed,ric5-v1,clahe,none,0.0,False,[],42.96
pp5/pp5_transluent_embossed/IMG20220602112923.jpg,pp5,pp5_transluent_embossed,ric1-ric5-v6,clahe,none,0.0,False,[],42.48
pp5/pp5_transluent_embossed/IMG20220602112923.jpg,pp5,pp5_transluent_embossed,yolov8,canny,airplane,0.6955,False,"[{""label"": ""airplane"", ""confidence"": 0.6954585313796997, ""bbox"": [333, 148, 354, 165]}, {""label"": ""airplane"", ""confidence"": 0.4238962233066559, ""bbox"": [162, 68, 180, 91]}, {""label"": ""airplane"", ""confidence"": 0.3743971586227417, ""bbox"": [231, 207, 271, 227]}, {""label"": ""airplane"", ""confidence"": 0.37234532833099365, ""bbox"": [328, 261, 359, 274]}, {""label"": ""airplane"", ""confidence"": 0.3551703989505768, ""bbox"": [190, 48, 216, 59]}, {""label"": ""airplane"", ""confidence"": 0.31710493564605713, ""bbox"": [197, 296, 247, 335]}]",65.06
pp5/pp5_transluent_embossed/IMG20220602112923.jpg,pp5,pp5_transluent_embossed,ric1-v5,canny,none,0.0,False,[],42.9
pp5/pp5_transluent_embossed/IMG20220602112923.jpg,pp5,pp5_transluent_embossed,ric5-v1,canny,none,0.0,False,[],74.45
pp5/pp5_transluent_embossed/IMG20220602112923.jpg,pp5,pp5_transluent_embossed,ric1-ric5-v6,canny,none,0.0,False,[],42.8
pp5/pp5_transluent_embossed/IMG20220602112923.jpg,pp5,pp5_transluent_embossed,yolov8,clahe_canny,person,0.2948,False,"[{""label"": ""person"", ""confidence"": 0.29476046562194824, ""bbox"": [5, 30, 395, 415]}]",47.27
pp5/pp5_transluent_embossed/IMG20220602112923.jpg,pp5,pp5_transluent_embossed,ric1-v5,clahe_canny,pet1,0.403,False,"[{""label"": ""pet1"", ""confidence"": 0.40296199917793274, ""bbox"": [0, 166, 64, 216]}]",47.51
pp5/pp5_transluent_embossed/IMG20220602112923.jpg,pp5,pp5_transluent_embossed,ric5-v1,clahe_canny,pp5,0.5546,True,"[{""label"": ""pp5"", ""confidence"": 0.5545830130577087, ""bbox"": [257, 305, 370, 374]}, {""label"": ""pp5"", ""confidence"": 0.5330696105957031, ""bbox"": [244, 177, 273, 200]}, {""label"": ""pp5"", ""confidence"": 0.4844214618206024, ""bbox"": [188, 311, 259, 365]}, {""label"": ""pp5"", ""confidence"": 0.35182327032089233, ""bbox"": [254, 290, 385, 374]}]",42.83
pp5/pp5_transluent_embossed/IMG20220602112923.jpg,pp5,pp5_transluent_embossed,ric1-ric5-v6,clahe_canny,pp5,0.5672,True,"[{""label"": ""pp5"", ""confidence"": 0.5671793818473816, ""bbox"": [246, 178, 272, 200]}]",43.87
pp5/pp5_transluent_embossed/IMG20220603093930.jpg,pp5,pp5_transluent_embossed,yolov8,baseline,none,0.0,False,[],48.16
pp5/pp5_transluent_embossed/IMG20220603093930.jpg,pp5,pp5_transluent_embossed,ric1-v5,baseline,none,0.0,False,[],42.27
pp5/pp5_transluent_embossed/IMG20220603093930.jpg,pp5,pp5_transluent_embossed,ric5-v1,baseline,none,0.0,False,[],41.9
pp5/pp5_transluent_embossed/IMG20220603093930.jpg,pp5,pp5_transluent_embossed,ric1-ric5-v6,baseline,pp5,0.4448,True,"[{""label"": ""pp5"", ""confidence"": 0.44477733969688416, ""bbox"": [102, 304, 147, 336]}]",41.15
pp5/pp5_transluent_embossed/IMG20220603093930.jpg,pp5,pp5_transluent_embossed,yolov8,clahe,none,0.0,False,[],44.02
pp5/pp5_transluent_embossed/IMG20220603093930.jpg,pp5,pp5_transluent_embossed,ric1-v5,clahe,none,0.0,False,[],41.87
pp5/pp5_transluent_embossed/IMG20220603093930.jpg,pp5,pp5_transluent_embossed,ric5-v1,clahe,none,0.0,False,[],41.5
pp5/pp5_transluent_embossed/IMG20220603093930.jpg,pp5,pp5_transluent_embossed,ric1-ric5-v6,clahe,none,0.0,False,[],43.01
pp5/pp5_transluent_embossed/IMG20220603093930.jpg,pp5,pp5_transluent_embossed,yolov8,canny,none,0.0,False,[],43.41
pp5/pp5_transluent_embossed/IMG20220603093930.jpg,pp5,pp5_transluent_embossed,ric1-v5,canny,none,0.0,False,[],43.01
pp5/pp5_transluent_embossed/IMG20220603093930.jpg,pp5,pp5_transluent_embossed,ric5-v1,canny,none,0.0,False,[],42.2
pp5/pp5_transluent_embossed/IMG20220603093930.jpg,pp5,pp5_transluent_embossed,ric1-ric5-v6,canny,none,0.0,False,[],42.71
pp5/pp5_transluent_embossed/IMG20220603093930.jpg,pp5,pp5_transluent_embossed,yolov8,clahe_canny,none,0.0,False,[],43.14
pp5/pp5_transluent_embossed/IMG20220603093930.jpg,pp5,pp5_transluent_embossed,ric1-v5,clahe_canny,none,0.0,False,[],41.39
pp5/pp5_transluent_embossed/IMG20220603093930.jpg,pp5,pp5_transluent_embossed,ric5-v1,clahe_canny,pp5,0.5511,True,"[{""label"": ""pp5"", ""confidence"": 0.5511061549186707, ""bbox"": [235, 289, 336, 357]}]",41.95
pp5/pp5_transluent_embossed/IMG20220603093930.jpg,pp5,pp5_transluent_embossed,ric1-ric5-v6,clahe_canny,none,0.0,False,[],42.3
pp5/pp5_transluent_embossed/IMG20220603094216.jpg,pp5,pp5_transluent_embossed,yolov8,baseline,none,0.0,False,[],42.95
pp5/pp5_transluent_embossed/IMG20220603094216.jpg,pp5,pp5_transluent_embossed,ric1-v5,baseline,none,0.0,False,[],41.25
pp5/pp5_transluent_embossed/IMG20220603094216.jpg,pp5,pp5_transluent_embossed,ric5-v1,baseline,none,0.0,False,[],41.82
pp5/pp5_transluent_embossed/IMG20220603094216.jpg,pp5,pp5_transluent_embossed,ric1-ric5-v6,baseline,none,0.0,False,[],46.48
pp5/pp5_transluent_embossed/IMG20220603094216.jpg,pp5,pp5_transluent_embossed,yolov8,clahe,truck,0.2544,False,"[{""label"": ""truck"", ""confidence"": 0.2544458210468292, ""bbox"": [207, 310, 261, 380]}]",44.43
pp5/pp5_transluent_embossed/IMG20220603094216.jpg,pp5,pp5_transluent_embossed,ric1-v5,clahe,none,0.0,False,[],45.8
pp5/pp5_transluent_embossed/IMG20220603094216.jpg,pp5,pp5_transluent_embossed,ric5-v1,clahe,pp5,0.798,True,"[{""label"": ""pp5"", ""confidence"": 0.7980034947395325, ""bbox"": [211, 316, 256, 371]}, {""label"": ""pp5"", ""confidence"": 0.5399000644683838, ""bbox"": [267, 139, 337, 199]}]",45.99
pp5/pp5_transluent_embossed/IMG20220603094216.jpg,pp5,pp5_transluent_embossed,ric1-ric5-v6,clahe,none,0.0,False,[],41.74
pp5/pp5_transluent_embossed/IMG20220603094216.jpg,pp5,pp5_transluent_embossed,yolov8,canny,person,0.3889,False,"[{""label"": ""person"", ""confidence"": 0.388930082321167, ""bbox"": [53, 33, 354, 377]}]",44.23
pp5/pp5_transluent_embossed/IMG20220603094216.jpg,pp5,pp5_transluent_embossed,ric1-v5,canny,none,0.0,False,[],41.96
pp5/pp5_transluent_embossed/IMG20220603094216.jpg,pp5,pp5_transluent_embossed,ric5-v1,canny,none,0.0,False,[],41.2
pp5/pp5_transluent_embossed/IMG20220603094216.jpg,pp5,pp5_transluent_embossed,ric1-ric5-v6,canny,pp5,0.6029,True,"[{""label"": ""pp5"", ""confidence"": 0.6028993725776672, ""bbox"": [266, 141, 337, 216]}]",42.95
pp5/pp5_transluent_embossed/IMG20220603094216.jpg,pp5,pp5_transluent_embossed,yolov8,clahe_canny,none,0.0,False,[],43.0
pp5/pp5_transluent_embossed/IMG20220603094216.jpg,pp5,pp5_transluent_embossed,ric1-v5,clahe_canny,none,0.0,False,[],41.8
pp5/pp5_transluent_embossed/IMG20220603094216.jpg,pp5,pp5_transluent_embossed,ric5-v1,clahe_canny,pp5,0.8034,True,"[{""label"": ""pp5"", ""confidence"": 0.8033655285835266, ""bbox"": [198, 303, 270, 374]}, {""label"": ""pp5"", ""confidence"": 0.38060033321380615, ""bbox"": [130, 300, 195, 367]}]",42.81
pp5/pp5_transluent_embossed/IMG20220603094216.jpg,pp5,pp5_transluent_embossed,ric1-ric5-v6,clahe_canny,pp5,0.5242,True,"[{""label"": ""pp5"", ""confidence"": 0.5241613388061523, ""bbox"": [189, 302, 271, 375]}]",42.61
pp5/pp5_transluent_embossed/IMG_6247.jpg,pp5,pp5_transluent_embossed,yolov8,baseline,none,0.0,False,[],43.32
pp5/pp5_transluent_embossed/IMG_6247.jpg,pp5,pp5_transluent_embossed,ric1-v5,baseline,none,0.0,False,[],42.31
pp5/pp5_transluent_embossed/IMG_6247.jpg,pp5,pp5_transluent_embossed,ric5-v1,baseline,none,0.0,False,[],43.1
pp5/pp5_transluent_embossed/IMG_6247.jpg,pp5,pp5_transluent_embossed,ric1-ric5-v6,baseline,none,0.0,False,[],41.79
pp5/pp5_transluent_embossed/IMG_6247.jpg,pp5,pp5_transluent_embossed,yolov8,clahe,none,0.0,False,[],44.84
pp5/pp5_transluent_embossed/IMG_6247.jpg,pp5,pp5_transluent_embossed,ric1-v5,clahe,none,0.0,False,[],42.44
pp5/pp5_transluent_embossed/IMG_6247.jpg,pp5,pp5_transluent_embossed,ric5-v1,clahe,pp5,0.2573,True,"[{""label"": ""pp5"", ""confidence"": 0.257333368062973, ""bbox"": [25, 127, 47, 142]}]",42.33
pp5/pp5_transluent_embossed/IMG_6247.jpg,pp5,pp5_transluent_embossed,ric1-ric5-v6,clahe,none,0.0,False,[],42.78
pp5/pp5_transluent_embossed/IMG_6247.jpg,pp5,pp5_transluent_embossed,yolov8,canny,none,0.0,False,[],45.37
pp5/pp5_transluent_embossed/IMG_6247.jpg,pp5,pp5_transluent_embossed,ric1-v5,canny,none,0.0,False,[],44.74
pp5/pp5_transluent_embossed/IMG_6247.jpg,pp5,pp5_transluent_embossed,ric5-v1,canny,pp5,0.7861,True,"[{""label"": ""pp5"", ""confidence"": 0.7861328721046448, ""bbox"": [82, 138, 103, 172]}, {""label"": ""pp5"", ""confidence"": 0.5977587103843689, ""bbox"": [33, 78, 60, 112]}]",43.13
pp5/pp5_transluent_embossed/IMG_6247.jpg,pp5,pp5_transluent_embossed,ric1-ric5-v6,canny,none,0.0,False,[],44.6
pp5/pp5_transluent_embossed/IMG_6247.jpg,pp5,pp5_transluent_embossed,yolov8,clahe_canny,none,0.0,False,[],46.83
pp5/pp5_transluent_embossed/IMG_6247.jpg,pp5,pp5_transluent_embossed,ric1-v5,clahe_canny,pet1,0.3669,False,"[{""label"": ""pet1"", ""confidence"": 0.3668719232082367, ""bbox"": [67, 0, 108, 40]}, {""label"": ""pet1"", ""confidence"": 0.2842884361743927, ""bbox"": [0, 157, 25, 191]}]",43.72
pp5/pp5_transluent_embossed/IMG_6247.jpg,pp5,pp5_transluent_embossed,ric5-v1,clahe_canny,none,0.0,False,[],43.13
pp5/pp5_transluent_embossed/IMG_6247.jpg,pp5,pp5_transluent_embossed,ric1-ric5-v6,clahe_canny,none,0.0,False,[],42.24
pp5/pp5_transluent_embossed/IMG_6259.jpg,pp5,pp5_transluent_embossed,yolov8,baseline,none,0.0,False,[],44.54
pp5/pp5_transluent_embossed/IMG_6259.jpg,pp5,pp5_transluent_embossed,ric1-v5,baseline,none,0.0,False,[],42.89
pp5/pp5_transluent_embossed/IMG_6259.jpg,pp5,pp5_transluent_embossed,ric5-v1,baseline,none,0.0,False,[],41.94
pp5/pp5_transluent_embossed/IMG_6259.jpg,pp5,pp5_transluent_embossed,ric1-ric5-v6,baseline,none,0.0,False,[],42.69
pp5/pp5_transluent_embossed/IMG_6259.jpg,pp5,pp5_transluent_embossed,yolov8,clahe,none,0.0,False,[],44.61
pp5/pp5_transluent_embossed/IMG_6259.jpg,pp5,pp5_transluent_embossed,ric1-v5,clahe,none,0.0,False,[],41.48
pp5/pp5_transluent_embossed/IMG_6259.jpg,pp5,pp5_transluent_embossed,ric5-v1,clahe,none,0.0,False,[],43.59
pp5/pp5_transluent_embossed/IMG_6259.jpg,pp5,pp5_transluent_embossed,ric1-ric5-v6,clahe,none,0.0,False,[],42.42
pp5/pp5_transluent_embossed/IMG_6259.jpg,pp5,pp5_transluent_embossed,yolov8,canny,none,0.0,False,[],43.28
pp5/pp5_transluent_embossed/IMG_6259.jpg,pp5,pp5_transluent_embossed,ric1-v5,canny,none,0.0,False,[],41.82
pp5/pp5_transluent_embossed/IMG_6259.jpg,pp5,pp5_transluent_embossed,ric5-v1,canny,none,0.0,False,[],44.13
pp5/pp5_transluent_embossed/IMG_6259.jpg,pp5,pp5_transluent_embossed,ric1-ric5-v6,canny,none,0.0,False,[],41.68
pp5/pp5_transluent_embossed/IMG_6259.jpg,pp5,pp5_transluent_embossed,yolov8,clahe_canny,none,0.0,False,[],44.44
pp5/pp5_transluent_embossed/IMG_6259.jpg,pp5,pp5_transluent_embossed,ric1-v5,clahe_canny,none,0.0,False,[],42.92
pp5/pp5_transluent_embossed/IMG_6259.jpg,pp5,pp5_transluent_embossed,ric5-v1,clahe_canny,none,0.0,False,[],43.67
pp5/pp5_transluent_embossed/IMG_6259.jpg,pp5,pp5_transluent_embossed,ric1-ric5-v6,clahe_canny,none,0.0,False,[],45.56
pp5/pp5_transluent_embossed/IMG_6279.jpg,pp5,pp5_transluent_embossed,yolov8,baseline,none,0.0,False,[],44.43
pp5/pp5_transluent_embossed/IMG_6279.jpg,pp5,pp5_transluent_embossed,ric1-v5,baseline,none,0.0,False,[],45.19
pp5/pp5_transluent_embossed/IMG_6279.jpg,pp5,pp5_transluent_embossed,ric5-v1,baseline,none,0.0,False,[],46.19
pp5/pp5_transluent_embossed/IMG_6279.jpg,pp5,pp5_transluent_embossed,ric1-ric5-v6,baseline,none,0.0,False,[],43.07
pp5/pp5_transluent_embossed/IMG_6279.jpg,pp5,pp5_transluent_embossed,yolov8,clahe,none,0.0,False,[],45.94
pp5/pp5_transluent_embossed/IMG_6279.jpg,pp5,pp5_transluent_embossed,ric1-v5,clahe,none,0.0,False,[],41.6
pp5/pp5_transluent_embossed/IMG_6279.jpg,pp5,pp5_transluent_embossed,ric5-v1,clahe,pp5,0.8004,True,"[{""label"": ""pp5"", ""confidence"": 0.800355076789856, ""bbox"": [101, 99, 127, 121]}]",42.05
pp5/pp5_transluent_embossed/IMG_6279.jpg,pp5,pp5_transluent_embossed,ric1-ric5-v6,clahe,none,0.0,False,[],42.54
pp5/pp5_transluent_embossed/IMG_6279.jpg,pp5,pp5_transluent_embossed,yolov8,canny,none,0.0,False,[],43.82
pp5/pp5_transluent_embossed/IMG_6279.jpg,pp5,pp5_transluent_embossed,ric1-v5,canny,none,0.0,False,[],42.54
pp5/pp5_transluent_embossed/IMG_6279.jpg,pp5,pp5_transluent_embossed,ric5-v1,canny,pp5,0.5872,True,"[{""label"": ""pp5"", ""confidence"": 0.5871625542640686, ""bbox"": [81, 128, 134, 186]}]",43.51
pp5/pp5_transluent_embossed/IMG_6279.jpg,pp5,pp5_transluent_embossed,ric1-ric5-v6,canny,none,0.0,False,[],63.32
pp5/pp5_transluent_embossed/IMG_6279.jpg,pp5,pp5_transluent_embossed,yolov8,clahe_canny,none,0.0,False,[],47.84
pp5/pp5_transluent_embossed/IMG_6279.jpg,pp5,pp5_transluent_embossed,ric1-v5,clahe_canny,none,0.0,False,[],44.77
pp5/pp5_transluent_embossed/IMG_6279.jpg,pp5,pp5_transluent_embossed,ric5-v1,clahe_canny,none,0.0,False,[],41.82
pp5/pp5_transluent_embossed/IMG_6279.jpg,pp5,pp5_transluent_embossed,ric1-ric5-v6,clahe_canny,none,0.0,False,[],43.47
pp5/pp5_transluent_embossed/IMG_6281.jpg,pp5,pp5_transluent_embossed,yolov8,baseline,none,0.0,False,[],44.63
pp5/pp5_transluent_embossed/IMG_6281.jpg,pp5,pp5_transluent_embossed,ric1-v5,baseline,none,0.0,False,[],42.8
pp5/pp5_transluent_embossed/IMG_6281.jpg,pp5,pp5_transluent_embossed,ric5-v1,baseline,none,0.0,False,[],41.55
pp5/pp5_transluent_embossed/IMG_6281.jpg,pp5,pp5_transluent_embossed,ric1-ric5-v6,baseline,pp5,0.458,True,"[{""label"": ""pp5"", ""confidence"": 0.4579896032810211, ""bbox"": [96, 111, 117, 129]}]",40.61
pp5/pp5_transluent_embossed/IMG_6281.jpg,pp5,pp5_transluent_embossed,yolov8,clahe,none,0.0,False,[],45.88
pp5/pp5_transluent_embossed/IMG_6281.jpg,pp5,pp5_transluent_embossed,ric1-v5,clahe,none,0.0,False,[],46.02
pp5/pp5_transluent_embossed/IMG_6281.jpg,pp5,pp5_transluent_embossed,ric5-v1,clahe,none,0.0,False,[],44.34
pp5/pp5_transluent_embossed/IMG_6281.jpg,pp5,pp5_transluent_embossed,ric1-ric5-v6,clahe,none,0.0,False,[],45.59
pp5/pp5_transluent_embossed/IMG_6281.jpg,pp5,pp5_transluent_embossed,yolov8,canny,person,0.4013,False,"[{""label"": ""person"", ""confidence"": 0.4013451337814331, ""bbox"": [63, 54, 134, 141]}]",44.86
pp5/pp5_transluent_embossed/IMG_6281.jpg,pp5,pp5_transluent_embossed,ric1-v5,canny,none,0.0,False,[],42.98
pp5/pp5_transluent_embossed/IMG_6281.jpg,pp5,pp5_transluent_embossed,ric5-v1,canny,none,0.0,False,[],41.73
pp5/pp5_transluent_embossed/IMG_6281.jpg,pp5,pp5_transluent_embossed,ric1-ric5-v6,canny,none,0.0,False,[],43.57
pp5/pp5_transluent_embossed/IMG_6281.jpg,pp5,pp5_transluent_embossed,yolov8,clahe_canny,none,0.0,False,[],44.26
pp5/pp5_transluent_embossed/IMG_6281.jpg,pp5,pp5_transluent_embossed,ric1-v5,clahe_canny,none,0.0,False,[],43.33
pp5/pp5_transluent_embossed/IMG_6281.jpg,pp5,pp5_transluent_embossed,ric5-v1,clahe_canny,pp5,0.774,True,"[{""label"": ""pp5"", ""confidence"": 0.7740442156791687, ""bbox"": [85, 144, 136, 196]}, {""label"": ""pp5"", ""confidence"": 0.5462315678596497, ""bbox"": [69, 139, 139, 196]}, {""label"": ""pp5"", ""confidence"": 0.45549413561820984, ""bbox"": [75, 143, 125, 197]}, {""label"": ""pp5"", ""confidence"": 0.31183677911758423, ""bbox"": [77, 144, 106, 198]}]",42.75
pp5/pp5_transluent_embossed/IMG_6281.jpg,pp5,pp5_transluent_embossed,ric1-ric5-v6,clahe_canny,none,0.0,False,[],42.28
pp5/pp5_transluent_embossed/IMG_6282.jpg,pp5,pp5_transluent_embossed,yolov8,baseline,none,0.0,False,[],45.89
pp5/pp5_transluent_embossed/IMG_6282.jpg,pp5,pp5_transluent_embossed,ric1-v5,baseline,none,0.0,False,[],41.2
pp5/pp5_transluent_embossed/IMG_6282.jpg,pp5,pp5_transluent_embossed,ric5-v1,baseline,none,0.0,False,[],43.04
pp5/pp5_transluent_embossed/IMG_6282.jpg,pp5,pp5_transluent_embossed,ric1-ric5-v6,baseline,none,0.0,False,[],41.89
pp5/pp5_transluent_embossed/IMG_6282.jpg,pp5,pp5_transluent_embossed,yolov8,clahe,none,0.0,False,[],44.51
pp5/pp5_transluent_embossed/IMG_6282.jpg,pp5,pp5_transluent_embossed,ric1-v5,clahe,none,0.0,False,[],42.59
pp5/pp5_transluent_embossed/IMG_6282.jpg,pp5,pp5_transluent_embossed,ric5-v1,clahe,none,0.0,False,[],42.19
pp5/pp5_transluent_embossed/IMG_6282.jpg,pp5,pp5_transluent_embossed,ric1-ric5-v6,clahe,none,0.0,False,[],41.98
pp5/pp5_transluent_embossed/IMG_6282.jpg,pp5,pp5_transluent_embossed,yolov8,canny,none,0.0,False,[],44.55
pp5/pp5_transluent_embossed/IMG_6282.jpg,pp5,pp5_transluent_embossed,ric1-v5,canny,none,0.0,False,[],46.17
pp5/pp5_transluent_embossed/IMG_6282.jpg,pp5,pp5_transluent_embossed,ric5-v1,canny,none,0.0,False,[],44.96
pp5/pp5_transluent_embossed/IMG_6282.jpg,pp5,pp5_transluent_embossed,ric1-ric5-v6,canny,none,0.0,False,[],45.17
pp5/pp5_transluent_embossed/IMG_6282.jpg,pp5,pp5_transluent_embossed,yolov8,clahe_canny,none,0.0,False,[],45.26
pp5/pp5_transluent_embossed/IMG_6282.jpg,pp5,pp5_transluent_embossed,ric1-v5,clahe_canny,none,0.0,False,[],46.54
pp5/pp5_transluent_embossed/IMG_6282.jpg,pp5,pp5_transluent_embossed,ric5-v1,clahe_canny,none,0.0,False,[],46.13
pp5/pp5_transluent_embossed/IMG_6282.jpg,pp5,pp5_transluent_embossed,ric1-ric5-v6,clahe_canny,none,0.0,False,[],43.76
pp5/pp5_transluent_embossed/IMG_6283.jpg,pp5,pp5_transluent_embossed,yolov8,baseline,none,0.0,False,[],44.37
pp5/pp5_transluent_embossed/IMG_6283.jpg,pp5,pp5_transluent_embossed,ric1-v5,baseline,none,0.0,False,[],42.25
pp5/pp5_transluent_embossed/IMG_6283.jpg,pp5,pp5_transluent_embossed,ric5-v1,baseline,none,0.0,False,[],42.41
pp5/pp5_transluent_embossed/IMG_6283.jpg,pp5,pp5_transluent_embossed,ric1-ric5-v6,baseline,none,0.0,False,[],42.02
pp5/pp5_transluent_embossed/IMG_6283.jpg,pp5,pp5_transluent_embossed,yolov8,clahe,truck,0.338,False,"[{""label"": ""truck"", ""confidence"": 0.3379752039909363, ""bbox"": [28, 1, 196, 223]}]",45.09
pp5/pp5_transluent_embossed/IMG_6283.jpg,pp5,pp5_transluent_embossed,ric1-v5,clahe,pet1,0.5175,False,"[{""label"": ""pet1"", ""confidence"": 0.5174672603607178, ""bbox"": [73, 213, 102, 223]}]",43.02
pp5/pp5_transluent_embossed/IMG_6283.jpg,pp5,pp5_transluent_embossed,ric5-v1,clahe,none,0.0,False,[],41.75
pp5/pp5_transluent_embossed/IMG_6283.jpg,pp5,pp5_transluent_embossed,ric1-ric5-v6,clahe,none,0.0,False,[],42.15
pp5/pp5_transluent_embossed/IMG_6283.jpg,pp5,pp5_transluent_embossed,yolov8,canny,none,0.0,False,[],45.14
pp5/pp5_transluent_embossed/IMG_6283.jpg,pp5,pp5_transluent_embossed,ric1-v5,canny,none,0.0,False,[],41.39
pp5/pp5_transluent_embossed/IMG_6283.jpg,pp5,pp5_transluent_embossed,ric5-v1,canny,none,0.0,False,[],43.31
pp5/pp5_transluent_embossed/IMG_6283.jpg,pp5,pp5_transluent_embossed,ric1-ric5-v6,canny,none,0.0,False,[],42.67
pp5/pp5_transluent_embossed/IMG_6283.jpg,pp5,pp5_transluent_embossed,yolov8,clahe_canny,none,0.0,False,[],44.03
pp5/pp5_transluent_embossed/IMG_6283.jpg,pp5,pp5_transluent_embossed,ric1-v5,clahe_canny,none,0.0,False,[],44.21
pp5/pp5_transluent_embossed/IMG_6283.jpg,pp5,pp5_transluent_embossed,ric5-v1,clahe_canny,none,0.0,False,[],42.52
pp5/pp5_transluent_embossed/IMG_6283.jpg,pp5,pp5_transluent_embossed,ric1-ric5-v6,clahe_canny,none,0.0,False,[],43.61
pp5/pp5_transluent_embossed/IMG_6320.jpg,pp5,pp5_transluent_embossed,yolov8,baseline,none,0.0,False,[],45.4
pp5/pp5_transluent_embossed/IMG_6320.jpg,pp5,pp5_transluent_embossed,ric1-v5,baseline,none,0.0,False,[],44.91
pp5/pp5_transluent_embossed/IMG_6320.jpg,pp5,pp5_transluent_embossed,ric5-v1,baseline,none,0.0,False,[],44.19
pp5/pp5_transluent_embossed/IMG_6320.jpg,pp5,pp5_transluent_embossed,ric1-ric5-v6,baseline,none,0.0,False,[],44.33
pp5/pp5_transluent_embossed/IMG_6320.jpg,pp5,pp5_transluent_embossed,yolov8,clahe,none,0.0,False,[],45.45
pp5/pp5_transluent_embossed/IMG_6320.jpg,pp5,pp5_transluent_embossed,ric1-v5,clahe,pet1,0.4872,False,"[{""label"": ""pet1"", ""confidence"": 0.4872206151485443, ""bbox"": [206, 139, 223, 184]}]",42.12
pp5/pp5_transluent_embossed/IMG_6320.jpg,pp5,pp5_transluent_embossed,ric5-v1,clahe,none,0.0,False,[],41.89
pp5/pp5_transluent_embossed/IMG_6320.jpg,pp5,pp5_transluent_embossed,ric1-ric5-v6,clahe,none,0.0,False,[],44.19
pp5/pp5_transluent_embossed/IMG_6320.jpg,pp5,pp5_transluent_embossed,yolov8,canny,none,0.0,False,[],44.52
pp5/pp5_transluent_embossed/IMG_6320.jpg,pp5,pp5_transluent_embossed,ric1-v5,canny,none,0.0,False,[],42.97
pp5/pp5_transluent_embossed/IMG_6320.jpg,pp5,pp5_transluent_embossed,ric5-v1,canny,pp5,0.7345,True,"[{""label"": ""pp5"", ""confidence"": 0.7345343828201294, ""bbox"": [69, 83, 99, 105]}]",43.93
pp5/pp5_transluent_embossed/IMG_6320.jpg,pp5,pp5_transluent_embossed,ric1-ric5-v6,canny,none,0.0,False,[],42.01
pp5/pp5_transluent_embossed/IMG_6320.jpg,pp5,pp5_transluent_embossed,yolov8,clahe_canny,none,0.0,False,[],44.45
pp5/pp5_transluent_embossed/IMG_6320.jpg,pp5,pp5_transluent_embossed,ric1-v5,clahe_canny,pet1,0.5138,False,"[{""label"": ""pet1"", ""confidence"": 0.5137723684310913, ""bbox"": [0, 0, 20, 17]}, {""label"": ""pet1"", ""confidence"": 0.48516809940338135, ""bbox"": [69, 81, 105, 135]}]",41.5
pp5/pp5_transluent_embossed/IMG_6320.jpg,pp5,pp5_transluent_embossed,ric5-v1,clahe_canny,none,0.0,False,[],42.97
pp5/pp5_transluent_embossed/IMG_6320.jpg,pp5,pp5_transluent_embossed,ric1-ric5-v6,clahe_canny,none,0.0,False,[],41.6
pp5/pp5_transluent_embossed/IMG_6343.jpg,pp5,pp5_transluent_embossed,yolov8,baseline,none,0.0,False,[],44.55
pp5/pp5_transluent_embossed/IMG_6343.jpg,pp5,pp5_transluent_embossed,ric1-v5,baseline,none,0.0,False,[],42.35
pp5/pp5_transluent_embossed/IMG_6343.jpg,pp5,pp5_transluent_embossed,ric5-v1,baseline,pp5,0.4992,True,"[{""label"": ""pp5"", ""confidence"": 0.4992341101169586, ""bbox"": [110, 158, 137, 188]}, {""label"": ""pp5"", ""confidence"": 0.34391269087791443, ""bbox"": [91, 159, 134, 188]}]",42.41
pp5/pp5_transluent_embossed/IMG_6343.jpg,pp5,pp5_transluent_embossed,ric1-ric5-v6,baseline,none,0.0,False,[],43.51
pp5/pp5_transluent_embossed/IMG_6343.jpg,pp5,pp5_transluent_embossed,yolov8,clahe,motorcycle,0.5309,False,"[{""label"": ""motorcycle"", ""confidence"": 0.5308670997619629, ""bbox"": [66, 47, 167, 145]}]",44.59
pp5/pp5_transluent_embossed/IMG_6343.jpg,pp5,pp5_transluent_embossed,ric1-v5,clahe,none,0.0,False,[],43.2
pp5/pp5_transluent_embossed/IMG_6343.jpg,pp5,pp5_transluent_embossed,ric5-v1,clahe,pp5,0.3698,True,"[{""label"": ""pp5"", ""confidence"": 0.36975687742233276, ""bbox"": [98, 113, 110, 121]}]",45.2
pp5/pp5_transluent_embossed/IMG_6343.jpg,pp5,pp5_transluent_embossed,ric1-ric5-v6,clahe,pp5,0.2897,True,"[{""label"": ""pp5"", ""confidence"": 0.2897307276725769, ""bbox"": [89, 27, 106, 42]}]",45.46
pp5/pp5_transluent_embossed/IMG_6343.jpg,pp5,pp5_transluent_embossed,yolov8,canny,person,0.3919,False,"[{""label"": ""person"", ""confidence"": 0.3919212818145752, ""bbox"": [65, 47, 167, 147]}]",47.43
pp5/pp5_transluent_embossed/IMG_6343.jpg,pp5,pp5_transluent_embossed,ric1-v5,canny,pet1,0.7121,False,"[{""label"": ""pet1"", ""confidence"": 0.7121180295944214, ""bbox"": [149, 161, 191, 203]}]",45.3
pp5/pp5_transluent_embossed/IMG_6343.jpg,pp5,pp5_transluent_embossed,ric5-v1,canny,pp5,0.4046,True,"[{""label"": ""pp5"", ""confidence"": 0.40459054708480835, ""bbox"": [80, 158, 117, 188]}, {""label"": ""pp5"", ""confidence"": 0.27093565464019775, ""bbox"": [80, 158, 138, 188]}]",44.0
pp5/pp5_transluent_embossed/IMG_6343.jpg,pp5,pp5_transluent_embossed,ric1-ric5-v6,canny,none,0.0,False,[],43.13
pp5/pp5_transluent_embossed/IMG_6343.jpg,pp5,pp5_transluent_embossed,yolov8,clahe_canny,none,0.0,False,[],43.17
pp5/pp5_transluent_embossed/IMG_6343.jpg,pp5,pp5_transluent_embossed,ric1-v5,clahe_canny,none,0.0,False,[],41.7
pp5/pp5_transluent_embossed/IMG_6343.jpg,pp5,pp5_transluent_embossed,ric5-v1,clahe_canny,none,0.0,False,[],41.8
pp5/pp5_transluent_embossed/IMG_6343.jpg,pp5,pp5_transluent_embossed,ric1-ric5-v6,clahe_canny,none,0.0,False,[],42.39
pp5/pp5_transluent_embossed/IMG_6999.jpg,pp5,pp5_transluent_embossed,yolov8,baseline,none,0.0,False,[],45.2
pp5/pp5_transluent_embossed/IMG_6999.jpg,pp5,pp5_transluent_embossed,ric1-v5,baseline,none,0.0,False,[],43.03
pp5/pp5_transluent_embossed/IMG_6999.jpg,pp5,pp5_transluent_embossed,ric5-v1,baseline,none,0.0,False,[],42.22
pp5/pp5_transluent_embossed/IMG_6999.jpg,pp5,pp5_transluent_embossed,ric1-ric5-v6,baseline,pp5,0.3616,True,"[{""label"": ""pp5"", ""confidence"": 0.3616107106208801, ""bbox"": [64, 83, 111, 129]}]",41.58
pp5/pp5_transluent_embossed/IMG_6999.jpg,pp5,pp5_transluent_embossed,yolov8,clahe,none,0.0,False,[],43.9
pp5/pp5_transluent_embossed/IMG_6999.jpg,pp5,pp5_transluent_embossed,ric1-v5,clahe,pet1,0.6087,False,"[{""label"": ""pet1"", ""confidence"": 0.6086729764938354, ""bbox"": [210, 3, 223, 36]}]",42.38
pp5/pp5_transluent_embossed/IMG_6999.jpg,pp5,pp5_transluent_embossed,ric5-v1,clahe,none,0.0,False,[],43.02
pp5/pp5_transluent_embossed/IMG_6999.jpg,pp5,pp5_transluent_embossed,ric1-ric5-v6,clahe,none,0.0,False,[],43.32
pp5/pp5_transluent_embossed/IMG_6999.jpg,pp5,pp5_transluent_embossed,yolov8,canny,skateboard,0.2875,False,"[{""label"": ""skateboard"", ""confidence"": 0.28751903772354126, ""bbox"": [39, 141, 100, 153]}, {""label"": ""traffic light"", ""confidence"": 0.25125551223754883, ""bbox"": [113, 196, 121, 210]}]",42.84
pp5/pp5_transluent_embossed/IMG_6999.jpg,pp5,pp5_transluent_embossed,ric1-v5,canny,none,0.0,False,[],42.62
pp5/pp5_transluent_embossed/IMG_6999.jpg,pp5,pp5_transluent_embossed,ric5-v1,canny,pp5,0.6987,True,"[{""label"": ""pp5"", ""confidence"": 0.6986859440803528, ""bbox"": [182, 0, 223, 55]}]",42.29
pp5/pp5_transluent_embossed/IMG_6999.jpg,pp5,pp5_transluent_embossed,ric1-ric5-v6,canny,none,0.0,False,[],42.46
pp5/pp5_transluent_embossed/IMG_6999.jpg,pp5,pp5_transluent_embossed,yolov8,clahe_canny,none,0.0,False,[],43.92
pp5/pp5_transluent_embossed/IMG_6999.jpg,pp5,pp5_transluent_embossed,ric1-v5,clahe_canny,none,0.0,False,[],49.19
pp5/pp5_transluent_embossed/IMG_6999.jpg,pp5,pp5_transluent_embossed,ric5-v1,clahe_canny,none,0.0,False,[],45.2
pp5/pp5_transluent_embossed/IMG_6999.jpg,pp5,pp5_transluent_embossed,ric1-ric5-v6,clahe_canny,none,0.0,False,[],46.66
pp5/pp5_transluent_embossed/IMG_8042.jpg,pp5,pp5_transluent_embossed,yolov8,baseline,person,0.387,False,"[{""label"": ""person"", ""confidence"": 0.38702109456062317, ""bbox"": [55, 25, 177, 191]}]",46.05
pp5/pp5_transluent_embossed/IMG_8042.jpg,pp5,pp5_transluent_embossed,ric1-v5,baseline,pet1,0.5984,False,"[{""label"": ""pet1"", ""confidence"": 0.5984032154083252, ""bbox"": [77, 78, 116, 122]}]",42.01
pp5/pp5_transluent_embossed/IMG_8042.jpg,pp5,pp5_transluent_embossed,ric5-v1,baseline,none,0.0,False,[],42.43
pp5/pp5_transluent_embossed/IMG_8042.jpg,pp5,pp5_transluent_embossed,ric1-ric5-v6,baseline,none,0.0,False,[],41.75
pp5/pp5_transluent_embossed/IMG_8042.jpg,pp5,pp5_transluent_embossed,yolov8,clahe,none,0.0,False,[],66.77
pp5/pp5_transluent_embossed/IMG_8042.jpg,pp5,pp5_transluent_embossed,ric1-v5,clahe,pet1,0.522,False,"[{""label"": ""pet1"", ""confidence"": 0.521956205368042, ""bbox"": [26, 55, 59, 90]}]",42.91
pp5/pp5_transluent_embossed/IMG_8042.jpg,pp5,pp5_transluent_embossed,ric5-v1,clahe,none,0.0,False,[],42.81
pp5/pp5_transluent_embossed/IMG_8042.jpg,pp5,pp5_transluent_embossed,ric1-ric5-v6,clahe,none,0.0,False,[],41.94
pp5/pp5_transluent_embossed/IMG_8042.jpg,pp5,pp5_transluent_embossed,yolov8,canny,none,0.0,False,[],43.49
pp5/pp5_transluent_embossed/IMG_8042.jpg,pp5,pp5_transluent_embossed,ric1-v5,canny,none,0.0,False,[],43.53
pp5/pp5_transluent_embossed/IMG_8042.jpg,pp5,pp5_transluent_embossed,ric5-v1,canny,pp5,0.5149,True,"[{""label"": ""pp5"", ""confidence"": 0.5149475336074829, ""bbox"": [101, 131, 144, 169]}, {""label"": ""pp5"", ""confidence"": 0.46461746096611023, ""bbox"": [93, 123, 145, 168]}]",40.85
pp5/pp5_transluent_embossed/IMG_8042.jpg,pp5,pp5_transluent_embossed,ric1-ric5-v6,canny,none,0.0,False,[],41.49
pp5/pp5_transluent_embossed/IMG_8042.jpg,pp5,pp5_transluent_embossed,yolov8,clahe_canny,none,0.0,False,[],43.38
pp5/pp5_transluent_embossed/IMG_8042.jpg,pp5,pp5_transluent_embossed,ric1-v5,clahe_canny,pet1,0.4381,False,"[{""label"": ""pet1"", ""confidence"": 0.43811720609664917, ""bbox"": [179, 188, 220, 221]}]",41.27
pp5/pp5_transluent_embossed/IMG_8042.jpg,pp5,pp5_transluent_embossed,ric5-v1,clahe_canny,pp5,0.2551,True,"[{""label"": ""pp5"", ""confidence"": 0.2551405131816864, ""bbox"": [119, 77, 155, 113]}]",43.59
pp5/pp5_transluent_embossed/IMG_8042.jpg,pp5,pp5_transluent_embossed,ric1-ric5-v6,clahe_canny,none,0.0,False,[],44.2
pp5/pp5_transluent_embossed/IMG_9728.jpg,pp5,pp5_transluent_embossed,yolov8,baseline,none,0.0,False,[],42.64
pp5/pp5_transluent_embossed/IMG_9728.jpg,pp5,pp5_transluent_embossed,ric1-v5,baseline,none,0.0,False,[],44.07
pp5/pp5_transluent_embossed/IMG_9728.jpg,pp5,pp5_transluent_embossed,ric5-v1,baseline,none,0.0,False,[],49.1
pp5/pp5_transluent_embossed/IMG_9728.jpg,pp5,pp5_transluent_embossed,ric1-ric5-v6,baseline,none,0.0,False,[],43.94
pp5/pp5_transluent_embossed/IMG_9728.jpg,pp5,pp5_transluent_embossed,yolov8,clahe,none,0.0,False,[],46.21
pp5/pp5_transluent_embossed/IMG_9728.jpg,pp5,pp5_transluent_embossed,ric1-v5,clahe,none,0.0,False,[],46.05
pp5/pp5_transluent_embossed/IMG_9728.jpg,pp5,pp5_transluent_embossed,ric5-v1,clahe,none,0.0,False,[],46.61
pp5/pp5_transluent_embossed/IMG_9728.jpg,pp5,pp5_transluent_embossed,ric1-ric5-v6,clahe,none,0.0,False,[],44.25
pp5/pp5_transluent_embossed/IMG_9728.jpg,pp5,pp5_transluent_embossed,yolov8,canny,none,0.0,False,[],44.67
pp5/pp5_transluent_embossed/IMG_9728.jpg,pp5,pp5_transluent_embossed,ric1-v5,canny,none,0.0,False,[],42.47
pp5/pp5_transluent_embossed/IMG_9728.jpg,pp5,pp5_transluent_embossed,ric5-v1,canny,none,0.0,False,[],41.97
pp5/pp5_transluent_embossed/IMG_9728.jpg,pp5,pp5_transluent_embossed,ric1-ric5-v6,canny,none,0.0,False,[],43.48
pp5/pp5_transluent_embossed/IMG_9728.jpg,pp5,pp5_transluent_embossed,yolov8,clahe_canny,none,0.0,False,[],46.18
pp5/pp5_transluent_embossed/IMG_9728.jpg,pp5,pp5_transluent_embossed,ric1-v5,clahe_canny,none,0.0,False,[],42.24
pp5/pp5_transluent_embossed/IMG_9728.jpg,pp5,pp5_transluent_embossed,ric5-v1,clahe_canny,pp5,0.7231,True,"[{""label"": ""pp5"", ""confidence"": 0.7231251001358032, ""bbox"": [90, 144, 129, 175]}, {""label"": ""pp5"", ""confidence"": 0.28049930930137634, ""bbox"": [90, 119, 129, 175]}]",41.22
pp5/pp5_transluent_embossed/IMG_9728.jpg,pp5,pp5_transluent_embossed,ric1-ric5-v6,clahe_canny,pp5,0.8437,True,"[{""label"": ""pp5"", ""confidence"": 0.8436821699142456, ""bbox"": [90, 143, 128, 174]}]",41.48
pp5/pp5_transluent_embossed/IMG_9732.jpg,pp5,pp5_transluent_embossed,yolov8,baseline,none,0.0,False,[],44.58
pp5/pp5_transluent_embossed/IMG_9732.jpg,pp5,pp5_transluent_embossed,ric1-v5,baseline,none,0.0,False,[],42.8
pp5/pp5_transluent_embossed/IMG_9732.jpg,pp5,pp5_transluent_embossed,ric5-v1,baseline,none,0.0,False,[],42.07
pp5/pp5_transluent_embossed/IMG_9732.jpg,pp5,pp5_transluent_embossed,ric1-ric5-v6,baseline,none,0.0,False,[],42.5
pp5/pp5_transluent_embossed/IMG_9732.jpg,pp5,pp5_transluent_embossed,yolov8,clahe,none,0.0,False,[],43.26
pp5/pp5_transluent_embossed/IMG_9732.jpg,pp5,pp5_transluent_embossed,ric1-v5,clahe,none,0.0,False,[],41.98
pp5/pp5_transluent_embossed/IMG_9732.jpg,pp5,pp5_transluent_embossed,ric5-v1,clahe,none,0.0,False,[],46.09
pp5/pp5_transluent_embossed/IMG_9732.jpg,pp5,pp5_transluent_embossed,ric1-ric5-v6,clahe,none,0.0,False,[],45.51
pp5/pp5_transluent_embossed/IMG_9732.jpg,pp5,pp5_transluent_embossed,yolov8,canny,person,0.4944,False,"[{""label"": ""person"", ""confidence"": 0.49441343545913696, ""bbox"": [60, 78, 92, 121]}]",49.97
pp5/pp5_transluent_embossed/IMG_9732.jpg,pp5,pp5_transluent_embossed,ric1-v5,canny,none,0.0,False,[],44.59
pp5/pp5_transluent_embossed/IMG_9732.jpg,pp5,pp5_transluent_embossed,ric5-v1,canny,none,0.0,False,[],45.12
pp5/pp5_transluent_embossed/IMG_9732.jpg,pp5,pp5_transluent_embossed,ric1-ric5-v6,canny,none,0.0,False,[],45.8
pp5/pp5_transluent_embossed/IMG_9732.jpg,pp5,pp5_transluent_embossed,yolov8,clahe_canny,none,0.0,False,[],46.4
pp5/pp5_transluent_embossed/IMG_9732.jpg,pp5,pp5_transluent_embossed,ric1-v5,clahe_canny,none,0.0,False,[],41.89
pp5/pp5_transluent_embossed/IMG_9732.jpg,pp5,pp5_transluent_embossed,ric5-v1,clahe_canny,none,0.0,False,[],42.2
pp5/pp5_transluent_embossed/IMG_9732.jpg,pp5,pp5_transluent_embossed,ric1-ric5-v6,clahe_canny,none,0.0,False,[],42.32
pp5/pp5_transluent_embossed/IMG_9741.jpg,pp5,pp5_transluent_embossed,yolov8,baseline,none,0.0,False,[],43.05
pp5/pp5_transluent_embossed/IMG_9741.jpg,pp5,pp5_transluent_embossed,ric1-v5,baseline,none,0.0,False,[],43.49
pp5/pp5_transluent_embossed/IMG_9741.jpg,pp5,pp5_transluent_embossed,ric5-v1,baseline,none,0.0,False,[],43.46
pp5/pp5_transluent_embossed/IMG_9741.jpg,pp5,pp5_transluent_embossed,ric1-ric5-v6,baseline,pp5,0.5585,True,"[{""label"": ""pp5"", ""confidence"": 0.55845046043396, ""bbox"": [95, 159, 130, 182]}, {""label"": ""pp5"", ""confidence"": 0.4086318016052246, ""bbox"": [68, 96, 135, 151]}]",41.93
pp5/pp5_transluent_embossed/IMG_9741.jpg,pp5,pp5_transluent_embossed,yolov8,clahe,car,0.2578,False,"[{""label"": ""car"", ""confidence"": 0.2577921450138092, ""bbox"": [95, 159, 134, 185]}]",45.01
pp5/pp5_transluent_embossed/IMG_9741.jpg,pp5,pp5_transluent_embossed,ric1-v5,clahe,none,0.0,False,[],42.81
pp5/pp5_transluent_embossed/IMG_9741.jpg,pp5,pp5_transluent_embossed,ric5-v1,clahe,pp5,0.2984,True,"[{""label"": ""pp5"", ""confidence"": 0.29835519194602966, ""bbox"": [98, 162, 129, 183]}]",42.28
pp5/pp5_transluent_embossed/IMG_9741.jpg,pp5,pp5_transluent_embossed,ric1-ric5-v6,clahe,pp5,0.3854,True,"[{""label"": ""pp5"", ""confidence"": 0.3853609263896942, ""bbox"": [95, 155, 130, 183]}]",42.54
pp5/pp5_transluent_embossed/IMG_9741.jpg,pp5,pp5_transluent_embossed,yolov8,canny,none,0.0,False,[],45.47
pp5/pp5_transluent_embossed/IMG_9741.jpg,pp5,pp5_transluent_embossed,ric1-v5,canny,none,0.0,False,[],42.66
pp5/pp5_transluent_embossed/IMG_9741.jpg,pp5,pp5_transluent_embossed,ric5-v1,canny,none,0.0,False,[],43.68
pp5/pp5_transluent_embossed/IMG_9741.jpg,pp5,pp5_transluent_embossed,ric1-ric5-v6,canny,none,0.0,False,[],42.87
pp5/pp5_transluent_embossed/IMG_9741.jpg,pp5,pp5_transluent_embossed,yolov8,clahe_canny,none,0.0,False,[],45.28
pp5/pp5_transluent_embossed/IMG_9741.jpg,pp5,pp5_transluent_embossed,ric1-v5,clahe_canny,none,0.0,False,[],43.05
pp5/pp5_transluent_embossed/IMG_9741.jpg,pp5,pp5_transluent_embossed,ric5-v1,clahe_canny,none,0.0,False,[],50.06
pp5/pp5_transluent_embossed/IMG_9741.jpg,pp5,pp5_transluent_embossed,ric1-ric5-v6,clahe_canny,none,0.0,False,[],44.99
pp5/pp5_transluent_embossed/IMG_E6418.jpg,pp5,pp5_transluent_embossed,yolov8,baseline,sports ball,0.3548,False,"[{""label"": ""sports ball"", ""confidence"": 0.3548350930213928, ""bbox"": [140, 142, 190, 193]}, {""label"": ""toilet"", ""confidence"": 0.2724454700946808, ""bbox"": [140, 142, 190, 196]}]",48.67
pp5/pp5_transluent_embossed/IMG_E6418.jpg,pp5,pp5_transluent_embossed,ric1-v5,baseline,none,0.0,False,[],48.82
pp5/pp5_transluent_embossed/IMG_E6418.jpg,pp5,pp5_transluent_embossed,ric5-v1,baseline,pp5,0.3255,True,"[{""label"": ""pp5"", ""confidence"": 0.3255261480808258, ""bbox"": [140, 142, 182, 169]}]",42.96
pp5/pp5_transluent_embossed/IMG_E6418.jpg,pp5,pp5_transluent_embossed,ric1-ric5-v6,baseline,none,0.0,False,[],41.97
pp5/pp5_transluent_embossed/IMG_E6418.jpg,pp5,pp5_transluent_embossed,yolov8,clahe,train,0.3091,False,"[{""label"": ""train"", ""confidence"": 0.3090805113315582, ""bbox"": [4, 0, 223, 72]}, {""label"": ""fire hydrant"", ""confidence"": 0.25325244665145874, ""bbox"": [140, 141, 189, 193]}]",43.62
pp5/pp5_transluent_embossed/IMG_E6418.jpg,pp5,pp5_transluent_embossed,ric1-v5,clahe,none,0.0,False,[],42.14
pp5/pp5_transluent_embossed/IMG_E6418.jpg,pp5,pp5_transluent_embossed,ric5-v1,clahe,none,0.0,False,[],42.18
pp5/pp5_transluent_embossed/IMG_E6418.jpg,pp5,pp5_transluent_embossed,ric1-ric5-v6,clahe,none,0.0,False,[],43.28
pp5/pp5_transluent_embossed/IMG_E6418.jpg,pp5,pp5_transluent_embossed,yolov8,canny,clock,0.2533,False,"[{""label"": ""clock"", ""confidence"": 0.25329354405403137, ""bbox"": [77, 66, 149, 135]}]",44.5
pp5/pp5_transluent_embossed/IMG_E6418.jpg,pp5,pp5_transluent_embossed,ric1-v5,canny,none,0.0,False,[],41.69
pp5/pp5_transluent_embossed/IMG_E6418.jpg,pp5,pp5_transluent_embossed,ric5-v1,canny,none,0.0,False,[],42.68
pp5/pp5_transluent_embossed/IMG_E6418.jpg,pp5,pp5_transluent_embossed,ric1-ric5-v6,canny,none,0.0,False,[],42.54
pp5/pp5_transluent_embossed/IMG_E6418.jpg,pp5,pp5_transluent_embossed,yolov8,clahe_canny,none,0.0,False,[],44.32
pp5/pp5_transluent_embossed/IMG_E6418.jpg,pp5,pp5_transluent_embossed,ric1-v5,clahe_canny,pet1,0.2799,False,"[{""label"": ""pet1"", ""confidence"": 0.27986568212509155, ""bbox"": [109, 95, 144, 141]}]",42.54
pp5/pp5_transluent_embossed/IMG_E6418.jpg,pp5,pp5_transluent_embossed,ric5-v1,clahe_canny,none,0.0,False,[],40.56
pp5/pp5_transluent_embossed/IMG_E6418.jpg,pp5,pp5_transluent_embossed,ric1-ric5-v6,clahe_canny,none,0.0,False,[],43.71
pp5/pp5_transluent_embossed/IMG_E6459 (1).jpg,pp5,pp5_transluent_embossed,yolov8,baseline,none,0.0,False,[],44.35
pp5/pp5_transluent_embossed/IMG_E6459 (1).jpg,pp5,pp5_transluent_embossed,ric1-v5,baseline,none,0.0,False,[],42.54
pp5/pp5_transluent_embossed/IMG_E6459 (1).jpg,pp5,pp5_transluent_embossed,ric5-v1,baseline,none,0.0,False,[],42.28
pp5/pp5_transluent_embossed/IMG_E6459 (1).jpg,pp5,pp5_transluent_embossed,ric1-ric5-v6,baseline,none,0.0,False,[],41.33
pp5/pp5_transluent_embossed/IMG_E6459 (1).jpg,pp5,pp5_transluent_embossed,yolov8,clahe,none,0.0,False,[],48.38
pp5/pp5_transluent_embossed/IMG_E6459 (1).jpg,pp5,pp5_transluent_embossed,ric1-v5,clahe,none,0.0,False,[],43.52
pp5/pp5_transluent_embossed/IMG_E6459 (1).jpg,pp5,pp5_transluent_embossed,ric5-v1,clahe,none,0.0,False,[],45.15
pp5/pp5_transluent_embossed/IMG_E6459 (1).jpg,pp5,pp5_transluent_embossed,ric1-ric5-v6,clahe,none,0.0,False,[],44.6
pp5/pp5_transluent_embossed/IMG_E6459 (1).jpg,pp5,pp5_transluent_embossed,yolov8,canny,none,0.0,False,[],45.32
pp5/pp5_transluent_embossed/IMG_E6459 (1).jpg,pp5,pp5_transluent_embossed,ric1-v5,canny,none,0.0,False,[],41.85
pp5/pp5_transluent_embossed/IMG_E6459 (1).jpg,pp5,pp5_transluent_embossed,ric5-v1,canny,none,0.0,False,[],42.04
pp5/pp5_transluent_embossed/IMG_E6459 (1).jpg,pp5,pp5_transluent_embossed,ric1-ric5-v6,canny,none,0.0,False,[],67.35
pp5/pp5_transluent_embossed/IMG_E6459 (1).jpg,pp5,pp5_transluent_embossed,yolov8,clahe_canny,none,0.0,False,[],45.44
pp5/pp5_transluent_embossed/IMG_E6459 (1).jpg,pp5,pp5_transluent_embossed,ric1-v5,clahe_canny,none,0.0,False,[],46.56
pp5/pp5_transluent_embossed/IMG_E6459 (1).jpg,pp5,pp5_transluent_embossed,ric5-v1,clahe_canny,pp5,0.4548,True,"[{""label"": ""pp5"", ""confidence"": 0.454815149307251, ""bbox"": [180, 9, 257, 68]}]",43.23
pp5/pp5_transluent_embossed/IMG_E6459 (1).jpg,pp5,pp5_transluent_embossed,ric1-ric5-v6,clahe_canny,none,0.0,False,[],43.33
pp5/pp5_transluent_embossed/IMG_E6459 (2).jpg,pp5,pp5_transluent_embossed,yolov8,baseline,none,0.0,False,[],44.0
pp5/pp5_transluent_embossed/IMG_E6459 (2).jpg,pp5,pp5_transluent_embossed,ric1-v5,baseline,none,0.0,False,[],41.46
pp5/pp5_transluent_embossed/IMG_E6459 (2).jpg,pp5,pp5_transluent_embossed,ric5-v1,baseline,none,0.0,False,[],42.78
pp5/pp5_transluent_embossed/IMG_E6459 (2).jpg,pp5,pp5_transluent_embossed,ric1-ric5-v6,baseline,none,0.0,False,[],42.88
pp5/pp5_transluent_embossed/IMG_E6459 (2).jpg,pp5,pp5_transluent_embossed,yolov8,clahe,none,0.0,False,[],43.6
pp5/pp5_transluent_embossed/IMG_E6459 (2).jpg,pp5,pp5_transluent_embossed,ric1-v5,clahe,none,0.0,False,[],42.8
pp5/pp5_transluent_embossed/IMG_E6459 (2).jpg,pp5,pp5_transluent_embossed,ric5-v1,clahe,none,0.0,False,[],41.96
pp5/pp5_transluent_embossed/IMG_E6459 (2).jpg,pp5,pp5_transluent_embossed,ric1-ric5-v6,clahe,none,0.0,False,[],42.97
pp5/pp5_transluent_embossed/IMG_E6459 (2).jpg,pp5,pp5_transluent_embossed,yolov8,canny,none,0.0,False,[],44.28
pp5/pp5_transluent_embossed/IMG_E6459 (2).jpg,pp5,pp5_transluent_embossed,ric1-v5,canny,none,0.0,False,[],45.41
pp5/pp5_transluent_embossed/IMG_E6459 (2).jpg,pp5,pp5_transluent_embossed,ric5-v1,canny,none,0.0,False,[],43.11
pp5/pp5_transluent_embossed/IMG_E6459 (2).jpg,pp5,pp5_transluent_embossed,ric1-ric5-v6,canny,none,0.0,False,[],46.0
pp5/pp5_transluent_embossed/IMG_E6459 (2).jpg,pp5,pp5_transluent_embossed,yolov8,clahe_canny,none,0.0,False,[],46.82
pp5/pp5_transluent_embossed/IMG_E6459 (2).jpg,pp5,pp5_transluent_embossed,ric1-v5,clahe_canny,none,0.0,False,[],44.99
pp5/pp5_transluent_embossed/IMG_E6459 (2).jpg,pp5,pp5_transluent_embossed,ric5-v1,clahe_canny,pp5,0.4548,True,"[{""label"": ""pp5"", ""confidence"": 0.454815149307251, ""bbox"": [180, 9, 257, 68]}]",42.38
pp5/pp5_transluent_embossed/IMG_E6459 (2).jpg,pp5,pp5_transluent_embossed,ric1-ric5-v6,clahe_canny,none,0.0,False,[],42.39
pp5/pp5_transluent_embossed/IMG_E6459.jpg,pp5,pp5_transluent_embossed,yolov8,baseline,none,0.0,False,[],44.66
pp5/pp5_transluent_embossed/IMG_E6459.jpg,pp5,pp5_transluent_embossed,ric1-v5,baseline,pet1,0.4293,False,"[{""label"": ""pet1"", ""confidence"": 0.4292767345905304, ""bbox"": [103, 33, 131, 68]}]",41.86
pp5/pp5_transluent_embossed/IMG_E6459.jpg,pp5,pp5_transluent_embossed,ric5-v1,baseline,none,0.0,False,[],43.03
pp5/pp5_transluent_embossed/IMG_E6459.jpg,pp5,pp5_transluent_embossed,ric1-ric5-v6,baseline,none,0.0,False,[],42.09
pp5/pp5_transluent_embossed/IMG_E6459.jpg,pp5,pp5_transluent_embossed,yolov8,clahe,none,0.0,False,[],43.61
pp5/pp5_transluent_embossed/IMG_E6459.jpg,pp5,pp5_transluent_embossed,ric1-v5,clahe,none,0.0,False,[],41.75
pp5/pp5_transluent_embossed/IMG_E6459.jpg,pp5,pp5_transluent_embossed,ric5-v1,clahe,none,0.0,False,[],44.45
pp5/pp5_transluent_embossed/IMG_E6459.jpg,pp5,pp5_transluent_embossed,ric1-ric5-v6,clahe,none,0.0,False,[],43.05
pp5/pp5_transluent_embossed/IMG_E6459.jpg,pp5,pp5_transluent_embossed,yolov8,canny,none,0.0,False,[],45.46
pp5/pp5_transluent_embossed/IMG_E6459.jpg,pp5,pp5_transluent_embossed,ric1-v5,canny,pet1,0.2982,False,"[{""label"": ""pet1"", ""confidence"": 0.2982255518436432, ""bbox"": [0, 205, 32, 223]}]",42.14
pp5/pp5_transluent_embossed/IMG_E6459.jpg,pp5,pp5_transluent_embossed,ric5-v1,canny,pp5,0.4731,True,"[{""label"": ""pp5"", ""confidence"": 0.4731276333332062, ""bbox"": [72, 182, 131, 218]}, {""label"": ""pp5"", ""confidence"": 0.2592442035675049, ""bbox"": [86, 185, 130, 218]}]",43.31
pp5/pp5_transluent_embossed/IMG_E6459.jpg,pp5,pp5_transluent_embossed,ric1-ric5-v6,canny,none,0.0,False,[],43.11
pp5/pp5_transluent_embossed/IMG_E6459.jpg,pp5,pp5_transluent_embossed,yolov8,clahe_canny,none,0.0,False,[],44.37
pp5/pp5_transluent_embossed/IMG_E6459.jpg,pp5,pp5_transluent_embossed,ric1-v5,clahe_canny,pet1,0.5688,False,"[{""label"": ""pet1"", ""confidence"": 0.5688308477401733, ""bbox"": [0, 127, 22, 167]}]",42.58
pp5/pp5_transluent_embossed/IMG_E6459.jpg,pp5,pp5_transluent_embossed,ric5-v1,clahe_canny,none,0.0,False,[],42.83
pp5/pp5_transluent_embossed/IMG_E6459.jpg,pp5,pp5_transluent_embossed,ric1-ric5-v6,clahe_canny,none,0.0,False,[],45.25
pp5/pp5_transluent_embossed/IMG_E6472.jpg,pp5,pp5_transluent_embossed,yolov8,baseline,none,0.0,False,[],44.91
pp5/pp5_transluent_embossed/IMG_E6472.jpg,pp5,pp5_transluent_embossed,ric1-v5,baseline,none,0.0,False,[],46.2
pp5/pp5_transluent_embossed/IMG_E6472.jpg,pp5,pp5_transluent_embossed,ric5-v1,baseline,none,0.0,False,[],46.74
pp5/pp5_transluent_embossed/IMG_E6472.jpg,pp5,pp5_transluent_embossed,ric1-ric5-v6,baseline,none,0.0,False,[],43.98
pp5/pp5_transluent_embossed/IMG_E6472.jpg,pp5,pp5_transluent_embossed,yolov8,clahe,none,0.0,False,[],43.9
pp5/pp5_transluent_embossed/IMG_E6472.jpg,pp5,pp5_transluent_embossed,ric1-v5,clahe,none,0.0,False,[],43.1
pp5/pp5_transluent_embossed/IMG_E6472.jpg,pp5,pp5_transluent_embossed,ric5-v1,clahe,none,0.0,False,[],42.9
pp5/pp5_transluent_embossed/IMG_E6472.jpg,pp5,pp5_transluent_embossed,ric1-ric5-v6,clahe,pp5,0.276,True,"[{""label"": ""pp5"", ""confidence"": 0.2759536802768707, ""bbox"": [202, 126, 223, 141]}]",42.87
pp5/pp5_transluent_embossed/IMG_E6472.jpg,pp5,pp5_transluent_embossed,yolov8,canny,none,0.0,False,[],44.14
pp5/pp5_transluent_embossed/IMG_E6472.jpg,pp5,pp5_transluent_embossed,ric1-v5,canny,none,0.0,False,[],43.54
pp5/pp5_transluent_embossed/IMG_E6472.jpg,pp5,pp5_transluent_embossed,ric5-v1,canny,pp5,0.3615,True,"[{""label"": ""pp5"", ""confidence"": 0.361478716135025, ""bbox"": [75, 126, 145, 176]}]",42.07
pp5/pp5_transluent_embossed/IMG_E6472.jpg,pp5,pp5_transluent_embossed,ric1-ric5-v6,canny,none,0.0,False,[],43.95
pp5/pp5_transluent_embossed/IMG_E6472.jpg,pp5,pp5_transluent_embossed,yolov8,clahe_canny,none,0.0,False,[],43.11
pp5/pp5_transluent_embossed/IMG_E6472.jpg,pp5,pp5_transluent_embossed,ric1-v5,clahe_canny,pet1,0.575,False,"[{""label"": ""pet1"", ""confidence"": 0.5750340223312378, ""bbox"": [131, 74, 158, 111]}, {""label"": ""pet1"", ""confidence"": 0.3497595489025116, ""bbox"": [0, 28, 37, 80]}]",42.0
pp5/pp5_transluent_embossed/IMG_E6472.jpg,pp5,pp5_transluent_embossed,ric5-v1,clahe_canny,pp5,0.4178,True,"[{""label"": ""pp5"", ""confidence"": 0.4177778363227844, ""bbox"": [79, 140, 112, 189]}]",42.92
pp5/pp5_transluent_embossed/IMG_E6472.jpg,pp5,pp5_transluent_embossed,ric1-ric5-v6,clahe_canny,none,0.0,False,[],42.07
pp5/pp5_transluent_embossed/JOOK5776.jpg,pp5,pp5_transluent_embossed,yolov8,baseline,none,0.0,False,[],44.54
pp5/pp5_transluent_embossed/JOOK5776.jpg,pp5,pp5_transluent_embossed,ric1-v5,baseline,none,0.0,False,[],41.87
pp5/pp5_transluent_embossed/JOOK5776.jpg,pp5,pp5_transluent_embossed,ric5-v1,baseline,none,0.0,False,[],42.17
pp5/pp5_transluent_embossed/JOOK5776.jpg,pp5,pp5_transluent_embossed,ric1-ric5-v6,baseline,none,0.0,False,[],46.8
pp5/pp5_transluent_embossed/JOOK5776.jpg,pp5,pp5_transluent_embossed,yolov8,clahe,none,0.0,False,[],43.97
pp5/pp5_transluent_embossed/JOOK5776.jpg,pp5,pp5_transluent_embossed,ric1-v5,clahe,none,0.0,False,[],46.16
pp5/pp5_transluent_embossed/JOOK5776.jpg,pp5,pp5_transluent_embossed,ric5-v1,clahe,none,0.0,False,[],43.98
pp5/pp5_transluent_embossed/JOOK5776.jpg,pp5,pp5_transluent_embossed,ric1-ric5-v6,clahe,none,0.0,False,[],43.81
pp5/pp5_transluent_embossed/JOOK5776.jpg,pp5,pp5_transluent_embossed,yolov8,canny,none,0.0,False,[],48.86
pp5/pp5_transluent_embossed/JOOK5776.jpg,pp5,pp5_transluent_embossed,ric1-v5,canny,none,0.0,False,[],42.45
pp5/pp5_transluent_embossed/JOOK5776.jpg,pp5,pp5_transluent_embossed,ric5-v1,canny,none,0.0,False,[],42.55
pp5/pp5_transluent_embossed/JOOK5776.jpg,pp5,pp5_transluent_embossed,ric1-ric5-v6,canny,none,0.0,False,[],41.36
pp5/pp5_transluent_embossed/JOOK5776.jpg,pp5,pp5_transluent_embossed,yolov8,clahe_canny,bench,0.3344,False,"[{""label"": ""bench"", ""confidence"": 0.3344375193119049, ""bbox"": [111, 127, 170, 145]}]",45.29
pp5/pp5_transluent_embossed/JOOK5776.jpg,pp5,pp5_transluent_embossed,ric1-v5,clahe_canny,none,0.0,False,[],41.92
pp5/pp5_transluent_embossed/JOOK5776.jpg,pp5,pp5_transluent_embossed,ric5-v1,clahe_canny,none,0.0,False,[],42.25
pp5/pp5_transluent_embossed/JOOK5776.jpg,pp5,pp5_transluent_embossed,ric1-ric5-v6,clahe_canny,none,0.0,False,[],43.09
pp5/pp5_transluent_embossed/LFTH2818.jpg,pp5,pp5_transluent_embossed,yolov8,baseline,none,0.0,False,[],45.4
pp5/pp5_transluent_embossed/LFTH2818.jpg,pp5,pp5_transluent_embossed,ric1-v5,baseline,none,0.0,False,[],42.33
pp5/pp5_transluent_embossed/LFTH2818.jpg,pp5,pp5_transluent_embossed,ric5-v1,baseline,none,0.0,False,[],41.29
pp5/pp5_transluent_embossed/LFTH2818.jpg,pp5,pp5_transluent_embossed,ric1-ric5-v6,baseline,none,0.0,False,[],41.95
pp5/pp5_transluent_embossed/LFTH2818.jpg,pp5,pp5_transluent_embossed,yolov8,clahe,none,0.0,False,[],43.89
pp5/pp5_transluent_embossed/LFTH2818.jpg,pp5,pp5_transluent_embossed,ric1-v5,clahe,none,0.0,False,[],41.77
pp5/pp5_transluent_embossed/LFTH2818.jpg,pp5,pp5_transluent_embossed,ric5-v1,clahe,none,0.0,False,[],41.75
pp5/pp5_transluent_embossed/LFTH2818.jpg,pp5,pp5_transluent_embossed,ric1-ric5-v6,clahe,none,0.0,False,[],41.7
pp5/pp5_transluent_embossed/LFTH2818.jpg,pp5,pp5_transluent_embossed,yolov8,canny,airplane,0.3575,False,"[{""label"": ""airplane"", ""confidence"": 0.3574647605419159, ""bbox"": [42, 139, 53, 160]}]",43.76
pp5/pp5_transluent_embossed/LFTH2818.jpg,pp5,pp5_transluent_embossed,ric1-v5,canny,none,0.0,False,[],44.15
pp5/pp5_transluent_embossed/LFTH2818.jpg,pp5,pp5_transluent_embossed,ric5-v1,canny,none,0.0,False,[],42.39
pp5/pp5_transluent_embossed/LFTH2818.jpg,pp5,pp5_transluent_embossed,ric1-ric5-v6,canny,none,0.0,False,[],46.07
pp5/pp5_transluent_embossed/LFTH2818.jpg,pp5,pp5_transluent_embossed,yolov8,clahe_canny,none,0.0,False,[],45.07
pp5/pp5_transluent_embossed/LFTH2818.jpg,pp5,pp5_transluent_embossed,ric1-v5,clahe_canny,pet1,0.4008,False,"[{""label"": ""pet1"", ""confidence"": 0.40079978108406067, ""bbox"": [0, 34, 26, 75]}]",45.26
pp5/pp5_transluent_embossed/LFTH2818.jpg,pp5,pp5_transluent_embossed,ric5-v1,clahe_canny,pp5,0.3513,True,"[{""label"": ""pp5"", ""confidence"": 0.3513430058956146, ""bbox"": [0, 27, 44, 69]}, {""label"": ""pp5"", ""confidence"": 0.27894753217697144, ""bbox"": [0, 79, 25, 116]}]",47.17
pp5/pp5_transluent_embossed/LFTH2818.jpg,pp5,pp5_transluent_embossed,ric1-ric5-v6,clahe_canny,none,0.0,False,[],43.92
pp5/pp5_transluent_embossed/RFFD3362.jpg,pp5,pp5_transluent_embossed,yolov8,baseline,none,0.0,False,[],44.13
pp5/pp5_transluent_embossed/RFFD3362.jpg,pp5,pp5_transluent_embossed,ric1-v5,baseline,none,0.0,False,[],41.65
pp5/pp5_transluent_embossed/RFFD3362.jpg,pp5,pp5_transluent_embossed,ric5-v1,baseline,none,0.0,False,[],42.6
pp5/pp5_transluent_embossed/RFFD3362.jpg,pp5,pp5_transluent_embossed,ric1-ric5-v6,baseline,none,0.0,False,[],41.96
pp5/pp5_transluent_embossed/RFFD3362.jpg,pp5,pp5_transluent_embossed,yolov8,clahe,none,0.0,False,[],44.8
pp5/pp5_transluent_embossed/RFFD3362.jpg,pp5,pp5_transluent_embossed,ric1-v5,clahe,none,0.0,False,[],41.65
pp5/pp5_transluent_embossed/RFFD3362.jpg,pp5,pp5_transluent_embossed,ric5-v1,clahe,none,0.0,False,[],42.31
pp5/pp5_transluent_embossed/RFFD3362.jpg,pp5,pp5_transluent_embossed,ric1-ric5-v6,clahe,none,0.0,False,[],42.42
pp5/pp5_transluent_embossed/RFFD3362.jpg,pp5,pp5_transluent_embossed,yolov8,canny,airplane,0.7145,False,"[{""label"": ""airplane"", ""confidence"": 0.7145193815231323, ""bbox"": [111, 188, 128, 197]}, {""label"": ""kite"", ""confidence"": 0.6810292601585388, ""bbox"": [54, 82, 75, 110]}, {""label"": ""kite"", ""confidence"": 0.46471887826919556, ""bbox"": [102, 85, 113, 94]}, {""label"": ""traffic light"", ""confidence"": 0.2533699870109558, ""bbox"": [110, 13, 137, 30]}]",43.95
pp5/pp5_transluent_embossed/RFFD3362.jpg,pp5,pp5_transluent_embossed,ric1-v5,canny,none,0.0,False,[],41.56
pp5/pp5_transluent_embossed/RFFD3362.jpg,pp5,pp5_transluent_embossed,ric5-v1,canny,none,0.0,False,[],42.45
pp5/pp5_transluent_embossed/RFFD3362.jpg,pp5,pp5_transluent_embossed,ric1-ric5-v6,canny,none,0.0,False,[],42.15
pp5/pp5_transluent_embossed/RFFD3362.jpg,pp5,pp5_transluent_embossed,yolov8,clahe_canny,none,0.0,False,[],43.49
pp5/pp5_transluent_embossed/RFFD3362.jpg,pp5,pp5_transluent_embossed,ric1-v5,clahe_canny,pet1,0.288,False,"[{""label"": ""pet1"", ""confidence"": 0.2879871726036072, ""bbox"": [91, 65, 128, 104]}]",41.98
pp5/pp5_transluent_embossed/RFFD3362.jpg,pp5,pp5_transluent_embossed,ric5-v1,clahe_canny,pp5,0.6017,True,"[{""label"": ""pp5"", ""confidence"": 0.6017076969146729, ""bbox"": [93, 175, 137, 210]}]",42.35
pp5/pp5_transluent_embossed/RFFD3362.jpg,pp5,pp5_transluent_embossed,ric1-ric5-v6,clahe_canny,none,0.0,False,[],42.51
pp5/pp5_transluent_embossed/TJQA9093.jpg,pp5,pp5_transluent_embossed,yolov8,baseline,none,0.0,False,[],44.41
pp5/pp5_transluent_embossed/TJQA9093.jpg,pp5,pp5_transluent_embossed,ric1-v5,baseline,none,0.0,False,[],46.6
pp5/pp5_transluent_embossed/TJQA9093.jpg,pp5,pp5_transluent_embossed,ric5-v1,baseline,none,0.0,False,[],43.41
pp5/pp5_transluent_embossed/TJQA9093.jpg,pp5,pp5_transluent_embossed,ric1-ric5-v6,baseline,pp5,0.6508,True,"[{""label"": ""pp5"", ""confidence"": 0.6507998704910278, ""bbox"": [126, 170, 147, 207]}, {""label"": ""pp5"", ""confidence"": 0.3564061224460602, ""bbox"": [171, 127, 206, 165]}]",44.97
pp5/pp5_transluent_embossed/TJQA9093.jpg,pp5,pp5_transluent_embossed,yolov8,clahe,none,0.0,False,[],47.22
pp5/pp5_transluent_embossed/TJQA9093.jpg,pp5,pp5_transluent_embossed,ric1-v5,clahe,pet1,0.6695,False,"[{""label"": ""pet1"", ""confidence"": 0.6694871187210083, ""bbox"": [125, 170, 149, 205]}, {""label"": ""pet1"", ""confidence"": 0.6465960741043091, ""bbox"": [87, 164, 123, 208]}, {""label"": ""pet1"", ""confidence"": 0.3126910626888275, ""bbox"": [46, 148, 89, 206]}]",44.22
pp5/pp5_transluent_embossed/TJQA9093.jpg,pp5,pp5_transluent_embossed,ric5-v1,clahe,pp5,0.3045,True,"[{""label"": ""pp5"", ""confidence"": 0.3044946491718292, ""bbox"": [58, 101, 90, 134]}]",42.48
pp5/pp5_transluent_embossed/TJQA9093.jpg,pp5,pp5_transluent_embossed,ric1-ric5-v6,clahe,pp5,0.4188,True,"[{""label"": ""pp5"", ""confidence"": 0.41881173849105835, ""bbox"": [21, 28, 83, 77]}]",42.19
pp5/pp5_transluent_embossed/TJQA9093.jpg,pp5,pp5_transluent_embossed,yolov8,canny,none,0.0,False,[],43.58
pp5/pp5_transluent_embossed/TJQA9093.jpg,pp5,pp5_transluent_embossed,ric1-v5,canny,none,0.0,False,[],42.4
pp5/pp5_transluent_embossed/TJQA9093.jpg,pp5,pp5_transluent_embossed,ric5-v1,canny,none,0.0,False,[],43.72
pp5/pp5_transluent_embossed/TJQA9093.jpg,pp5,pp5_transluent_embossed,ric1-ric5-v6,canny,none,0.0,False,[],42.98
pp5/pp5_transluent_embossed/TJQA9093.jpg,pp5,pp5_transluent_embossed,yolov8,clahe_canny,none,0.0,False,[],44.89
pp5/pp5_transluent_embossed/TJQA9093.jpg,pp5,pp5_transluent_embossed,ric1-v5,clahe_canny,none,0.0,False,[],42.73
pp5/pp5_transluent_embossed/TJQA9093.jpg,pp5,pp5_transluent_embossed,ric5-v1,clahe_canny,pp5,0.5839,True,"[{""label"": ""pp5"", ""confidence"": 0.5839136838912964, ""bbox"": [87, 170, 121, 208]}, {""label"": ""pp5"", ""confidence"": 0.28495529294013977, ""bbox"": [87, 158, 131, 208]}]",42.57
pp5/pp5_transluent_embossed/TJQA9093.jpg,pp5,pp5_transluent_embossed,ric1-ric5-v6,clahe_canny,none,0.0,False,[],42.4
pp5/pp5_transluent_embossed/VPLA6740.jpg,pp5,pp5_transluent_embossed,yolov8,baseline,none,0.0,False,[],44.06
pp5/pp5_transluent_embossed/VPLA6740.jpg,pp5,pp5_transluent_embossed,ric1-v5,baseline,none,0.0,False,[],41.34
pp5/pp5_transluent_embossed/VPLA6740.jpg,pp5,pp5_transluent_embossed,ric5-v1,baseline,none,0.0,False,[],42.7
pp5/pp5_transluent_embossed/VPLA6740.jpg,pp5,pp5_transluent_embossed,ric1-ric5-v6,baseline,none,0.0,False,[],42.99
pp5/pp5_transluent_embossed/VPLA6740.jpg,pp5,pp5_transluent_embossed,yolov8,clahe,none,0.0,False,[],44.47
pp5/pp5_transluent_embossed/VPLA6740.jpg,pp5,pp5_transluent_embossed,ric1-v5,clahe,none,0.0,False,[],43.58
pp5/pp5_transluent_embossed/VPLA6740.jpg,pp5,pp5_transluent_embossed,ric5-v1,clahe,none,0.0,False,[],41.25
pp5/pp5_transluent_embossed/VPLA6740.jpg,pp5,pp5_transluent_embossed,ric1-ric5-v6,clahe,none,0.0,False,[],45.74
pp5/pp5_transluent_embossed/VPLA6740.jpg,pp5,pp5_transluent_embossed,yolov8,canny,none,0.0,False,[],46.82
pp5/pp5_transluent_embossed/VPLA6740.jpg,pp5,pp5_transluent_embossed,ric1-v5,canny,none,0.0,False,[],44.11
pp5/pp5_transluent_embossed/VPLA6740.jpg,pp5,pp5_transluent_embossed,ric5-v1,canny,none,0.0,False,[],45.0
pp5/pp5_transluent_embossed/VPLA6740.jpg,pp5,pp5_transluent_embossed,ric1-ric5-v6,canny,none,0.0,False,[],43.93
pp5/pp5_transluent_embossed/VPLA6740.jpg,pp5,pp5_transluent_embossed,yolov8,clahe_canny,none,0.0,False,[],42.43
pp5/pp5_transluent_embossed/VPLA6740.jpg,pp5,pp5_transluent_embossed,ric1-v5,clahe_canny,pet1,0.3074,False,"[{""label"": ""pet1"", ""confidence"": 0.307417631149292, ""bbox"": [130, 0, 168, 22]}]",42.26
pp5/pp5_transluent_embossed/VPLA6740.jpg,pp5,pp5_transluent_embossed,ric5-v1,clahe_canny,pp5,0.4239,True,"[{""label"": ""pp5"", ""confidence"": 0.4239337742328644, ""bbox"": [106, 91, 141, 128]}]",42.59
pp5/pp5_transluent_embossed/VPLA6740.jpg,pp5,pp5_transluent_embossed,ric1-ric5-v6,clahe_canny,none,0.0,False,[],41.1
pp5/pp5_transluent_embossed/VXNF9927.jpg,pp5,pp5_transluent_embossed,yolov8,baseline,none,0.0,False,[],45.2
pp5/pp5_transluent_embossed/VXNF9927.jpg,pp5,pp5_transluent_embossed,ric1-v5,baseline,none,0.0,False,[],43.14
pp5/pp5_transluent_embossed/VXNF9927.jpg,pp5,pp5_transluent_embossed,ric5-v1,baseline,pp5,0.6034,True,"[{""label"": ""pp5"", ""confidence"": 0.6034285426139832, ""bbox"": [97, 103, 107, 111]}]",42.44
pp5/pp5_transluent_embossed/VXNF9927.jpg,pp5,pp5_transluent_embossed,ric1-ric5-v6,baseline,none,0.0,False,[],42.64
pp5/pp5_transluent_embossed/VXNF9927.jpg,pp5,pp5_transluent_embossed,yolov8,clahe,none,0.0,False,[],43.63
pp5/pp5_transluent_embossed/VXNF9927.jpg,pp5,pp5_transluent_embossed,ric1-v5,clahe,none,0.0,False,[],42.73
pp5/pp5_transluent_embossed/VXNF9927.jpg,pp5,pp5_transluent_embossed,ric5-v1,clahe,none,0.0,False,[],42.15
pp5/pp5_transluent_embossed/VXNF9927.jpg,pp5,pp5_transluent_embossed,ric1-ric5-v6,clahe,none,0.0,False,[],42.74
pp5/pp5_transluent_embossed/VXNF9927.jpg,pp5,pp5_transluent_embossed,yolov8,canny,none,0.0,False,[],43.35
pp5/pp5_transluent_embossed/VXNF9927.jpg,pp5,pp5_transluent_embossed,ric1-v5,canny,none,0.0,False,[],43.18
pp5/pp5_transluent_embossed/VXNF9927.jpg,pp5,pp5_transluent_embossed,ric5-v1,canny,none,0.0,False,[],42.21
pp5/pp5_transluent_embossed/VXNF9927.jpg,pp5,pp5_transluent_embossed,ric1-ric5-v6,canny,none,0.0,False,[],42.86
pp5/pp5_transluent_embossed/VXNF9927.jpg,pp5,pp5_transluent_embossed,yolov8,clahe_canny,none,0.0,False,[],43.88
pp5/pp5_transluent_embossed/VXNF9927.jpg,pp5,pp5_transluent_embossed,ric1-v5,clahe_canny,none,0.0,False,[],46.93
pp5/pp5_transluent_embossed/VXNF9927.jpg,pp5,pp5_transluent_embossed,ric5-v1,clahe_canny,none,0.0,False,[],45.63
pp5/pp5_transluent_embossed/VXNF9927.jpg,pp5,pp5_transluent_embossed,ric1-ric5-v6,clahe_canny,none,0.0,False,[],43.54
pp5/pp5_transluent_embossed/XXIG2696.jpg,pp5,pp5_transluent_embossed,yolov8,baseline,none,0.0,False,[],47.85
pp5/pp5_transluent_embossed/XXIG2696.jpg,pp5,pp5_transluent_embossed,ric1-v5,baseline,none,0.0,False,[],44.26
pp5/pp5_transluent_embossed/XXIG2696.jpg,pp5,pp5_transluent_embossed,ric5-v1,baseline,none,0.0,False,[],42.18
pp5/pp5_transluent_embossed/XXIG2696.jpg,pp5,pp5_transluent_embossed,ric1-ric5-v6,baseline,none,0.0,False,[],42.28
pp5/pp5_transluent_embossed/XXIG2696.jpg,pp5,pp5_transluent_embossed,yolov8,clahe,none,0.0,False,[],43.54
pp5/pp5_transluent_embossed/XXIG2696.jpg,pp5,pp5_transluent_embossed,ric1-v5,clahe,none,0.0,False,[],43.71
pp5/pp5_transluent_embossed/XXIG2696.jpg,pp5,pp5_transluent_embossed,ric5-v1,clahe,none,0.0,False,[],42.43
pp5/pp5_transluent_embossed/XXIG2696.jpg,pp5,pp5_transluent_embossed,ric1-ric5-v6,clahe,none,0.0,False,[],43.61
pp5/pp5_transluent_embossed/XXIG2696.jpg,pp5,pp5_transluent_embossed,yolov8,canny,airplane,0.6222,False,"[{""label"": ""airplane"", ""confidence"": 0.6221940517425537, ""bbox"": [111, 99, 134, 112]}]",44.5
pp5/pp5_transluent_embossed/XXIG2696.jpg,pp5,pp5_transluent_embossed,ric1-v5,canny,none,0.0,False,[],43.2
pp5/pp5_transluent_embossed/XXIG2696.jpg,pp5,pp5_transluent_embossed,ric5-v1,canny,none,0.0,False,[],42.65
pp5/pp5_transluent_embossed/XXIG2696.jpg,pp5,pp5_transluent_embossed,ric1-ric5-v6,canny,none,0.0,False,[],42.41
pp5/pp5_transluent_embossed/XXIG2696.jpg,pp5,pp5_transluent_embossed,yolov8,clahe_canny,skateboard,0.284,False,"[{""label"": ""skateboard"", ""confidence"": 0.2840127944946289, ""bbox"": [44, 135, 72, 147]}]",45.44
pp5/pp5_transluent_embossed/XXIG2696.jpg,pp5,pp5_transluent_embossed,ric1-v5,clahe_canny,none,0.0,False,[],41.93
pp5/pp5_transluent_embossed/XXIG2696.jpg,pp5,pp5_transluent_embossed,ric5-v1,clahe_canny,none,0.0,False,[],42.53
pp5/pp5_transluent_embossed/XXIG2696.jpg,pp5,pp5_transluent_embossed,ric1-ric5-v6,clahe_canny,none,0.0,False,[],42.64
